事件,事件日期,基准指数,Stkcd,Alpha,Beta,估计窗口观测值,"CAR[-1,+1]","窗口交易日数[-1,+1]","CAR[-3,+3]","窗口交易日数[-3,+3]","CAR[-5,+5]","窗口交易日数[-5,+5]",股票代码,冻结Layer,机器建议与原始Layer是否冲突
DeepSeek-V3_2024-12-26,2024-12-26,000001.SH,977,0.0013044323636749,1.4837285302299892,221,-0.0145086154399979,3,0.0066807246533379,7,0.0583507757780276,11,000977,上游,是
DeepSeek-V3_2024-12-26,2024-12-26,000001.SH,988,0.0002979458994443,1.6117767323475012,221,0.0714689703997447,3,0.0699324325584911,7,0.1287134119019431,11,000988,上游,是
DeepSeek-V3_2024-12-26,2024-12-26,000001.SH,997,-8.739710217222916e-05,1.5325328095928394,221,-0.0286139581269004,3,-0.0293606146126689,7,-0.0161741902825042,11,000997,中游,否
DeepSeek-V3_2024-12-26,2024-12-26,000001.SH,2049,-0.0001791174462429,1.4892355820315073,221,0.0001883930978974,3,-0.058027131758007,7,-0.0231299653619101,11,002049,上游,否
DeepSeek-V3_2024-12-26,2024-12-26,000001.SH,2065,0.0005758654670314,1.335419839590877,221,-0.0127787161186261,3,-0.0823409677267363,7,-0.0980630002402022,11,002065,下游,是
DeepSeek-V3_2024-12-26,2024-12-26,000001.SH,2131,-0.0011669764931971,1.3446141191672445,221,-0.0360056856350462,3,-0.283652241327624,7,-0.1796264577855194,11,002131,下游,否
DeepSeek-V3_2024-12-26,2024-12-26,000001.SH,2230,-0.0001596704825764,1.3264885784889722,221,-0.0081465800152588,3,-0.0598991663869004,7,-0.0562841274877569,11,002230,中游,否
DeepSeek-V3_2024-12-26,2024-12-26,000001.SH,2236,-0.0008893295685059,1.4058780536057085,221,0.0092142982912534,3,-0.0328328431920244,7,-0.0223111271751878,11,002236,中游,否
DeepSeek-V3_2024-12-26,2024-12-26,000001.SH,2253,0.0006783705787639,1.401755825063782,221,0.003866200426638,3,-0.1621421007726166,7,-0.1551017234234576,11,002253,中游,否
DeepSeek-V3_2024-12-26,2024-12-26,000001.SH,2281,0.0015274733250086,1.8294446085990996,221,-0.0106426395945111,3,-0.093421047953785,7,0.1024526333210024,11,002281,上游,否
DeepSeek-V3_2024-12-26,2024-12-26,000001.SH,2368,-0.0009905820560116,1.723926226704963,221,-0.0139321268333804,3,-0.0522571152008909,7,-0.0424558812741435,11,002368,下游,是
DeepSeek-V3_2024-12-26,2024-12-26,000001.SH,2371,0.0027125217307909,1.1094934039366071,221,-0.0008730078071378,3,-0.0700412997835678,7,-0.02337311660695,11,002371,上游,否
DeepSeek-V3_2024-12-26,2024-12-26,000001.SH,2405,-2.3809018573363888e-05,1.448190632303632,221,-0.0176251141875073,3,-0.0874915544730725,7,-0.0971125525508315,11,002405,中游,否
DeepSeek-V3_2024-12-26,2024-12-26,000001.SH,2415,-0.0006696855806167,1.034066377127442,221,0.010616961824325,3,0.0039577730025771,7,-0.0110209638840242,11,002415,中游,否
DeepSeek-V3_2024-12-26,2024-12-26,000001.SH,2439,-0.002406593117388,1.6715413841745232,221,6.04142742292868e-06,3,-0.0494539904043347,7,-0.0153931832065609,11,002439,下游,是
DeepSeek-V3_2024-12-26,2024-12-26,000001.SH,2463,0.0026007945101593,1.266850165088341,221,0.0352709557719287,3,0.0056782039705998,7,0.0419352894874772,11,002463,上游,否
DeepSeek-V3_2024-12-26,2024-12-26,000001.SH,2607,-0.0012651810064767,1.4127512011118255,221,-0.0241626312454993,3,-0.1244326772232042,7,-0.2348147985703164,11,002607,下游,否
DeepSeek-V3_2024-12-26,2024-12-26,000001.SH,2777,-0.0012555959351274,1.456436140684794,221,-0.0125849525089539,3,-0.0875268196585895,7,-0.0898737485739907,11,002777,中游,否
DeepSeek-V3_2024-12-26,2024-12-26,000001.SH,300020,-0.0051239000170298,1.7453398692105209,220,0.0247846534677838,3,-0.0142776709141342,7,0.1933053448294926,11,300020,下游,是
DeepSeek-V3_2024-12-26,2024-12-26,000001.SH,300033,0.0025870856168668,2.3862506108345456,221,-0.0158524823463255,3,-0.0661400549703816,7,-0.0481534601032603,11,300033,中游,是
DeepSeek-V3_2024-12-26,2024-12-26,000001.SH,300036,-0.0009496938811602,2.1261933376128552,221,-0.0141421817803453,3,-0.0708441413759239,7,-0.037150901280947,11,300036,下游,是
DeepSeek-V3_2024-12-26,2024-12-26,000001.SH,300058,-0.0001270584600179,2.0723761901355244,221,-0.0151198018353835,3,-0.1105268636156969,7,-0.1341286754715957,11,300058,下游,否
DeepSeek-V3_2024-12-26,2024-12-26,000001.SH,300075,-0.0004529982115475,1.9937405593845436,221,-0.0135407695512873,3,-0.0676597172027262,7,-0.0703504137898662,11,300075,下游,是
DeepSeek-V3_2024-12-26,2024-12-26,000001.SH,300078,-0.0011623975702518,2.216645308196774,221,-0.0220429832598118,3,-0.2011423977939463,7,-0.1593294639643441,11,300078,中游,是
DeepSeek-V3_2024-12-26,2024-12-26,000001.SH,300168,-0.0009262063254092,1.9395657504178727,221,0.0041361068252434,3,-0.0586635191119082,7,-0.0814057085543347,11,300168,下游,否
DeepSeek-V3_2024-12-26,2024-12-26,000001.SH,300170,-0.0001831800434804,2.113286498948852,221,-0.0107424182914243,3,-0.2148542300631715,7,-0.0841358427015122,11,300170,下游,是
DeepSeek-V3_2024-12-26,2024-12-26,000001.SH,300188,-0.001010595336376,2.241487979306732,221,-0.0276047470295844,3,-0.1536662798128169,7,-0.0742154278591915,11,300188,下游,是
DeepSeek-V3_2024-12-26,2024-12-26,000001.SH,300223,9.703451200151012e-05,1.934204611048204,221,-0.021682389609215,3,-0.0765106794279208,7,-0.0700662461336575,11,300223,上游,否
DeepSeek-V3_2024-12-26,2024-12-26,000001.SH,300229,-0.0011387441021207,2.425407094104986,221,0.0404266139793985,3,0.0089120736450517,7,0.0483128279392702,11,300229,中游,否
DeepSeek-V3_2024-12-26,2024-12-26,000001.SH,300253,-0.00041676825016,1.9044561753762508,221,-0.0078057510263013,3,-0.0872584835007408,7,-0.0677359527061321,11,300253,下游,是
DeepSeek-V3_2024-12-26,2024-12-26,000001.SH,300308,0.0023489167281214,1.9638108470170228,221,0.0297954758377665,3,-0.0307919350095641,7,0.076821637995575,11,300308,上游,否
DeepSeek-V3_2024-12-26,2024-12-26,000001.SH,300365,-0.0009250766521576,2.06349766556588,221,-0.0169887582672833,3,-0.115465729204883,7,-0.0661468366110596,11,300365,中游,否
DeepSeek-V3_2024-12-26,2024-12-26,000001.SH,300394,0.0024374428418424,1.7835219953482842,221,0.0556334604146263,3,-0.0770877120605495,7,-0.0474314232730967,11,300394,上游,否
DeepSeek-V3_2024-12-26,2024-12-26,000001.SH,300451,-0.0018663196902664,2.051994808118366,221,-0.0126855961908644,3,-0.1352177207651561,7,-0.1155334854883154,11,300451,中游,否
DeepSeek-V3_2024-12-26,2024-12-26,000001.SH,300474,0.000581310742797,1.9525602178657524,221,-0.0373496995549174,3,-0.048879971811367,7,0.0224670811626086,11,300474,上游,否
DeepSeek-V3_2024-12-26,2024-12-26,000001.SH,300476,0.0032444925429562,2.275817616800984,221,0.0881599799352559,3,-0.0634173306665715,7,0.0032302728104846,11,300476,上游,否
DeepSeek-V3_2024-12-26,2024-12-26,000001.SH,300496,-0.0019986951013103,1.8571325886888184,221,0.0402841954045637,3,-0.070006406965299,7,-0.0759216724362699,11,300496,中游,否
DeepSeek-V3_2024-12-26,2024-12-26,000001.SH,300502,0.0041132481057057,1.829395441798929,221,0.0446999578270599,3,-0.1218199868904786,7,-0.0482474026524843,11,300502,上游,否
DeepSeek-V3_2024-12-26,2024-12-26,000001.SH,300624,-0.0006827864285397,1.9611323917717296,221,0.011185212359344,3,-0.1290723702108133,7,-0.1045720545832638,11,300624,中游,否
DeepSeek-V3_2024-12-26,2024-12-26,000001.SH,300634,-0.0003971937664216,2.308363737738917,221,-0.0203122737849378,3,-0.1125988524136989,7,-0.0330473985182496,11,300634,中游,否
DeepSeek-V3_2024-12-26,2024-12-26,000001.SH,300781,0.0028260918074543,2.0836589457149164,217,-0.0464799261969749,3,-0.1774631981666427,7,-0.1478404727773556,11,300781,下游,否
DeepSeek-V3_2024-12-26,2024-12-26,000001.SH,300785,0.0008541038582694,2.3452372456245154,221,-0.1459724864749592,3,-0.2654283127792308,7,-0.1023978697986187,11,300785,下游,否
DeepSeek-V3_2024-12-26,2024-12-26,000001.SH,600183,0.0001857240171356,1.3915418668867838,221,0.0486777843956445,3,-0.0199181432779798,7,0.0040308007878668,11,600183,上游,否
DeepSeek-V3_2024-12-26,2024-12-26,000001.SH,600410,-0.0013760934674131,1.3676359961159152,221,-0.0375501702162081,3,-0.119757405896984,7,-0.131598097921556,11,600410,下游,是
DeepSeek-V3_2024-12-26,2024-12-26,000001.SH,600556,-0.0020203141878262,1.7165891885276363,221,-0.0109398897357013,3,-0.160039592961649,7,-0.2265251379023079,11,600556,下游,否
DeepSeek-V3_2024-12-26,2024-12-26,000001.SH,600570,-0.0001059578277204,1.438395882220112,221,-0.0104072400773619,3,-0.0597792305408032,7,-0.0850503777260117,11,600570,下游,否
DeepSeek-V3_2024-12-26,2024-12-26,000001.SH,603019,0.0026395033353469,1.3191918914298704,221,-0.0369592532807097,3,-0.0537473922234174,7,-0.0581484682800259,11,603019,上游,是
DeepSeek-V3_2024-12-26,2024-12-26,000001.SH,603160,0.0007164957293805,1.1767657712552884,221,-0.0065866094586088,3,-0.0667115701021928,7,-0.0564691130184285,11,603160,中游,是
DeepSeek-V3_2024-12-26,2024-12-26,000001.SH,603986,-0.0006091637192605,1.555547900345121,221,0.0363989599759962,3,-0.041573040716483,7,0.0962097897537447,11,603986,上游,否
DeepSeek-V3_2024-12-26,2024-12-26,000001.SH,688008,0.0002903911942829,1.6260383878019966,221,0.0474470291720016,3,-0.0503748112598734,7,0.0421532609156109,11,688008,上游,否
DeepSeek-V3_2024-12-26,2024-12-26,000001.SH,688012,0.0013442222125939,1.5556179684668636,221,-0.019583889539536,3,-0.0407084210844303,7,-0.0008891847925178,11,688012,上游,否
DeepSeek-V3_2024-12-26,2024-12-26,000001.SH,688023,-0.0032563629363177,2.035552390965989,221,-0.0510435991177115,3,-0.1377721723535355,7,-0.0699448854786505,11,688023,中游,否
DeepSeek-V3_2024-12-26,2024-12-26,000001.SH,688041,0.0017782193703598,1.5989696621176297,221,0.0946908142141636,3,0.136637718604104,7,0.1876218194659855,11,688041,上游,否
DeepSeek-V3_2024-12-26,2024-12-26,000001.SH,688088,-0.0014501354166963,2.2280161643846017,221,-0.0028762637995995,3,0.009229906292957,7,0.1274100029598601,11,688088,中游,否
DeepSeek-V3_2024-12-26,2024-12-26,000001.SH,688111,-0.0011486692094439,2.113031607826851,221,0.029310314084862,3,-0.0362013972087769,7,-0.0559387562583711,11,688111,中游,否
DeepSeek-V3_2024-12-26,2024-12-26,000001.SH,688228,-0.0018860979872505,2.4546255914030697,221,-0.0222699475975214,3,-0.1548474443111418,7,-0.0697068628922821,11,688228,下游,是
DeepSeek-V3_2024-12-26,2024-12-26,000001.SH,688256,0.0051916743276445,1.8978164137086888,221,-0.0301072812975158,3,-0.0515345489591029,7,0.0516275155670787,11,688256,上游,否
DeepSeek-V3_2024-12-26,2024-12-26,000001.SH,688327,-0.0023307063911825,2.4831484074852037,221,-0.0071522392487482,3,-0.1263237842599414,7,-0.0072856925277154,11,688327,中游,否
DeepSeek-V3_2024-12-26,2024-12-26,000001.SH,688369,-0.0031087848123272,2.2117575348105767,221,-0.0357468419087513,3,-0.1252729896876422,7,-0.0355169787046343,11,688369,下游,是
DeepSeek-V3_2024-12-26,2024-12-26,000001.SH,688981,0.0023356360530683,1.417473394980894,221,-0.0028969265132124,3,-0.0045061022123095,7,0.1123522067287462,11,688981,上游,否
DeepSeek-R1_2025-01-20,2025-01-20,000001.SH,977,0.0015324982574432,1.4594680556774702,221,0.0425264196440648,3,0.021466100709975,7,0.0539819992062292,11,000977,上游,是
DeepSeek-R1_2025-01-20,2025-01-20,000001.SH,988,0.0005828398862371,1.5911938427942007,221,0.0299615834833378,3,0.04050177102375,7,-0.0316475199604029,11,000988,上游,是
DeepSeek-R1_2025-01-20,2025-01-20,000001.SH,997,-0.0003123818783128,1.535312241486526,221,0.0488754202122773,3,0.0048552829841952,7,0.0227074068077994,11,000997,中游,否
DeepSeek-R1_2025-01-20,2025-01-20,000001.SH,2049,-0.000292496953657,1.477409725450715,221,0.0182131266315186,3,-0.0033667385746499,7,-0.0251074387615378,11,002049,上游,否
DeepSeek-R1_2025-01-20,2025-01-20,000001.SH,2065,0.0009203083096807,1.2625473000138774,221,-0.0053179756779628,3,-0.0122909427059561,7,0.0350991638933685,11,002065,下游,是
DeepSeek-R1_2025-01-20,2025-01-20,000001.SH,2131,0.0039630072468115,1.2632655210460388,221,-0.1351580674034648,3,-0.0130975599861013,7,-0.0550272323160545,11,002131,下游,否
DeepSeek-R1_2025-01-20,2025-01-20,000001.SH,2230,0.0004895833584975,1.2936925139027833,221,-0.0038530960165585,3,0.0090173814705376,7,0.087448924121127,11,002230,中游,否
DeepSeek-R1_2025-01-20,2025-01-20,000001.SH,2236,-0.000618480307329,1.369725627895456,221,0.0103735985690902,3,0.0148886697630144,7,0.0261169712398853,11,002236,中游,否
DeepSeek-R1_2025-01-20,2025-01-20,000001.SH,2253,0.0010140300404535,1.402314879684617,221,-0.1741375188454056,3,-0.1937572755828636,7,-0.2328258367538725,11,002253,中游,否
DeepSeek-R1_2025-01-20,2025-01-20,000001.SH,2281,0.0014918440236346,1.807615379096901,221,0.0209799976107441,3,0.0115187296049705,7,-0.0499125995893531,11,002281,上游,否
DeepSeek-R1_2025-01-20,2025-01-20,000001.SH,2368,-0.0007736854052065,1.7360825146800107,221,0.031299314351982,3,0.0325428824029513,7,0.0485890312961077,11,002368,下游,是
DeepSeek-R1_2025-01-20,2025-01-20,000001.SH,2371,0.0020038767814596,1.1001958849134466,221,-0.0049165053681426,3,-0.023963815438148,7,-0.0667012177293152,11,002371,上游,否
DeepSeek-R1_2025-01-20,2025-01-20,000001.SH,2405,0.0004339747853776,1.4508861678386178,221,0.001384004660569,3,-0.0436718579512524,7,-0.0243614228439918,11,002405,中游,否
DeepSeek-R1_2025-01-20,2025-01-20,000001.SH,2415,-0.0007570966498046,1.0223923273332065,221,0.0094040716639404,3,0.0181886303371717,7,0.0255409128952471,11,002415,中游,否
DeepSeek-R1_2025-01-20,2025-01-20,000001.SH,2439,-0.0024179786898575,1.670552590967158,221,-0.0461426928722732,3,-0.0281256984925122,7,0.0624286086426279,11,002439,下游,是
DeepSeek-R1_2025-01-20,2025-01-20,000001.SH,2463,0.002537063619229,1.299347515284322,221,0.0584172019550647,3,0.0688734872420777,7,-0.0606406104524365,11,002463,上游,否
DeepSeek-R1_2025-01-20,2025-01-20,000001.SH,2607,9.488202594146517e-05,1.4208179028194308,221,0.003699958409626,3,0.0390712305451183,7,0.0187687079292512,11,002607,下游,否
DeepSeek-R1_2025-01-20,2025-01-20,000001.SH,2777,-0.0009447031871515,1.5141576218031458,221,-0.0050946823585662,3,0.0116852124712193,7,0.0684652899020284,11,002777,中游,否
DeepSeek-R1_2025-01-20,2025-01-20,000001.SH,300020,-0.003700191585713,1.8191022815706288,220,-0.0895104713019891,3,-0.106552638659292,7,-0.099580336301331,11,300020,下游,是
DeepSeek-R1_2025-01-20,2025-01-20,000001.SH,300033,0.0031048408513251,2.4196578261323265,221,0.0232765591197396,3,0.0151850356266977,7,0.0259123363533174,11,300033,中游,是
DeepSeek-R1_2025-01-20,2025-01-20,000001.SH,300036,-0.0009971182114508,2.109345247018192,221,0.003108877029083,3,0.0121330895939854,7,0.0121985143786525,11,300036,下游,是
DeepSeek-R1_2025-01-20,2025-01-20,000001.SH,300058,0.0018270745443504,2.0171815330590217,221,-0.0446325097176346,3,-0.0217010171760857,7,0.0706676420423382,11,300058,下游,否
DeepSeek-R1_2025-01-20,2025-01-20,000001.SH,300075,6.283336730806421e-05,1.984067697959201,221,-0.0035320310394263,3,-0.0104196189160793,7,-0.0256618660090339,11,300075,下游,是
DeepSeek-R1_2025-01-20,2025-01-20,000001.SH,300078,-0.0002807847271648,2.232919697713939,221,-0.0386595449157212,3,-0.0397836151993078,7,-0.0083630365479681,11,300078,中游,是
DeepSeek-R1_2025-01-20,2025-01-20,000001.SH,300168,0.0001731276023796,2.012594878351921,221,-0.0155363145468867,3,-0.0427963186133852,7,0.0027209096708371,11,300168,下游,否
DeepSeek-R1_2025-01-20,2025-01-20,000001.SH,300170,0.0002574098328937,2.1069054723275693,221,0.122203537076283,3,0.2958086587509669,7,0.5348417786114934,11,300170,下游,是
DeepSeek-R1_2025-01-20,2025-01-20,000001.SH,300188,-0.0003310123910735,2.224488171602652,221,-0.0112037878772392,3,-0.0389975327487585,7,0.0361683475858994,11,300188,下游,是
DeepSeek-R1_2025-01-20,2025-01-20,000001.SH,300223,-2.4352570969789776e-05,1.9259564599150931,221,0.0296390737561273,3,0.023640106150353,7,0.0091042930997041,11,300223,上游,否
DeepSeek-R1_2025-01-20,2025-01-20,000001.SH,300229,0.0012999478443538,2.1981647444307884,221,-0.0092768972176852,3,-0.0899648798474138,7,0.2072566863877831,11,300229,中游,否
DeepSeek-R1_2025-01-20,2025-01-20,000001.SH,300253,-0.0001100610938466,1.9080290408589415,221,-0.0003905883652583,3,-0.0192104567318291,7,0.0051858453504415,11,300253,下游,是
DeepSeek-R1_2025-01-20,2025-01-20,000001.SH,300308,0.0022118886860289,1.9177160272624905,221,-0.0095271738791168,3,0.1112854671668565,7,-0.0430115897733475,11,300308,上游,否
DeepSeek-R1_2025-01-20,2025-01-20,000001.SH,300365,-0.00040361475354,2.039279672183412,221,-0.012349285644238,3,-0.0818642336623012,7,-0.0152350851983423,11,300365,中游,否
DeepSeek-R1_2025-01-20,2025-01-20,000001.SH,300394,0.0024403525242268,1.78548475684471,221,0.0796624531145363,3,0.2375787865847017,7,0.0868911179297741,11,300394,上游,否
DeepSeek-R1_2025-01-20,2025-01-20,000001.SH,300451,-0.0011741619528669,2.078864409942984,221,-0.0192138149901761,3,-0.0725555237182031,7,-0.0414006194387715,11,300451,中游,否
DeepSeek-R1_2025-01-20,2025-01-20,000001.SH,300474,0.0008829538707443,1.9353941938917916,221,-0.0199756732940853,3,-0.0714895493638447,7,-0.1448130126499347,11,300474,上游,否
DeepSeek-R1_2025-01-20,2025-01-20,000001.SH,300476,0.0036845400194257,2.272313455226268,221,0.0867136547841095,3,0.1749509393549995,7,0.0030777657271414,11,300476,上游,否
DeepSeek-R1_2025-01-20,2025-01-20,000001.SH,300496,-0.001706531777056,1.849623453962565,221,0.0664454423160346,3,0.0566333721638279,7,0.1771471265482762,11,300496,中游,否
DeepSeek-R1_2025-01-20,2025-01-20,000001.SH,300502,0.0041340010926859,1.809438213666266,221,0.1025375723058105,3,0.1689645290232244,7,0.0680801346799853,11,300502,上游,否
DeepSeek-R1_2025-01-20,2025-01-20,000001.SH,300624,0.0010541238347668,1.911114041991436,221,0.0177126297134339,3,-0.0072685253643079,7,0.1233565381435398,11,300624,中游,否
DeepSeek-R1_2025-01-20,2025-01-20,000001.SH,300634,0.0005904639061557,2.1761944494034493,221,0.005112822566325,3,0.0411732898516861,7,0.398267701179878,11,300634,中游,否
DeepSeek-R1_2025-01-20,2025-01-20,000001.SH,300781,0.0031052293187463,2.104702982865236,217,-0.0471497716281196,3,-0.0372637867818787,7,0.0885845099759552,11,300781,下游,否
DeepSeek-R1_2025-01-20,2025-01-20,000001.SH,300785,0.001842785104518,2.238187064729328,221,-0.0324759365968067,3,-0.0379086757543541,7,0.1327493852560343,11,300785,下游,否
DeepSeek-R1_2025-01-20,2025-01-20,000001.SH,600183,0.0007643573713765,1.37733166566383,221,0.1613248736552078,3,0.1705591156597508,7,0.1248761857218527,11,600183,上游,否
DeepSeek-R1_2025-01-20,2025-01-20,000001.SH,600410,0.0016138447322703,1.255058149329927,221,-0.0784283652792423,3,0.0743411713391163,7,0.1792856667388036,11,600410,下游,是
DeepSeek-R1_2025-01-20,2025-01-20,000001.SH,600556,-0.0004504150696785,1.7636833671489254,221,-0.1449608508452428,3,0.0222074853896885,7,0.0501727196606806,11,600556,下游,否
DeepSeek-R1_2025-01-20,2025-01-20,000001.SH,600570,0.000251810188423,1.4460605388168617,221,0.0085315151689064,3,-0.0103896875491744,7,0.0026196557527863,11,600570,下游,否
DeepSeek-R1_2025-01-20,2025-01-20,000001.SH,603019,0.002943340804773,1.3144889380216331,221,0.0082155591578779,3,0.0023736871149155,7,0.0186511220854233,11,603019,上游,是
DeepSeek-R1_2025-01-20,2025-01-20,000001.SH,603160,0.0008240654805431,1.1773657939985744,211,0.034730798774604,3,0.0247700873986568,7,0.0128567552224225,11,603160,中游,是
DeepSeek-R1_2025-01-20,2025-01-20,000001.SH,603986,-0.0003459582969335,1.5263844233616424,221,0.0292864404122771,3,0.0174937490306446,7,0.0287592668411871,11,603986,上游,否
DeepSeek-R1_2025-01-20,2025-01-20,000001.SH,688008,0.0003767953855579,1.656565571150849,221,0.056260978682357,3,0.0577872768197497,7,0.0147184720925381,11,688008,上游,否
DeepSeek-R1_2025-01-20,2025-01-20,000001.SH,688012,0.0012319903832954,1.5745223721528316,221,-0.012899531895775,3,-0.0173620790358956,7,-0.0469847256469336,11,688012,上游,否
DeepSeek-R1_2025-01-20,2025-01-20,000001.SH,688023,-0.0021862478015527,1.972669933438692,221,0.0029299297281006,3,-0.0102678591170958,7,0.0649998369840016,11,688023,中游,否
DeepSeek-R1_2025-01-20,2025-01-20,000001.SH,688041,0.0021038274605691,1.5877299960894111,221,-0.0077104838827652,3,-0.1023823988348323,7,-0.1945752049086908,11,688041,上游,否
DeepSeek-R1_2025-01-20,2025-01-20,000001.SH,688088,-0.0006972677500494,2.227251215014294,221,0.1185822312388093,3,0.1985994296184292,7,0.2593452206512224,11,688088,中游,否
DeepSeek-R1_2025-01-20,2025-01-20,000001.SH,688111,-0.0003344632484082,2.09009317364513,221,0.0147947250919118,3,0.0328677004939984,7,0.1624752638457058,11,688111,中游,否
DeepSeek-R1_2025-01-20,2025-01-20,000001.SH,688228,-0.0011908829797048,2.446642346119693,221,-0.0295745365878742,3,-0.0012195373207961,7,0.1809706647334787,11,688228,下游,是
DeepSeek-R1_2025-01-20,2025-01-20,000001.SH,688256,0.0065502356096499,1.9041069529233503,221,0.0283618684631439,3,-0.1370330999710798,7,-0.3484789897611389,11,688256,上游,否
DeepSeek-R1_2025-01-20,2025-01-20,000001.SH,688327,-0.0011034553831045,2.4166893066324078,221,-0.0112746529610238,3,-0.0062103434258943,7,0.0813587206059691,11,688327,中游,否
DeepSeek-R1_2025-01-20,2025-01-20,000001.SH,688369,-0.0018546014528286,2.1623293021573318,221,0.0423350502787105,3,0.0936312184705554,7,0.309636644987544,11,688369,下游,是
DeepSeek-R1_2025-01-20,2025-01-20,000001.SH,688981,0.0020919660683618,1.429876331957873,221,0.04571069270589,3,-0.0264462821374354,7,-0.0469530799309983,11,688981,上游,否
DeepSeek-V3_2024-12-26,2024-12-26,000300.SH,977,0.0010611676993006,1.3512795589490894,221,-0.0099885149063799,3,-0.0012423959681843,7,0.0426222254031785,11,000977,上游,是
DeepSeek-V3_2024-12-26,2024-12-26,000300.SH,988,6.084373255222916e-05,1.4381552046888335,221,0.0762778914159635,3,0.0611963000594786,7,0.1100653032028775,11,000988,上游,是
DeepSeek-V3_2024-12-26,2024-12-26,000300.SH,997,-0.0002944859497807,1.3473439004949748,221,-0.0241099232301559,3,-0.0377545833705522,7,-0.0349613680514275,11,000997,中游,否
DeepSeek-V3_2024-12-26,2024-12-26,000300.SH,2049,-0.0004642945152418,1.4012086772850514,221,0.00487820177869,3,-0.0657845031924803,7,-0.0365578635720718,11,002049,上游,否
DeepSeek-V3_2024-12-26,2024-12-26,000300.SH,2065,0.0004172474235091,1.1501357834369712,221,-0.0089354132498272,3,-0.0897592218375972,7,-0.1156898381412815,11,002065,下游,是
DeepSeek-V3_2024-12-26,2024-12-26,000300.SH,2131,-0.0013599784345729,1.194515653801077,221,-0.0320117711508051,3,-0.2909631397898168,7,-0.1954595761279519,11,002131,下游,否
DeepSeek-V3_2024-12-26,2024-12-26,000300.SH,2230,-0.0004263214397251,1.2619233520060182,221,-0.003922152419663,3,-0.0667486496634826,7,-0.0675175674332893,11,002230,中游,否
DeepSeek-V3_2024-12-26,2024-12-26,000300.SH,2236,-0.0011653722195543,1.330256241200141,221,0.0136670649735759,3,-0.0401235156642787,7,-0.0345946523787538,11,002236,中游,否
DeepSeek-V3_2024-12-26,2024-12-26,000300.SH,2253,0.0006763276944524,1.0271571983027172,221,0.0072871388279166,3,-0.1707114602667722,7,-0.1830642377297412,11,002253,中游,否
DeepSeek-V3_2024-12-26,2024-12-26,000300.SH,2281,0.0012592931321964,1.631343824047807,221,-0.0051877952491704,3,-0.1033414651776176,7,0.0812319256709066,11,002281,上游,否
DeepSeek-V3_2024-12-26,2024-12-26,000300.SH,2368,-0.0011897576090363,1.478618101780942,221,-0.0089915528473798,3,-0.0618601154475889,7,-0.0655322641408872,11,002368,下游,是
DeepSeek-V3_2024-12-26,2024-12-26,000300.SH,2371,0.0023759382539679,1.1798535080282564,221,0.0030838195681305,3,-0.0752299242501664,7,-0.0262369013958723,11,002371,上游,否
DeepSeek-V3_2024-12-26,2024-12-26,000300.SH,2405,-0.0001968172610638,1.2483504145391189,221,-0.0134535474053471,3,-0.0955315124398637,7,-0.1161706375465999,11,002405,中游,否
DeepSeek-V3_2024-12-26,2024-12-26,000300.SH,2415,-0.0009196274651214,1.0298136197274042,221,0.0140670211318795,3,-0.001181531896768,7,-0.0173577633893416,11,002415,中游,否
DeepSeek-V3_2024-12-26,2024-12-26,000300.SH,2439,-0.0026676189053389,1.5080544302601444,221,0.0050497064235114,3,-0.0584420486315639,7,-0.033862317166253,11,002439,下游,是
DeepSeek-V3_2024-12-26,2024-12-26,000300.SH,2463,0.002365065630109,1.18445170734745,221,0.0392348483802606,3,-0.0009534305919207,7,0.0301177667231531,11,002463,上游,否
DeepSeek-V3_2024-12-26,2024-12-26,000300.SH,2607,-0.0014093978692241,1.1909058488216009,221,-0.0201847284336,3,-0.1323927504311576,7,-0.2548191551128875,11,002607,下游,否
DeepSeek-V3_2024-12-26,2024-12-26,000300.SH,2777,-0.001351322871166,1.1697406562905233,221,-0.0086815024456405,3,-0.0959850100720059,7,-0.1135425386923546,11,002777,中游,否
DeepSeek-V3_2024-12-26,2024-12-26,000300.SH,300020,-0.0052924899551411,1.4442294828991302,220,0.0296522940454847,3,-0.0241234157025792,7,0.1673376311676296,11,300020,下游,是
DeepSeek-V3_2024-12-26,2024-12-26,000300.SH,300033,0.0019966217885026,2.3914284548271114,221,-0.0078399485556031,3,-0.0779345678498372,7,-0.0619890804614938,11,300033,中游,是
DeepSeek-V3_2024-12-26,2024-12-26,000300.SH,300036,-0.0012155019807175,1.8457192529104864,221,-0.0079735907428906,3,-0.0825920202291071,7,-0.0644525437555039,11,300036,下游,是
DeepSeek-V3_2024-12-26,2024-12-26,000300.SH,300058,-0.0003992117084871,1.8133190627627491,221,-0.0090585951572174,3,-0.1219151732104028,7,-0.1599872522585569,11,300058,下游,否
DeepSeek-V3_2024-12-26,2024-12-26,000300.SH,300075,-0.0006861839499598,1.7131458779919024,221,-0.0078163594429767,3,-0.078752197346724,7,-0.096875325950248,11,300075,下游,是
DeepSeek-V3_2024-12-26,2024-12-26,000300.SH,300078,-0.0013546409737466,1.8312867154565933,221,-0.0159284737276542,3,-0.2137939456355531,7,-0.192674780387912,11,300078,中游,是
DeepSeek-V3_2024-12-26,2024-12-26,000300.SH,300168,-0.001116250919754,1.6262867068693163,221,0.0095677190723332,3,-0.0696297374704816,7,-0.1093270404274905,11,300168,下游,否
DeepSeek-V3_2024-12-26,2024-12-26,000300.SH,300170,-0.000404132287043,1.7871559700378927,221,-0.0047725307359864,3,-0.2267365769967445,7,-0.113759223642622,11,300170,下游,是
DeepSeek-V3_2024-12-26,2024-12-26,000300.SH,300188,-0.0012371625768227,1.8870424193714423,221,-0.0213017455265,3,-0.1663065297271418,7,-0.1060839488782594,11,300188,下游,是
DeepSeek-V3_2024-12-26,2024-12-26,000300.SH,300223,-0.0002993712361638,1.8483738880132168,221,-0.0154942769775403,3,-0.0864620503845279,7,-0.0860094620474841,11,300223,上游,否
DeepSeek-V3_2024-12-26,2024-12-26,000300.SH,300229,-0.0014476174268487,2.111660058918194,221,0.0474843974174076,3,-0.0044621252969079,7,0.017494607941084,11,300229,中游,否
DeepSeek-V3_2024-12-26,2024-12-26,000300.SH,300253,-0.0007519656779952,1.7595873123728805,221,-0.0019183327511517,3,-0.0973190663951539,7,-0.086604194883763,11,300253,下游,是
DeepSeek-V3_2024-12-26,2024-12-26,000300.SH,300308,0.001938857458672,1.8849743969273824,221,0.0361065968412198,3,-0.0408595285438034,7,0.0610707540853576,11,300308,上游,否
DeepSeek-V3_2024-12-26,2024-12-26,000300.SH,300365,-0.0010546214718122,1.6506423767761695,221,-0.0114809815363014,3,-0.1274783481955015,7,-0.1000309673445128,11,300365,中游,否
DeepSeek-V3_2024-12-26,2024-12-26,000300.SH,300394,0.0020531729528996,1.724908279438124,221,0.0614093994410374,3,-0.0861746217278173,7,-0.0610542622599282,11,300394,上游,否
DeepSeek-V3_2024-12-26,2024-12-26,000300.SH,300451,-0.0021470607533938,1.8078222252956635,221,-0.0066419934444522,3,-0.1464404235436912,7,-0.1404897760591922,11,300451,中游,否
DeepSeek-V3_2024-12-26,2024-12-26,000300.SH,300474,0.0002727660337156,1.7655693754461566,221,-0.0314445388056087,3,-0.0593617984989709,7,0.0011020455643717,11,300474,上游,否
DeepSeek-V3_2024-12-26,2024-12-26,000300.SH,300476,0.0028565990153614,2.088827989155116,221,0.0951481876520044,3,-0.075499963137626,7,-0.0200458056831139,11,300476,上游,否
DeepSeek-V3_2024-12-26,2024-12-26,000300.SH,300496,-0.0023897282837695,1.7861372033426726,221,0.0462646000157713,3,-0.0795116457772514,7,-0.0906300300224415,11,300496,中游,否
DeepSeek-V3_2024-12-26,2024-12-26,000300.SH,300502,0.0037629302167284,1.721265215867568,221,0.050460987526231,3,-0.1313492245473309,7,-0.0647422356069836,11,300502,上游,否
DeepSeek-V3_2024-12-26,2024-12-26,000300.SH,300624,-0.0010643052084432,1.851758403110338,221,0.0173833790250861,3,-0.1392593900599481,7,-0.1219110470207662,11,300624,中游,否
DeepSeek-V3_2024-12-26,2024-12-26,000300.SH,300634,-0.0006460718264324,1.9603747198504464,221,-0.013763226934533,3,-0.1255422247658154,7,-0.0649721695840213,11,300634,中游,否
DeepSeek-V3_2024-12-26,2024-12-26,000300.SH,300781,0.002509375843113,1.7646910357119148,217,-0.0402954256054917,3,-0.1884922297494017,7,-0.1758510297085437,11,300781,下游,否
DeepSeek-V3_2024-12-26,2024-12-26,000300.SH,300785,0.0005656845033139,2.030641162354045,221,-0.1391861954171003,3,-0.2784091898526639,7,-0.1327867185533442,11,300785,下游,否
DeepSeek-V3_2024-12-26,2024-12-26,000300.SH,600183,-7.179701169637436e-05,1.2994891604289158,221,0.0530265718083327,3,-0.0272092159540775,7,-0.0090309793559138,11,600183,上游,否
DeepSeek-V3_2024-12-26,2024-12-26,000300.SH,600410,-0.0015008453395697,1.1366009380937898,221,-0.0337547125421906,3,-0.1275339936706521,7,-0.1518184092024763,11,600410,下游,是
DeepSeek-V3_2024-12-26,2024-12-26,000300.SH,600556,-0.0021939384458538,1.445269669283452,221,-0.0061124666837662,3,-0.1697192828364671,7,-0.2509243579134139,11,600556,下游,否
DeepSeek-V3_2024-12-26,2024-12-26,000300.SH,600570,-0.0004215768480684,1.397376361330704,221,-0.0057277046074683,3,-0.0670805830219235,7,-0.0957087098581542,11,600570,下游,否
DeepSeek-V3_2024-12-26,2024-12-26,000300.SH,603019,0.0023863880953895,1.2417639037156685,221,-0.0328030702826892,3,-0.0606166320937114,7,-0.070014369448465,11,603019,上游,是
DeepSeek-V3_2024-12-26,2024-12-26,000300.SH,603160,0.0004883128482376,1.1103204377476394,221,-0.0028702155028261,3,-0.0728277766727758,7,-0.0669161377016819,11,603160,中游,是
DeepSeek-V3_2024-12-26,2024-12-26,000300.SH,603986,-0.0008976606564193,1.4533300865795369,221,0.0412626216054761,3,-0.0497204607527935,7,0.0816444926438176,11,603986,上游,否
DeepSeek-V3_2024-12-26,2024-12-26,000300.SH,688008,-9.723536558636228e-05,1.6134374439631844,221,0.0528520081726018,3,-0.0584819097502887,7,0.0318782290821551,11,688008,上游,否
DeepSeek-V3_2024-12-26,2024-12-26,000300.SH,688012,0.0009404722806474,1.5796065891915765,221,-0.0142902597806912,3,-0.0483078014969306,7,-0.0088260709046116,11,688012,上游,否
DeepSeek-V3_2024-12-26,2024-12-26,000300.SH,688023,-0.0035490392380345,1.8088715394489927,221,-0.044995525699563,3,-0.1488374459300376,7,-0.0938852380834959,11,688023,中游,否
DeepSeek-V3_2024-12-26,2024-12-26,000300.SH,688041,0.0014246275675758,1.5563707196164325,221,0.099902958756655,3,0.1285343218528527,7,0.1759312136766052,11,688041,上游,否
DeepSeek-V3_2024-12-26,2024-12-26,000300.SH,688088,-0.0017571543220143,1.9653030482413016,221,0.0036939509909668,3,-0.0029450377570064,7,0.1004392523811243,11,688088,中游,否
DeepSeek-V3_2024-12-26,2024-12-26,000300.SH,688111,-0.0016374035202948,2.080244965782683,221,0.0362781846640251,3,-0.0468078570235895,7,-0.070153132474174,11,688111,中游,否
DeepSeek-V3_2024-12-26,2024-12-26,000300.SH,688228,-0.0021491810962414,2.0828741861414395,221,-0.0153117754870196,3,-0.1686183749254422,7,-0.1037444259061509,11,688228,下游,是
DeepSeek-V3_2024-12-26,2024-12-26,000300.SH,688256,0.0048415192954683,1.7711141202831788,221,-0.0241802516692437,3,-0.0614833143498606,7,0.0337527027680091,11,688256,上游,否
DeepSeek-V3_2024-12-26,2024-12-26,000300.SH,688327,-0.0026844980594195,2.2030733378139216,221,0.0002136540736347,3,-0.1398376154727809,7,-0.0366767055321138,11,688327,中游,否
DeepSeek-V3_2024-12-26,2024-12-26,000300.SH,688369,-0.0033729053537086,1.9064328896880296,221,-0.0293761925058053,3,-0.1375525726994723,7,-0.0646297217434763,11,688369,下游,是
DeepSeek-V3_2024-12-26,2024-12-26,000300.SH,688981,0.0019778571177392,1.4282521046647492,221,0.0018888833403661,3,-0.0114787725428045,7,0.1045382021416174,11,688981,上游,否
DeepSeek-R1_2025-01-20,2025-01-20,000300.SH,977,0.0014419074438497,1.3464498199866777,221,0.0343786059166631,3,0.0231612150940427,7,0.0621023110563115,11,000977,上游,是
DeepSeek-R1_2025-01-20,2025-01-20,000300.SH,988,0.0005129452531227,1.43571056043826,221,0.0212647440650497,3,0.0420082608796327,7,-0.0223737990003687,11,000988,上游,是
DeepSeek-R1_2025-01-20,2025-01-20,000300.SH,997,-0.0003727389567026,1.3773744235805505,221,0.0405297256545224,3,0.0062250613399537,7,0.0317585972290413,11,000997,中游,否
DeepSeek-R1_2025-01-20,2025-01-20,000300.SH,2049,-0.0004105407977158,1.3924358214099255,221,0.0097951367271391,3,-0.0013391392753434,7,-0.017270910183751,11,002049,上游,否
DeepSeek-R1_2025-01-20,2025-01-20,000300.SH,2065,0.0009037461957792,1.0957117278663933,221,-0.011967497725115,3,-0.0115558254523892,7,0.0430239730802829,11,002065,下游,是
DeepSeek-R1_2025-01-20,2025-01-20,000300.SH,2131,0.0039609932790757,1.0800672631294264,221,-0.1417174074254047,3,-0.0125342691044368,7,-0.0468858974170582,11,002131,下游,否
DeepSeek-R1_2025-01-20,2025-01-20,000300.SH,2230,0.0003724273835185,1.2346963316766666,221,-0.011313318072931,3,0.0109560214077052,7,0.0941101203888549,11,002230,中游,否
DeepSeek-R1_2025-01-20,2025-01-20,000300.SH,2236,-0.0007422590921904,1.3069685494781984,221,0.0024766187418427,3,0.0169381395075364,7,0.0331734864495681,11,002236,中游,否
DeepSeek-R1_2025-01-20,2025-01-20,000300.SH,2253,0.0011415186796066,1.0539875528613802,221,-0.1805815231594594,3,-0.1946668750427297,7,-0.2218990593880277,11,002253,中游,否
DeepSeek-R1_2025-01-20,2025-01-20,000300.SH,2281,0.0014109517314312,1.63265082221437,221,0.0110906583324298,3,0.0132477634226882,7,-0.0393992580093453,11,002281,上游,否
DeepSeek-R1_2025-01-20,2025-01-20,000300.SH,2368,-0.000799563897622,1.5101422896383043,221,0.0221357614680999,3,0.0335904479459004,7,0.0594409312180881,11,002368,下游,是
DeepSeek-R1_2025-01-20,2025-01-20,000300.SH,2371,0.0017885493625298,1.1793097717036696,221,-0.012007679908448,3,-0.0209462452406928,7,-0.0627213135584015,11,002371,上游,否
DeepSeek-R1_2025-01-20,2025-01-20,000300.SH,2405,0.0004109204050863,1.2636572066194969,221,-0.006283409714899,3,-0.0427794967120682,7,-0.0153130118472057,11,002405,中游,否
DeepSeek-R1_2025-01-20,2025-01-20,000300.SH,2415,-0.0008882728393809,1.0188906207001758,221,0.0032592520728681,3,0.0201773015465235,7,0.0302431770305981,11,002415,中游,否
DeepSeek-R1_2025-01-20,2025-01-20,000300.SH,2439,-0.0025011444220747,1.5182495301417882,221,-0.0553364364620842,3,-0.0264282963687601,7,0.0720223321887358,11,002439,下游,是
DeepSeek-R1_2025-01-20,2025-01-20,000300.SH,2463,0.0024304223183413,1.227771243251089,221,0.0509955442954144,3,0.0706901328765214,7,-0.0537897017063431,11,002463,上游,否
DeepSeek-R1_2025-01-20,2025-01-20,000300.SH,2607,0.0001054335393668,1.2004491115834808,221,-0.0035947239469282,3,0.03955312792861,7,0.0281120794554804,11,002607,下游,否
DeepSeek-R1_2025-01-20,2025-01-20,000300.SH,2777,-0.0008955723485237,1.2369748611818154,221,-0.0126240404927247,3,0.0117505003898487,7,0.0789742450630762,11,002777,中游,否
DeepSeek-R1_2025-01-20,2025-01-20,000300.SH,300020,-0.0037048846277213,1.5396308644329173,220,-0.0988179964062552,3,-0.1057966885435562,7,-0.0874787095711021,11,300020,下游,是
DeepSeek-R1_2025-01-20,2025-01-20,000300.SH,300033,0.0027691610795148,2.4395644349412584,221,0.0085709916838246,3,0.0201900696865766,7,0.0366735583988477,11,300033,中游,是
DeepSeek-R1_2025-01-20,2025-01-20,000300.SH,300036,-0.0010457108384996,1.8539921974974125,221,-0.0081355653479912,3,0.0136088050308952,7,0.025133827363597,11,300036,下游,是
DeepSeek-R1_2025-01-20,2025-01-20,000300.SH,300058,0.00179473605109,1.7571945665634314,221,-0.0552944370010598,3,-0.0204569773532733,7,0.0832435764397474,11,300058,下游,否
DeepSeek-R1_2025-01-20,2025-01-20,000300.SH,300075,3.3687107769086e-05,1.7253746257255125,221,-0.0140017549390395,3,-0.0092274903219784,7,-0.0132536164198903,11,300075,下游,是
DeepSeek-R1_2025-01-20,2025-01-20,000300.SH,300078,-0.0002439609343646,1.8639747085775231,221,-0.0499930224665745,3,-0.0392657724807585,7,0.0066155541861976,11,300078,中游,是
DeepSeek-R1_2025-01-20,2025-01-20,000300.SH,300168,0.0001931629466222,1.6947545662871215,221,-0.0258364160780804,3,-0.0421739225987664,7,0.016029954728661,11,300168,下游,否
DeepSeek-R1_2025-01-20,2025-01-20,000300.SH,300170,0.0002567277459428,1.7983715546105414,221,0.1112809859110153,3,0.2967164567329077,7,0.5484590842360937,11,300170,下游,是
DeepSeek-R1_2025-01-20,2025-01-20,000300.SH,300188,-0.000324892950802,1.8910924141039216,221,-0.0226917599516981,3,-0.0381199979458574,7,0.0506452235252093,11,300188,下游,是
DeepSeek-R1_2025-01-20,2025-01-20,000300.SH,300223,-0.0002144040033183,1.8556023606763663,221,0.0184318923876335,3,0.0267112425897838,7,0.0187932499236943,11,300223,上游,否
DeepSeek-R1_2025-01-20,2025-01-20,000300.SH,300229,0.001247156595155,1.9344647637316696,221,-0.021008710000056,3,-0.0884015572300415,7,0.2207053253363049,11,300229,中游,否
DeepSeek-R1_2025-01-20,2025-01-20,000300.SH,300253,-0.0002403316329835,1.773502805170082,221,-0.0111190007859481,3,-0.0168543010913463,7,0.0156295031326421,11,300253,下游,是
DeepSeek-R1_2025-01-20,2025-01-20,000300.SH,300308,0.0020129237515706,1.8585322857871296,221,-0.0207491866548381,3,0.1144585488306514,7,-0.0335057481274884,11,300308,上游,否
DeepSeek-R1_2025-01-20,2025-01-20,000300.SH,300365,-0.0003169049415364,1.6430146738676417,221,-0.0223573062467738,3,-0.0820193318569322,7,-0.0007823935963627,11,300365,中游,否
DeepSeek-R1_2025-01-20,2025-01-20,000300.SH,300394,0.0022501085218588,1.7359672574344875,221,0.0691819640868702,3,0.2405922148258777,7,0.0956687141749286,11,300394,上游,否
DeepSeek-R1_2025-01-20,2025-01-20,000300.SH,300451,-0.0012331861476312,1.8396430416913467,221,-0.0303676359203267,3,-0.0709693988516178,7,-0.0288143794184977,11,300451,中游,否
DeepSeek-R1_2025-01-20,2025-01-20,000300.SH,300474,0.0007669613271423,1.7808953600052146,221,-0.0307537339106624,3,-0.0692906444457887,7,-0.1339844141400305,11,300474,上游,否
DeepSeek-R1_2025-01-20,2025-01-20,000300.SH,300476,0.0035316014686968,2.109640880879017,221,0.0739511769246174,3,0.1777308650853957,7,0.0155474375100628,11,300476,上游,否
DeepSeek-R1_2025-01-20,2025-01-20,000300.SH,300496,-0.0018931736831737,1.7866650529011798,221,0.0556558320035874,3,0.0596315701734844,7,0.1863920262474842,11,300496,中游,否
DeepSeek-R1_2025-01-20,2025-01-20,000300.SH,300502,0.0039707733246086,1.726214240674097,221,0.0921073362534503,3,0.171668531292251,7,0.0774061258685958,11,300502,上游,否
DeepSeek-R1_2025-01-20,2025-01-20,000300.SH,300624,0.0008993570077857,1.8035090156704392,221,0.0068101144147623,3,-0.004621213222139,7,0.1334633835373517,11,300624,中游,否
DeepSeek-R1_2025-01-20,2025-01-20,000300.SH,300634,0.0005886235935869,1.8587831235043903,221,-0.006176265480382,3,0.0421243809010859,7,0.4123162920204112,11,300634,中游,否
DeepSeek-R1_2025-01-20,2025-01-20,000300.SH,300781,0.0030193501593699,1.7875539071226922,217,-0.0577296919116686,3,-0.0357991996906081,7,0.1033292197340045,11,300781,下游,否
DeepSeek-R1_2025-01-20,2025-01-20,000300.SH,300785,0.0018040229324569,1.9529345603062376,221,-0.0443245946964105,3,-0.0364942535824332,7,0.1466612048714916,11,300785,下游,否
DeepSeek-R1_2025-01-20,2025-01-20,000300.SH,600183,0.0006566449620182,1.2955041724555287,221,0.1534921823627752,3,0.1724217367597779,7,0.1322158879171512,11,600183,上游,否
DeepSeek-R1_2025-01-20,2025-01-20,000300.SH,600410,0.0016473609357477,1.0333605172368476,221,-0.0847158375047641,3,0.0744805658115923,7,0.1878913814180405,11,600410,下游,是
DeepSeek-R1_2025-01-20,2025-01-20,000300.SH,600556,-0.0004540902425812,1.5088795586122896,221,-0.154124117758147,3,0.0230041287487597,7,0.0615265098255351,11,600556,下游,否
DeepSeek-R1_2025-01-20,2025-01-20,000300.SH,600570,0.0001081816570895,1.3942790860111176,221,0.0001108377428931,3,-0.0080727585379811,7,0.0098808037588681,11,600570,下游,否
DeepSeek-R1_2025-01-20,2025-01-20,000300.SH,603019,0.0028255859004801,1.2531091079480514,221,0.0006437025012027,3,0.0043282944116772,7,0.0254381045502078,11,603019,上游,是
DeepSeek-R1_2025-01-20,2025-01-20,000300.SH,603160,0.0006309775628504,1.122198406508463,211,0.0282132753996453,3,0.027133290518734,7,0.0199038850227881,11,603160,中游,是
DeepSeek-R1_2025-01-20,2025-01-20,000300.SH,603986,-0.0004618018175139,1.4317621619695913,221,0.020628862228694,3,0.0195162282217108,7,0.0369446042176139,11,603986,上游,否
DeepSeek-R1_2025-01-20,2025-01-20,000300.SH,688008,0.0001541863635765,1.662140790611338,221,0.0462396524753046,3,0.0611285933474659,7,0.0221908661429894,11,688008,上游,否
DeepSeek-R1_2025-01-20,2025-01-20,000300.SH,688012,0.0009892172923224,1.6146745539617977,221,-0.0226258568394707,3,-0.0138172175755487,7,-0.0403366493190408,11,688012,上游,否
DeepSeek-R1_2025-01-20,2025-01-20,000300.SH,688023,-0.0022499261251193,1.7542389278527857,221,-0.0077036241413991,3,-0.0086720158053427,7,0.0768314393762967,11,688023,中游,否
DeepSeek-R1_2025-01-20,2025-01-20,000300.SH,688041,0.0019049649741928,1.5768740982160363,221,-0.0172218220340223,3,-0.0993514457284599,7,-0.1872021856103885,11,688041,上游,否
DeepSeek-R1_2025-01-20,2025-01-20,000300.SH,688088,-0.0007661812640591,1.9772976020049,221,0.1065956257326224,3,0.2003659312358171,7,0.2727471818634092,11,688088,中游,否
DeepSeek-R1_2025-01-20,2025-01-20,000300.SH,688111,-0.0005815503835537,2.0593798259265124,221,0.0023688261835371,3,0.0366837735955126,7,0.1723951669825517,11,688111,中游,否
DeepSeek-R1_2025-01-20,2025-01-20,000300.SH,688228,-0.0012116149830946,2.110640030044686,221,-0.0423870469061112,3,7.057083538732425e-05,7,0.1964933436298208,11,688228,下游,是
DeepSeek-R1_2025-01-20,2025-01-20,000300.SH,688256,0.0064015671107777,1.7907158207519864,221,0.0175350273181429,3,-0.1344609352908529,7,-0.3383286489450166,11,688256,上游,否
DeepSeek-R1_2025-01-20,2025-01-20,000300.SH,688327,-0.0011920305268253,2.160897426249934,221,-0.0243698513335202,3,-0.0041303090370224,7,0.0956995936558424,11,688327,中游,否
DeepSeek-R1_2025-01-20,2025-01-20,000300.SH,688369,-0.0018881602916967,1.882398187749054,221,0.0309130789706578,3,0.0949516809077362,7,0.3231336064461197,11,688369,下游,是
DeepSeek-R1_2025-01-20,2025-01-20,000300.SH,688981,0.0018771915284924,1.459974920824085,221,0.0369146570412768,3,-0.023294467682768,7,-0.0408327856624371,11,688981,上游,否
DeepSeek-V3_2024-12-26,2024-12-26,399001.SZ,977,0.0012918991512951,1.1672952845487958,221,-0.0103779748636208,3,0.0250761823934006,7,0.0596671886160734,11,000977,上游,是
DeepSeek-V3_2024-12-26,2024-12-26,399001.SZ,988,0.0003175060108364,1.2294289644332643,221,0.0758168005719118,3,0.08885082921943,7,0.127232387474606,11,000988,上游,是
DeepSeek-V3_2024-12-26,2024-12-26,399001.SZ,997,-6.0877254450678775e-05,1.159765203920183,221,-0.0245131511126905,3,-0.0116265583900418,7,-0.0182774903407695,11,000997,中游,否
DeepSeek-V3_2024-12-26,2024-12-26,399001.SZ,2049,-0.0002164097104775,1.2003859124325138,221,0.0044381254076209,3,-0.0387703458209779,7,-0.0196401841106232,11,002049,上游,否
DeepSeek-V3_2024-12-26,2024-12-26,399001.SZ,2065,0.0005279425630058,1.093257203193009,221,-0.0089071105144838,3,-0.0646083650207291,7,-0.09366285782584,11,002065,下游,是
DeepSeek-V3_2024-12-26,2024-12-26,399001.SZ,2131,-0.0011127564722823,0.9815361785129524,221,-0.0325376763289209,3,-0.2690860124891445,7,-0.1841878392381433,11,002131,下游,否
DeepSeek-V3_2024-12-26,2024-12-26,399001.SZ,2230,-0.0001863350070933,1.061580047670177,221,-0.0043887793137673,3,-0.0429570772040381,7,-0.0537506754784211,11,002230,中游,否
DeepSeek-V3_2024-12-26,2024-12-26,399001.SZ,2236,-0.0008529556892476,1.0498998132093715,221,0.012925621549441,3,-0.016950962035904,7,-0.0252975949412486,11,002236,中游,否
DeepSeek-V3_2024-12-26,2024-12-26,399001.SZ,2253,0.000799450800347,0.9481241893433592,221,0.0072105379024325,3,-0.1490285252897756,7,-0.1655216292527809,11,002253,中游,否
DeepSeek-V3_2024-12-26,2024-12-26,399001.SZ,2281,0.0015556895724644,1.3884622040568178,221,-0.0057328952405946,3,-0.0721407659891319,7,0.1002438303418012,11,002281,上游,否
DeepSeek-V3_2024-12-26,2024-12-26,399001.SZ,2368,-0.0009658832001828,1.310578056660944,221,-0.0092976305680233,3,-0.032143583417888,7,-0.0443714463233641,11,002368,下游,是
DeepSeek-V3_2024-12-26,2024-12-26,399001.SZ,2371,0.002677669073191,0.9025248140763356,221,0.0023227626280086,3,-0.0554679567210992,7,-0.0201528542802957,11,002371,上游,否
DeepSeek-V3_2024-12-26,2024-12-26,399001.SZ,2405,-3.6152562609964464e-05,1.1394651344940157,221,-0.0135929456337049,3,-0.0695331533438583,7,-0.0958179718107969,11,002405,中游,否
DeepSeek-V3_2024-12-26,2024-12-26,399001.SZ,2415,-0.0006318285883881,0.7593130053089847,221,0.0133001361586591,3,0.0152830797767759,7,-0.0141918619339397,11,002415,中游,否
DeepSeek-V3_2024-12-26,2024-12-26,399001.SZ,2439,-0.0024094775004585,1.3019789236735562,221,0.0046123718523516,3,-0.0290905573498952,7,-0.0148960152966477,11,002439,下游,是
DeepSeek-V3_2024-12-26,2024-12-26,399001.SZ,2463,0.0025955019721549,0.9903762443688736,221,0.0387751063169463,3,0.021211205562751,7,0.0425846783240383,11,002463,上游,否
DeepSeek-V3_2024-12-26,2024-12-26,399001.SZ,2607,-0.0012436977739492,1.072567865607653,221,-0.0203698959459605,3,-0.1079895886058785,7,-0.2364936340670633,11,002607,下游,否
DeepSeek-V3_2024-12-26,2024-12-26,399001.SZ,2777,-0.0012547436309279,1.1305150254384322,221,-0.0085855265393118,3,-0.069891893398641,7,-0.0897358769104518,11,002777,中游,否
DeepSeek-V3_2024-12-26,2024-12-26,399001.SZ,300020,-0.005095918517505,1.2871092696115658,220,0.0294268461466056,3,0.0052078462492479,7,0.1887117976190904,11,300020,下游,是
DeepSeek-V3_2024-12-26,2024-12-26,399001.SZ,300033,0.002581900537344,1.8599146437128176,221,-0.0092721187008479,3,-0.0370354738186557,7,-0.0473500525598227,11,300033,中游,是
DeepSeek-V3_2024-12-26,2024-12-26,399001.SZ,300036,-0.0008813790718135,1.5723437876451185,221,-0.0085851871454766,3,-0.0472519768085066,7,-0.0428349548126131,11,300036,下游,是
DeepSeek-V3_2024-12-26,2024-12-26,399001.SZ,300058,-7.972562562296476e-05,1.5549499819473869,221,-0.0096226263970747,3,-0.0869140088841026,7,-0.1379794547624293,11,300058,下游,否
DeepSeek-V3_2024-12-26,2024-12-26,399001.SZ,300075,-0.0003836280209943,1.4682129264647878,221,-0.0083522516706938,3,-0.0457076827230946,7,-0.0761464151553735,11,300075,下游,是
DeepSeek-V3_2024-12-26,2024-12-26,399001.SZ,300078,-0.0009284638254978,1.4498847031018969,221,-0.016932764963813,3,-0.1817682024253437,7,-0.1795330875890951,11,300078,中游,是
DeepSeek-V3_2024-12-26,2024-12-26,399001.SZ,300168,-0.0008381018566269,1.40432331365465,221,0.009097066153309,3,-0.0379696679851549,7,-0.0888535209556543,11,300168,下游,否
DeepSeek-V3_2024-12-26,2024-12-26,399001.SZ,300170,-9.541039242046109e-05,1.5396767845940271,221,-0.0053025829060638,3,-0.1920429136411567,7,-0.0915289097815126,11,300170,下游,是
DeepSeek-V3_2024-12-26,2024-12-26,399001.SZ,300188,-0.0008825224525775,1.592375647402677,221,-0.0219817716457127,3,-0.1305936302290765,7,-0.0851263152452856,11,300188,下游,是
DeepSeek-V3_2024-12-26,2024-12-26,399001.SZ,300223,9.145349361489788e-05,1.5091803599904547,221,-0.0163428088028513,3,-0.0528753777718442,7,-0.0692941006255689,11,300223,上游,否
DeepSeek-V3_2024-12-26,2024-12-26,399001.SZ,300229,-0.0010619358289449,1.7949194144012746,221,0.0467703340874185,3,0.0358602550122643,7,0.0419271768956449,11,300229,中游,否
DeepSeek-V3_2024-12-26,2024-12-26,399001.SZ,300253,-0.0003777311109447,1.4341464648631577,221,-0.0027352715011922,3,-0.0654157860682312,7,-0.0708833176356997,11,300253,下游,是
DeepSeek-V3_2024-12-26,2024-12-26,399001.SZ,300308,0.002456432641325,1.4005701919354585,221,0.0347415699620812,3,-0.0104269958929246,7,0.0676740447820933,11,300308,上游,否
DeepSeek-V3_2024-12-26,2024-12-26,399001.SZ,300365,-0.0007567796921778,1.4072858801739483,221,-0.0120238765325803,3,-0.0958424102158626,7,-0.080613306703597,11,300365,中游,否
DeepSeek-V3_2024-12-26,2024-12-26,399001.SZ,300394,0.0024734077869253,1.3437676889358598,221,0.0603844523906808,3,-0.0566129998571608,7,-0.0503268665092901,11,300394,上游,否
DeepSeek-V3_2024-12-26,2024-12-26,399001.SZ,300451,-0.0018602609365222,1.5871464522820615,221,-0.0070711416742409,3,-0.1105275036725035,7,-0.1157655110039025,11,300451,中游,否
DeepSeek-V3_2024-12-26,2024-12-26,399001.SZ,300474,0.0005508165324303,1.5524324179219149,221,-0.031855065664774,3,-0.0242225803386643,7,0.0254279966827752,11,300474,上游,否
DeepSeek-V3_2024-12-26,2024-12-26,399001.SZ,300476,0.0033666823137954,1.6258925795359145,221,0.0939020114683589,3,-0.0397395685123991,7,-0.0071593689067689,11,300476,上游,否
DeepSeek-V3_2024-12-26,2024-12-26,399001.SZ,300496,-0.0020997720304944,1.560431937873729,221,0.0458129022412698,3,-0.0442411980360489,7,-0.066781178236917,11,300496,中游,否
DeepSeek-V3_2024-12-26,2024-12-26,399001.SZ,300502,0.0041826294778864,1.3405200100455674,221,0.0494367273547257,3,-0.1018613331160255,7,-0.0540683818551672,11,300502,上游,否
DeepSeek-V3_2024-12-26,2024-12-26,399001.SZ,300624,-0.0007191586270591,1.5659323842404638,221,0.016728086672949,3,-0.1041223927422255,7,-0.1010941040344851,11,300624,中游,否
DeepSeek-V3_2024-12-26,2024-12-26,399001.SZ,300634,-0.0002582583585631,1.6316907420223548,221,-0.0145510992433511,3,-0.0890637867614319,7,-0.0449016889585939,11,300634,中游,否
DeepSeek-V3_2024-12-26,2024-12-26,399001.SZ,300781,0.0029486418561782,1.4499905095460173,217,-0.0412945362364109,3,-0.156692106080255,7,-0.1600173612436937,11,300781,下游,否
DeepSeek-V3_2024-12-26,2024-12-26,399001.SZ,300785,0.0010051127532408,1.646287853040113,221,-0.1401606582123967,3,-0.2418335309989582,7,-0.1153062039678286,11,300785,下游,否
DeepSeek-V3_2024-12-26,2024-12-26,399001.SZ,600183,0.000245228308701,1.0118450740111122,221,0.0522525872613057,3,-0.0049523969539566,7,-0.0009874142425424,11,600183,上游,否
DeepSeek-V3_2024-12-26,2024-12-26,399001.SZ,600410,-0.0013738299536532,1.0598838651435856,221,-0.033800736056709,3,-0.1032446508474258,7,-0.1315970235287398,11,600410,下游,是
DeepSeek-V3_2024-12-26,2024-12-26,399001.SZ,600556,-0.0019567175552262,1.25961242784463,221,-0.0064888790636719,3,-0.1412633081987432,7,-0.2318549874138234,11,600556,下游,否
DeepSeek-V3_2024-12-26,2024-12-26,399001.SZ,600570,-0.0001748764363884,1.197692178261038,221,-0.0061644510381063,3,-0.0401240578167167,7,-0.0787928623317213,11,600570,下游,否
DeepSeek-V3_2024-12-26,2024-12-26,399001.SZ,603019,0.0025808712903867,1.093111956139052,221,-0.0330872856910032,3,-0.0358679191549794,7,-0.0528109866340544,11,603019,上游,是
DeepSeek-V3_2024-12-26,2024-12-26,399001.SZ,603160,0.0006486568570982,0.9931749616496895,221,-0.0030674424278811,3,-0.0502638493496825,7,-0.0503445442669301,11,603160,中游,是
DeepSeek-V3_2024-12-26,2024-12-26,399001.SZ,603986,-0.0006100959166219,1.2095916921227678,221,0.0406782864958869,3,-0.0226789144171589,7,0.0965187200593264,11,603986,上游,否
DeepSeek-V3_2024-12-26,2024-12-26,399001.SZ,688008,0.0002430517891711,1.31836005628631,221,0.0521149478882045,3,-0.0291365872426036,7,0.0465446366440285,11,688008,上游,否
DeepSeek-V3_2024-12-26,2024-12-26,399001.SZ,688012,0.0012699630422437,1.2949769770891293,221,-0.0149964930420414,3,-0.0194603057474231,7,0.0058540717754082,11,688012,上游,否
DeepSeek-V3_2024-12-26,2024-12-26,399001.SZ,688023,-0.0033035498759703,1.636334515443186,221,-0.0452507741873379,3,-0.1115726432817192,7,-0.0655070936034098,11,688023,中游,否
DeepSeek-V3_2024-12-26,2024-12-26,399001.SZ,688041,0.0018061064689793,1.2097889938693511,221,0.0989684817864574,3,0.1551335815151668,7,0.1854082461907076,11,688041,上游,否
DeepSeek-V3_2024-12-26,2024-12-26,399001.SZ,688088,-0.0014009393100756,1.673698554490797,221,0.003040863711207,3,0.0346704208129236,7,0.1234184503258627,11,688088,中游,否
DeepSeek-V3_2024-12-26,2024-12-26,399001.SZ,688111,-0.0011032574978213,1.5887708382237684,221,0.034927296857336,3,-0.0120338612502604,7,-0.0596150240677276,11,688111,中游,否
DeepSeek-V3_2024-12-26,2024-12-26,399001.SZ,688228,-0.001797667002016,1.804093907664915,221,-0.0158947208457716,3,-0.1279179136881481,7,-0.0771081206652242,11,688228,下游,是
DeepSeek-V3_2024-12-26,2024-12-26,399001.SZ,688256,0.0051927705024463,1.4731400565525072,221,-0.0248957486762339,3,-0.0285548070026034,7,0.0518084356507576,11,688256,上游,否
DeepSeek-V3_2024-12-26,2024-12-26,399001.SZ,688327,-0.0022733537121699,1.862419246266595,221,-0.0005681294921495,3,-0.0980510205701016,7,-0.0119557175411379,11,688327,中游,否
DeepSeek-V3_2024-12-26,2024-12-26,399001.SZ,688369,-0.0030199867066225,1.614982225501754,221,-0.0300406777355376,3,-0.1013005140265082,7,-0.0429859127764373,11,688369,下游,是
DeepSeek-V3_2024-12-26,2024-12-26,399001.SZ,688981,0.0023061678941829,1.1355288515135766,221,0.0011227169172033,3,0.0136293361817346,7,0.1151449578883761,11,688981,上游,否
DeepSeek-R1_2025-01-20,2025-01-20,399001.SZ,977,0.001556520811479,1.1625814504636434,221,0.022029337206124,3,0.0150734743153396,7,0.0484820900648109,11,000977,上游,是
DeepSeek-R1_2025-01-20,2025-01-20,399001.SZ,988,0.0006518521062418,1.2218505054119462,221,0.0084049946839728,3,0.0332898977720241,7,-0.036419672978068,11,000988,上游,是
DeepSeek-R1_2025-01-20,2025-01-20,399001.SZ,997,-0.000254564700006,1.1882929817867096,221,0.0279139650340201,3,-0.0020536879906018,7,0.0178520972066312,11,000997,中游,否
DeepSeek-R1_2025-01-20,2025-01-20,399001.SZ,2049,-0.000279425326385,1.188865373878682,221,-0.0027435365952875,3,-0.0097743228306426,7,-0.030996461048038,11,002049,上游,否
DeepSeek-R1_2025-01-20,2025-01-20,399001.SZ,2065,0.0009236747438484,1.024288133307026,221,-0.0233709364420273,3,-0.0177225060502675,7,0.0298434920841506,11,002065,下游,是
DeepSeek-R1_2025-01-20,2025-01-20,399001.SZ,2131,0.0040634501410351,0.9213593752645898,221,-0.1514293148906668,3,-0.0190814378985375,7,-0.0575107824985758,11,002131,下游,否
DeepSeek-R1_2025-01-20,2025-01-20,399001.SZ,2230,0.0004946760138438,1.0478037053661762,221,-0.0223210643748426,3,0.0034425326222564,7,0.0821105766742116,11,002230,中游,否
DeepSeek-R1_2025-01-20,2025-01-20,399001.SZ,2236,-0.0005388292503022,1.0302022743297834,221,-0.0078089594511639,3,0.0085660346264991,7,0.022587753954212,11,002236,中游,否
DeepSeek-R1_2025-01-20,2025-01-20,399001.SZ,2253,0.0012043122714391,0.9387671718669628,221,-0.1907454328673026,3,-0.2008455451590217,7,-0.2333305386076027,11,002253,中游,否
DeepSeek-R1_2025-01-20,2025-01-20,399001.SZ,2281,0.0015838427834774,1.3735350482388051,221,-0.0032574919991052,3,0.0032490088549817,7,-0.0549450325988497,11,002281,上游,否
DeepSeek-R1_2025-01-20,2025-01-20,399001.SZ,2368,-0.0006835845661948,1.3173217580409442,221,0.0080531472256413,3,0.0245905597015593,7,0.0438055678118266,11,002368,下游,是
DeepSeek-R1_2025-01-20,2025-01-20,399001.SZ,2371,0.0019995132225333,0.900355515016741,221,-0.0207827328820081,3,-0.0286556468109797,7,-0.0714896661636676,11,002371,上游,否
DeepSeek-R1_2025-01-20,2025-01-20,399001.SZ,2405,0.0004660971157707,1.1469578142508787,221,-0.0188404235551354,3,-0.050073520563869,7,-0.0295934017967916,11,002405,中游,否
DeepSeek-R1_2025-01-20,2025-01-20,399001.SZ,2415,-0.0006789669292981,0.7490499853052109,221,-0.0038230109121576,3,0.0133636139791387,7,0.0234405425326042,11,002415,中游,否
DeepSeek-R1_2025-01-20,2025-01-20,399001.SZ,2439,-0.0023669858987758,1.3056731286058982,221,-0.069170561995805,3,-0.0355758315742407,7,0.0568049265865862,11,002439,下游,是
DeepSeek-R1_2025-01-20,2025-01-20,399001.SZ,2463,0.0025762621765911,1.016040188972079,221,0.040497685646229,3,0.0630814324098957,7,-0.0650279293615072,11,002463,上游,否
DeepSeek-R1_2025-01-20,2025-01-20,399001.SZ,2607,0.0001497391530436,1.0982360201322166,221,-0.0156733672490631,3,0.0326698419437638,7,0.0143141169988267,11,002607,下游,否
DeepSeek-R1_2025-01-20,2025-01-20,399001.SZ,2777,-0.0008981880986345,1.1831218863881654,221,-0.025961244832475,3,0.0049308754998983,7,0.0633765565969015,11,002777,中游,否
DeepSeek-R1_2025-01-20,2025-01-20,399001.SZ,300020,-0.0036028706948689,1.342830102060691,220,-0.1131225843390375,3,-0.1148584361975918,7,-0.1032328707775825,11,300020,下游,是
DeepSeek-R1_2025-01-20,2025-01-20,399001.SZ,300033,0.0031725510089781,1.8977163925931373,221,-0.0101909166936846,3,0.0044289194035127,7,0.0175911206044619,11,300033,中游,是
DeepSeek-R1_2025-01-20,2025-01-20,399001.SZ,300036,-0.0008652027057528,1.5766188461580823,221,-0.0247209931512133,3,0.0023440190233769,7,0.0070281723028828,11,300036,下游,是
DeepSeek-R1_2025-01-20,2025-01-20,399001.SZ,300058,0.0019353520245222,1.5267910247379477,221,-0.0715763641424961,3,-0.0309612452768473,7,0.0652122295559706,11,300058,下游,否
DeepSeek-R1_2025-01-20,2025-01-20,399001.SZ,300075,0.0001912073027287,1.4784030269783552,221,-0.029629788311768,3,-0.0196515895934123,7,-0.0304024037623246,11,300075,下游,是
DeepSeek-R1_2025-01-20,2025-01-20,399001.SZ,300078,3.462647125259552e-05,1.4815614576847658,221,-0.0648751630244818,3,-0.0511406222210226,7,-0.0088115383340731,11,300078,中游,是
DeepSeek-R1_2025-01-20,2025-01-20,399001.SZ,300168,0.0003390394645302,1.4616008424036282,221,-0.0413504364582882,3,-0.0523629654630031,7,-0.001067441441362,11,300168,下游,否
DeepSeek-R1_2025-01-20,2025-01-20,399001.SZ,300170,0.0004073629155261,1.5553989251062657,221,0.0947416441668126,3,0.2859279951205059,7,0.5301974265871877,11,300170,下游,是
DeepSeek-R1_2025-01-20,2025-01-20,399001.SZ,300188,-0.0001281822340881,1.5947432532243495,221,-0.0393766607775238,3,-0.0496814371654397,7,0.0325371846214259,11,300188,下游,是
DeepSeek-R1_2025-01-20,2025-01-20,399001.SZ,300223,3.856410481093322e-05,1.5008905692997834,221,0.0031667678446639,3,0.0150275989101369,7,0.0027388329852086,11,300223,上游,否
DeepSeek-R1_2025-01-20,2025-01-20,399001.SZ,300229,0.0013769799157673,1.707452163557785,221,-0.0393942956873528,3,-0.0998242005126501,7,0.2001408643340183,11,300229,中游,否
DeepSeek-R1_2025-01-20,2025-01-20,399001.SZ,300253,-1.2592463692421773e-05,1.4494522644443386,221,-0.0259678461724797,3,-0.0279415962152693,7,-0.0001158693895258,11,300253,下游,是
DeepSeek-R1_2025-01-20,2025-01-20,399001.SZ,300308,0.0023767817851009,1.38544342750244,221,-0.0339987745509603,3,0.102131328111829,7,-0.046426875392477,11,300308,上游,否
DeepSeek-R1_2025-01-20,2025-01-20,399001.SZ,300365,-0.0001653078655501,1.406130283978992,221,-0.0372098801745949,3,-0.0919548715998905,7,-0.0170669650818313,11,300365,中游,否
DeepSeek-R1_2025-01-20,2025-01-20,399001.SZ,300394,0.0025341391009636,1.3536114770865229,221,0.0557754978640108,3,0.2293938243582439,7,0.0820036052120565,11,300394,上游,否
DeepSeek-R1_2025-01-20,2025-01-20,399001.SZ,300451,-0.0011021389051444,1.6156673333118854,221,-0.0477119509785075,3,-0.0818750661950879,7,-0.0481539251640115,11,300451,中游,否
DeepSeek-R1_2025-01-20,2025-01-20,399001.SZ,300474,0.0009142438921611,1.542297892640467,221,-0.0471672161535602,3,-0.0799635798914309,7,-0.1521226037571027,11,300474,上游,否
DeepSeek-R1_2025-01-20,2025-01-20,399001.SZ,300476,0.0038821494462201,1.6392461679118109,221,0.0577582078596361,3,0.1640915464866043,7,-0.0009053747744583,11,300476,上游,否
DeepSeek-R1_2025-01-20,2025-01-20,399001.SZ,300496,-0.001756338898297,1.558943946082872,221,0.0389875008855579,3,0.0489858675906063,7,0.1678827570804248,11,300496,中游,否
DeepSeek-R1_2025-01-20,2025-01-20,399001.SZ,300502,0.0042548256523375,1.3442818688340776,221,0.0788060489312145,3,0.1605239042823282,7,0.0638640301441139,11,300502,上游,否
DeepSeek-R1_2025-01-20,2025-01-20,399001.SZ,300624,0.0010529016011271,1.5571987931338116,221,-0.0097307119064754,3,-0.0154545207093675,7,0.115220428356075,11,300624,中游,否
DeepSeek-R1_2025-01-20,2025-01-20,399001.SZ,300634,0.0007776922436604,1.572062236489194,221,-0.02265513658253,3,0.0307846911175819,7,0.3943952383485013,11,300634,中游,否
DeepSeek-R1_2025-01-20,2025-01-20,399001.SZ,300781,0.0032926710587903,1.4922321790489077,217,-0.0734573616403659,3,-0.0473201737035927,7,0.0858156561419192,11,300781,下游,否
DeepSeek-R1_2025-01-20,2025-01-20,399001.SZ,300785,0.0020441330321519,1.6074764490012303,221,-0.0608727237944005,3,-0.0486429209699655,7,0.1290177798705245,11,300785,下游,否
DeepSeek-R1_2025-01-20,2025-01-20,399001.SZ,600183,0.0008799154810331,0.998106572687946,221,0.1436960230941739,3,0.164000719999896,7,0.122341216835306,11,600183,上游,否
DeepSeek-R1_2025-01-20,2025-01-20,399001.SZ,600410,0.0016341951287541,1.0000808416817206,221,-0.0960603496053875,3,0.0688456226175992,7,0.1745472690416017,11,600410,下游,是
DeepSeek-R1_2025-01-20,2025-01-20,399001.SZ,600556,-0.0003247562851906,1.3018766934278447,221,-0.1679466417886263,3,0.0139356599305843,7,0.0462887669324358,11,600556,下游,否
DeepSeek-R1_2025-01-20,2025-01-20,399001.SZ,600570,0.0002388715320677,1.1910780508997636,221,-0.0124554943669543,3,-0.0165157184128144,7,-0.0038800451062078,11,600570,下游,否
DeepSeek-R1_2025-01-20,2025-01-20,399001.SZ,603019,0.0029086381875506,1.107168749994584,221,-0.0112854129085219,3,-0.003065163411896,7,0.0120869746437087,11,603019,上游,是
DeepSeek-R1_2025-01-20,2025-01-20,399001.SZ,603160,0.0007116566468742,1.0025350723778257,211,0.0172894704575517,3,0.0204542103460944,7,0.007468669117068,11,603160,中游,是
DeepSeek-R1_2025-01-20,2025-01-20,399001.SZ,603986,-0.0002916754435866,1.1847932578963356,221,0.0083878389441399,3,0.0106430478182434,7,0.0238407648050834,11,603986,上游,否
DeepSeek-R1_2025-01-20,2025-01-20,399001.SZ,688008,0.0003794572370283,1.3458215805246732,221,0.0325416135367597,3,0.0506705508165262,7,0.0077724235224829,11,688008,上游,否
DeepSeek-R1_2025-01-20,2025-01-20,399001.SZ,688012,0.001202961130327,1.312820244113305,221,-0.0360267497942454,3,-0.0239477866202846,7,-0.0544889620620795,11,688012,上游,否
DeepSeek-R1_2025-01-20,2025-01-20,399001.SZ,688023,-0.0021784441201014,1.5976888860863634,221,-0.0252300023540269,3,-0.0187688099122185,7,0.0568608208452029,11,688023,中游,否
DeepSeek-R1_2025-01-20,2025-01-20,399001.SZ,688041,0.0021833364151741,1.2078377230067556,221,-0.0290236048964874,3,-0.1096388106727292,7,-0.1990326001313746,11,688041,上游,否
DeepSeek-R1_2025-01-20,2025-01-20,399001.SZ,688088,-0.0005788972304362,1.6870527844964769,221,0.0888106005143303,3,0.1883815326658895,7,0.2532878615475634,11,688088,中游,否
DeepSeek-R1_2025-01-20,2025-01-20,399001.SZ,688111,-0.0002143896045528,1.5735722347144452,221,-0.0129775143523287,3,0.0232281616482685,7,0.1570480025213357,11,688111,中游,否
DeepSeek-R1_2025-01-20,2025-01-20,399001.SZ,688228,-0.0010387705325731,1.829686399404664,221,-0.061871133042374,3,-0.0125688637999216,7,0.1749479064455432,11,688228,下游,是
DeepSeek-R1_2025-01-20,2025-01-20,399001.SZ,688256,0.0066202276634434,1.475557689609713,221,0.0023336711171958,3,-0.1455919695893698,7,-0.3545495634611938,11,688256,上游,否
DeepSeek-R1_2025-01-20,2025-01-20,399001.SZ,688327,-0.0009876573592589,1.8440231166495888,221,-0.0438118407558141,3,-0.017225803393303,7,0.0744247966760049,11,688327,中游,否
DeepSeek-R1_2025-01-20,2025-01-20,399001.SZ,688369,-0.0016998187234941,1.5953712398665698,221,0.0141670875480323,3,0.0834856289149286,7,0.3048954197692486,11,688369,下游,是
DeepSeek-R1_2025-01-20,2025-01-20,399001.SZ,688981,0.0021044904017892,1.1507505905154929,221,0.025425938500598,3,-0.0326469951584575,7,-0.0526562549581906,11,688981,上游,否
