样本方案,事件,事件日期,基准指数,事件窗口,比较名称,A样本数,B样本数,A均值,B均值,A减B差异,Welch_t值,原始p值,p_BH全局,p_Bonferroni全局,BH全局5%显著,Bonferroni全局5%显著
全60家公司,DeepSeek-R1_2025-01-20,2025-01-20,000001.SH,"[-1,+1]",上游 vs 下游,20,20,0.03713910640210912,-0.023641782371241486,0.06078088877335061,3.621121175522437,0.0009156308696194663,0.004120338913287599,0.04944406695945118,True,True
全60家公司,DeepSeek-R1_2025-01-20,2025-01-20,000001.SH,"[-1,+1]",中游 vs 下游,20,20,0.003988137035273053,-0.023641782371241486,0.02762991940651454,1.5270541444772858,0.13512038226650164,0.1737262057712164,1.0,False,False
全60家公司,DeepSeek-R1_2025-01-20,2025-01-20,000001.SH,"[-1,+1]",上游 vs 中游,20,20,0.03713910640210912,0.003988137035273053,0.03315096936683607,2.10814521594219,0.04189942682350366,0.07112455610494837,1.0,False,False
全60家公司,DeepSeek-R1_2025-01-20,2025-01-20,000001.SH,"[-3,+3]",上游 vs 下游,20,20,0.03624748910650416,0.009488113252808966,0.026759375853695193,0.950999487609093,0.34781413408725514,0.39129090084816204,1.0,False,False
全60家公司,DeepSeek-R1_2025-01-20,2025-01-20,000001.SH,"[-3,+3]",中游 vs 下游,20,20,-0.005874001084460283,0.009488113252808966,-0.015362114337269249,-0.6236293238762818,0.5366130254075545,0.5857188434068649,1.0,False,False
全60家公司,DeepSeek-R1_2025-01-20,2025-01-20,000001.SH,"[-3,+3]",上游 vs 中游,20,20,0.03624748910650416,-0.005874001084460283,0.04212149019096444,1.5364333991041572,0.13321679088696836,0.1737262057712164,1.0,False,False
全60家公司,DeepSeek-R1_2025-01-20,2025-01-20,000001.SH,"[-5,+5]",上游 vs 下游,20,20,-0.0325342815890127,0.07952091809399403,-0.11205519968300673,-2.853325257381642,0.007203533345987483,0.02161060003796245,0.3889908006833241,True,False
全60家公司,DeepSeek-R1_2025-01-20,2025-01-20,000001.SH,"[-5,+5]",中游 vs 下游,20,20,0.07105348450526286,0.07952091809399403,-0.008467433588731171,-0.19731105034142093,0.8446417154903887,0.8446417154903888,1.0,False,False
全60家公司,DeepSeek-R1_2025-01-20,2025-01-20,000001.SH,"[-5,+5]",上游 vs 中游,20,20,-0.0325342815890127,0.07105348450526286,-0.10358776609427556,-2.7650532139421284,0.008885737105733251,0.022849038271885506,0.4798298037095956,True,False
全60家公司,DeepSeek-R1_2025-01-20,2025-01-20,000300.SH,"[-1,+1]",上游 vs 下游,20,20,0.027664643178461106,-0.03336768103770199,0.0610323242161631,3.660693524814689,0.0008149486559301867,0.004000657038202735,0.04400722742023008,True,True
全60家公司,DeepSeek-R1_2025-01-20,2025-01-20,000300.SH,"[-1,+1]",中游 vs 下游,20,20,-0.005914922257091707,-0.03336768103770199,0.027452758780610285,1.5345870116037985,0.1332636241220207,0.1737262057712164,1.0,False,False
全60家公司,DeepSeek-R1_2025-01-20,2025-01-20,000300.SH,"[-1,+1]",上游 vs 中游,20,20,0.027664643178461106,-0.005914922257091707,0.033579565435552815,2.150170625004891,0.03816353764202579,0.07112455610494837,1.0,False,False
全60家公司,DeepSeek-R1_2025-01-20,2025-01-20,000300.SH,"[-3,+3]",上游 vs 下游,20,20,0.0387581766199011,0.010623090167520114,0.028135086452380987,1.000314566270164,0.3236988455992365,0.3742282629095982,1.0,False,False
全60家公司,DeepSeek-R1_2025-01-20,2025-01-20,000300.SH,"[-3,+3]",中游 vs 下游,20,20,-0.004167496496793699,0.010623090167520114,-0.014790586664313814,-0.5983329101947649,0.553178907662039,0.5857188434068649,1.0,False,False
全60家公司,DeepSeek-R1_2025-01-20,2025-01-20,000300.SH,"[-3,+3]",上游 vs 中游,20,20,0.0387581766199011,-0.004167496496793699,0.0429256731166948,1.5604648662549987,0.1274076251437914,0.1737262057712164,1.0,False,False
全60家公司,DeepSeek-R1_2025-01-20,2025-01-20,000300.SH,"[-5,+5]",上游 vs 下游,20,20,-0.02417190564505281,0.09115191658221837,-0.11532382222727118,-2.926741640686822,0.0059803857695521975,0.020183801972238666,0.32294083155581865,True,False
全60家公司,DeepSeek-R1_2025-01-20,2025-01-20,000300.SH,"[-5,+5]",中游 vs 下游,20,20,0.08175970942692652,0.09115191658221837,-0.009392207155291848,-0.2175913797158247,0.8289184544480661,0.8446417154903888,1.0,False,False
全60家公司,DeepSeek-R1_2025-01-20,2025-01-20,000300.SH,"[-5,+5]",上游 vs 中游,20,20,-0.02417190564505281,0.08175970942692652,-0.10593161507197933,-2.8207936727278926,0.00772368653234671,0.021951530144564333,0.41707907274672235,True,False
全60家公司,DeepSeek-R1_2025-01-20,2025-01-20,399001.SZ,"[-1,+1]",上游 vs 下游,20,20,0.014726905272427116,-0.048054533961399554,0.06278143923382667,3.7862279391333558,0.0005643148700513975,0.0030473002982775465,0.030473002982775464,True,True
全60家公司,DeepSeek-R1_2025-01-20,2025-01-20,399001.SZ,"[-1,+1]",中游 vs 下游,20,20,-0.020514300580570695,-0.048054533961399554,0.02754023338082886,1.5606120744371388,0.12699819005194685,0.1737262057712164,1.0,False,False
全60家公司,DeepSeek-R1_2025-01-20,2025-01-20,399001.SZ,"[-1,+1]",上游 vs 中游,20,20,0.014726905272427116,-0.020514300580570695,0.03524120585299781,2.2653026038912296,0.029413069989592817,0.06353223117752049,1.0,False,False
全60家公司,DeepSeek-R1_2025-01-20,2025-01-20,399001.SZ,"[-3,+3]",上游 vs 下游,20,20,0.028894602957512932,0.0009457302465707314,0.0279488727109422,0.9960700421894252,0.32571719179168734,0.3742282629095982,1.0,False,False
全60家公司,DeepSeek-R1_2025-01-20,2025-01-20,399001.SZ,"[-3,+3]",中游 vs 下游,20,20,-0.014132510437864338,0.0009457302465707314,-0.015078240684435069,-0.6123387766052776,0.5439765958878041,0.5857188434068649,1.0,False,False
全60家公司,DeepSeek-R1_2025-01-20,2025-01-20,399001.SZ,"[-3,+3]",上游 vs 中游,20,20,0.028894602957512932,-0.014132510437864338,0.04302711339537727,1.5740648321728914,0.1242465904069662,0.1737262057712164,1.0,False,False
全60家公司,DeepSeek-R1_2025-01-20,2025-01-20,399001.SZ,"[-5,+5]",上游 vs 下游,20,20,-0.037796552923711806,0.0749523250887276,-0.11274887801243941,-2.8692301903758493,0.006910056413444252,0.02161060003796245,0.3731430463259896,True,False
全60家公司,DeepSeek-R1_2025-01-20,2025-01-20,399001.SZ,"[-5,+5]",中游 vs 下游,20,20,0.06583658587054533,0.0749523250887276,-0.009115739218182262,-0.21331845733942273,0.8322266060026041,0.8446417154903888,1.0,False,False
全60家公司,DeepSeek-R1_2025-01-20,2025-01-20,399001.SZ,"[-5,+5]",上游 vs 中游,20,20,-0.037796552923711806,0.06583658587054533,-0.10363313879425715,-2.7754272620156697,0.008640715677431982,0.022849038271885506,0.46659864658132705,True,False
全60家公司,DeepSeek-V3_2024-12-26,2024-12-26,000001.SH,"[-1,+1]",上游 vs 下游,20,20,0.01889140392026661,-0.022813726491695302,0.041705130411961916,3.510781919564116,0.0012151101108117078,0.004712591719395881,0.06561594598383222,True,False
全60家公司,DeepSeek-V3_2024-12-26,2024-12-26,000001.SH,"[-1,+1]",中游 vs 下游,20,20,-0.003880380697106331,-0.022813726491695302,0.018933345794588972,2.106284615140504,0.04272262346251011,0.07112455610494837,1.0,False,False
全60家公司,DeepSeek-V3_2024-12-26,2024-12-26,000001.SH,"[-1,+1]",上游 vs 中游,20,20,0.01889140392026661,-0.003880380697106331,0.02277178461737294,2.1520401315153466,0.03971927517877297,0.07112455610494837,1.0,False,False
全60家公司,DeepSeek-V3_2024-12-26,2024-12-26,000001.SH,"[-3,+3]",上游 vs 下游,20,20,-0.034171523765443745,-0.12162380359120013,0.08745227982575639,4.219799929683207,0.0001569972932774955,0.001351068803779444,0.008477853836984756,True,True
全60家公司,DeepSeek-V3_2024-12-26,2024-12-26,000001.SH,"[-3,+3]",中游 vs 下游,20,20,-0.08169029012019556,-0.12162380359120013,0.03993351347100457,1.9147823790263179,0.06340775325253403,0.0957981092723032,1.0,False,False
全60家公司,DeepSeek-V3_2024-12-26,2024-12-26,000001.SH,"[-3,+3]",上游 vs 中游,20,20,-0.034171523765443745,-0.08169029012019556,0.047518766354751815,2.585082206609354,0.01369951931313656,0.032164088822146705,0.7397740429093742,True,False
全60家公司,DeepSeek-V3_2024-12-26,2024-12-26,000001.SH,"[-5,+5]",上游 vs 下游,20,20,0.03283403442877545,-0.08624033481667978,0.11907436924545522,4.71166926753418,3.6183563558978146e-05,0.0006513041440616066,0.00195391243218482,True,True
全60家公司,DeepSeek-V3_2024-12-26,2024-12-26,000001.SH,"[-5,+5]",中游 vs 下游,20,20,-0.05322492107332753,-0.08624033481667978,0.03301541374335225,1.335793094984596,0.1902417450269157,0.22829009403229886,1.0,False,False
全60家公司,DeepSeek-V3_2024-12-26,2024-12-26,000001.SH,"[-5,+5]",上游 vs 中游,20,20,0.03283403442877545,-0.05322492107332753,0.08605895550210299,4.015067254905996,0.00027122969067330967,0.001627378144039858,0.014646403296358723,True,True
全60家公司,DeepSeek-V3_2024-12-26,2024-12-26,000300.SH,"[-1,+1]",上游 vs 下游,20,20,0.024107213430782273,-0.01742296866729238,0.04153018209807466,3.5013000857577974,0.001253079230855196,0.004712591719395881,0.06766627846618058,True,False
全60家公司,DeepSeek-V3_2024-12-26,2024-12-26,000300.SH,"[-1,+1]",中游 vs 下游,20,20,0.0016325950109262045,-0.01742296866729238,0.019055563678218587,2.127454426177996,0.04072798996212706,0.07112455610494837,1.0,False,False
全60家公司,DeepSeek-V3_2024-12-26,2024-12-26,000300.SH,"[-1,+1]",上游 vs 中游,20,20,0.024107213430782273,0.0016325950109262045,0.02247461841985607,2.114417809044788,0.043033516595344545,0.07112455610494837,1.0,False,False
全60家公司,DeepSeek-V3_2024-12-26,2024-12-26,000300.SH,"[-3,+3]",上游 vs 下游,20,20,-0.042691319552429066,-0.1319099109986041,0.08921859144617504,4.27660621377036,0.00013253922154478443,0.001351068803779444,0.007157117963418359,True,True
全60家公司,DeepSeek-V3_2024-12-26,2024-12-26,000300.SH,"[-3,+3]",中游 vs 下游,20,20,-0.09168573336772097,-0.1319099109986041,0.04022417763088314,1.9111508182664367,0.06386540618153547,0.0957981092723032,1.0,False,False
全60家公司,DeepSeek-V3_2024-12-26,2024-12-26,000300.SH,"[-3,+3]",上游 vs 中游,20,20,-0.042691319552429066,-0.09168573336772097,0.048994413815291904,2.6376000422974544,0.01203368441580159,0.029537225384240265,0.6498189584532859,True,False
全60家公司,DeepSeek-V3_2024-12-26,2024-12-26,000300.SH,"[-5,+5]",上游 vs 下游,20,20,0.01857184553438026,-0.11052892111018173,0.129100766644562,5.149335292617425,9.468381861583153e-06,0.0005112926205254903,0.0005112926205254903,True,True
全60家公司,DeepSeek-V3_2024-12-26,2024-12-26,000300.SH,"[-5,+5]",中游 vs 下游,20,20,-0.07448019847855523,-0.11052892111018173,0.03604872263162649,1.4612252162669133,0.15277794531045083,0.19186067550614758,1.0,False,False
全60家公司,DeepSeek-V3_2024-12-26,2024-12-26,000300.SH,"[-5,+5]",上游 vs 中游,20,20,0.01857184553438026,-0.07448019847855523,0.09305204401293549,4.324140477699395,0.00010702226092995972,0.001351068803779444,0.005779202090217825,True,True
全60家公司,DeepSeek-V3_2024-12-26,2024-12-26,399001.SZ,"[-1,+1]",上游 vs 下游,20,20,0.023383315223413637,-0.017920018982997006,0.04130333420641064,3.4847290694000845,0.0013090532553877447,0.004712591719395881,0.07068887579093822,True,False
全60家公司,DeepSeek-V3_2024-12-26,2024-12-26,399001.SZ,"[-1,+1]",中游 vs 下游,20,20,0.0010449014679518348,-0.017920018982997006,0.01896492045094884,2.114991265234229,0.041885290731383744,0.07112455610494837,1.0,False,False
全60家公司,DeepSeek-V3_2024-12-26,2024-12-26,399001.SZ,"[-1,+1]",上游 vs 中游,20,20,0.023383315223413637,0.0010449014679518348,0.022338413755461802,2.109806780922366,0.04346500650857956,0.07112455610494837,1.0,False,False
全60家公司,DeepSeek-V3_2024-12-26,2024-12-26,399001.SZ,"[-3,+3]",上游 vs 下游,20,20,-0.014443385983323473,-0.1007991004315183,0.08635571444819483,4.186080846942606,0.00017513854863807608,0.001351068803779444,0.009457481626456108,True,True
全60家公司,DeepSeek-V3_2024-12-26,2024-12-26,399001.SZ,"[-3,+3]",中游 vs 下游,20,20,-0.06043483780920652,-0.1007991004315183,0.040364262622311776,1.9341039137871212,0.06091355047061334,0.0957981092723032,1.0,False,False
全60家公司,DeepSeek-V3_2024-12-26,2024-12-26,399001.SZ,"[-3,+3]",上游 vs 中游,20,20,-0.014443385983323473,-0.06043483780920652,0.045991451825883045,2.5206506370883917,0.016036044731479532,0.036081100645828944,0.8659464154998947,True,False
全60家公司,DeepSeek-V3_2024-12-26,2024-12-26,399001.SZ,"[-5,+5]",上游 vs 下游,20,20,0.03248345186328405,-0.09079576777040023,0.12327921963368428,4.88304455446355,2.166031321785378e-05,0.0005848284568820521,0.0011696569137641041,True,True
全60家公司,DeepSeek-V3_2024-12-26,2024-12-26,399001.SZ,"[-5,+5]",中游 vs 下游,20,20,-0.05603543910062599,-0.09079576777040023,0.034760328669774236,1.3971241794255205,0.1711205412576331,0.21001157336164064,1.0,False,False
全60家公司,DeepSeek-V3_2024-12-26,2024-12-26,399001.SZ,"[-5,+5]",上游 vs 中游,20,20,0.03248345186328405,-0.05603543910062599,0.08851889096391005,4.113837523734137,0.00020156148013616496,0.0013605399909191135,0.010884319927352908,True,True
剔除机器冲突公司,DeepSeek-R1_2025-01-20,2025-01-20,000001.SH,"[-1,+1]",上游 vs 下游,17,8,0.038945797985700116,-0.05096024714495285,0.08990604513065296,3.773381584771497,0.002789113007052559,0.012551008531736513,0.15061210238083816,True,False
剔除机器冲突公司,DeepSeek-R1_2025-01-20,2025-01-20,000001.SH,"[-1,+1]",中游 vs 下游,17,8,0.0035538192780493368,-0.05096024714495285,0.05451406642300219,2.183198674518051,0.04722041981046621,0.08361502427906238,1.0,False,False
剔除机器冲突公司,DeepSeek-R1_2025-01-20,2025-01-20,000001.SH,"[-1,+1]",上游 vs 中游,17,17,0.038945797985700116,0.0035538192780493368,0.035391978707650776,1.9472326397832116,0.06058148234588703,0.09087222351883055,1.0,False,False
剔除机器冲突公司,DeepSeek-R1_2025-01-20,2025-01-20,000001.SH,"[-3,+3]",上游 vs 下游,17,8,0.03885930725184957,-0.012734791240771575,0.05159409849262114,1.8737978304587928,0.07527061588480356,0.10158103710295849,1.0,False,False
剔除机器冲突公司,DeepSeek-R1_2025-01-20,2025-01-20,000001.SH,"[-3,+3]",中游 vs 下游,17,8,-0.006920678206779548,-0.012734791240771575,0.005814113033992027,0.26108849271225415,0.7964241082474962,0.7964241082474962,1.0,False,False
剔除机器冲突公司,DeepSeek-R1_2025-01-20,2025-01-20,000001.SH,"[-3,+3]",上游 vs 中游,17,17,0.03885930725184957,-0.006920678206779548,0.045779985458629116,1.4229197227298616,0.16505201196767258,0.18568351346363166,1.0,False,False
剔除机器冲突公司,DeepSeek-R1_2025-01-20,2025-01-20,000001.SH,"[-5,+5]",上游 vs 下游,17,8,-0.0406865431242061,0.038907037246478544,-0.07959358037068465,-2.3336534600669507,0.028926291759429762,0.06508415645871697,1.0,False,False
剔除机器冲突公司,DeepSeek-R1_2025-01-20,2025-01-20,000001.SH,"[-5,+5]",中游 vs 下游,17,8,0.08180374323985207,0.038907037246478544,0.04289670599337352,1.0817749059999315,0.2906080593142775,0.3202619429177752,1.0,False,False
剔除机器冲突公司,DeepSeek-R1_2025-01-20,2025-01-20,000001.SH,"[-5,+5]",上游 vs 中游,17,17,-0.0406865431242061,0.08180374323985207,-0.12249028636405818,-2.833253335067241,0.008089652025333538,0.024268956076000617,0.4368412093680111,True,False
剔除机器冲突公司,DeepSeek-R1_2025-01-20,2025-01-20,000300.SH,"[-1,+1]",上游 vs 下游,17,8,0.029235635946253332,-0.06031381888435076,0.08954945483060409,3.7763403867751615,0.0027405908176046136,0.012551008531736513,0.14799190415064914,True,False
剔除机器冲突公司,DeepSeek-R1_2025-01-20,2025-01-20,000300.SH,"[-1,+1]",中游 vs 下游,17,8,-0.006181746456395853,-0.06031381888435076,0.054132072427954904,2.1880934493331416,0.04692579776521136,0.08361502427906238,1.0,False,False
剔除机器冲突公司,DeepSeek-R1_2025-01-20,2025-01-20,000300.SH,"[-1,+1]",上游 vs 中游,17,17,0.029235635946253332,-0.006181746456395853,0.03541738240264918,1.9634525951149349,0.05853914949681264,0.09031754493793949,1.0,False,False
剔除机器冲突公司,DeepSeek-R1_2025-01-20,2025-01-20,000300.SH,"[-3,+3]",上游 vs 下游,17,8,0.04150975070662761,-0.011621765523766151,0.05313151623039376,1.9316967148308961,0.06735656075648863,0.09830416975271314,1.0,False,False
剔除机器冲突公司,DeepSeek-R1_2025-01-20,2025-01-20,000300.SH,"[-3,+3]",中游 vs 下游,17,8,-0.0053769128035544705,-0.011621765523766151,0.006244852720211681,0.2791700298548538,0.7827011517360556,0.7964241082474962,1.0,False,False
剔除机器冲突公司,DeepSeek-R1_2025-01-20,2025-01-20,000300.SH,"[-3,+3]",上游 vs 中游,17,17,0.04150975070662761,-0.0053769128035544705,0.04688666351018208,1.4532005743929814,0.15649017656784403,0.18168700149801065,1.0,False,False
剔除机器冲突公司,DeepSeek-R1_2025-01-20,2025-01-20,000300.SH,"[-5,+5]",上游 vs 下游,17,8,-0.0322708664416004,0.05023718142459123,-0.08250804786619162,-2.388834178677203,0.025811356613575774,0.06335514805150418,1.0,False,False
剔除机器冲突公司,DeepSeek-R1_2025-01-20,2025-01-20,000300.SH,"[-5,+5]",中游 vs 下游,17,8,0.09247065829004099,0.05023718142459123,0.04223347686544976,1.0500016555464207,0.30463987000923554,0.32255986236272,1.0,False,False
剔除机器冲突公司,DeepSeek-R1_2025-01-20,2025-01-20,000300.SH,"[-5,+5]",上游 vs 中游,17,17,-0.0322708664416004,0.09247065829004099,-0.12474152473164138,-2.876746857393563,0.007275140021566865,0.024268956076000617,0.3928575611646107,True,False
剔除机器冲突公司,DeepSeek-R1_2025-01-20,2025-01-20,399001.SZ,"[-1,+1]",上游 vs 下游,17,8,0.01619936390982162,-0.07434521304135766,0.09054457695117928,3.840381751083987,0.0023702663153934225,0.012551008531736513,0.12799438103124483,True,False
剔除机器冲突公司,DeepSeek-R1_2025-01-20,2025-01-20,399001.SZ,"[-1,+1]",中游 vs 下游,17,8,-0.02073584719710583,-0.07434521304135766,0.05360936584425183,2.1942514037593512,0.04648068927244617,0.08361502427906238,1.0,False,False
剔除机器冲突公司,DeepSeek-R1_2025-01-20,2025-01-20,399001.SZ,"[-1,+1]",上游 vs 中游,17,17,0.01619936390982162,-0.02073584719710583,0.03693521110692745,2.0574741641444296,0.04800121764168396,0.08361502427906238,1.0,False,False
剔除机器冲突公司,DeepSeek-R1_2025-01-20,2025-01-20,399001.SZ,"[-3,+3]",上游 vs 下游,17,8,0.03132905002792888,-0.02103486998130155,0.05236392000923043,1.8963615359542332,0.07186408680646372,0.09950412019356515,1.0,False,False
剔除机器冲突公司,DeepSeek-R1_2025-01-20,2025-01-20,399001.SZ,"[-3,+3]",中游 vs 下游,17,8,-0.015081924487404193,-0.02103486998130155,0.005952945493897358,0.26522287670742317,0.7932518462053697,0.7964241082474962,1.0,False,False
剔除机器冲突公司,DeepSeek-R1_2025-01-20,2025-01-20,399001.SZ,"[-3,+3]",上游 vs 中游,17,17,0.03132905002792888,-0.015081924487404193,0.046410974515333075,1.447354681604871,0.15813498278530558,0.18168700149801065,1.0,False,False
剔除机器冲突公司,DeepSeek-R1_2025-01-20,2025-01-20,399001.SZ,"[-5,+5]",上游 vs 下游,17,8,-0.04588708530615809,0.0347737850566914,-0.0806608703628495,-2.3585735777429226,0.027410914674896637,0.06435606054106166,1.0,False,False
剔除机器冲突公司,DeepSeek-R1_2025-01-20,2025-01-20,399001.SZ,"[-5,+5]",中游 vs 下游,17,8,0.0764990274131441,0.0347737850566914,0.041725242356452696,1.057979075811023,0.30108491117548924,0.32255986236272,1.0,False,False
剔除机器冲突公司,DeepSeek-R1_2025-01-20,2025-01-20,399001.SZ,"[-5,+5]",上游 vs 中游,17,17,-0.04588708530615809,0.0764990274131441,-0.12238611271930219,-2.838869107368171,0.007960383704570117,0.024268956076000617,0.4298607200467863,True,False
剔除机器冲突公司,DeepSeek-V3_2024-12-26,2024-12-26,000001.SH,"[-1,+1]",上游 vs 下游,17,8,0.021048645689782066,-0.03561894429696036,0.05666758998674243,2.929475436991828,0.012694390073106087,0.03264271733084422,0.6854970639477287,True,False
剔除机器冲突公司,DeepSeek-V3_2024-12-26,2024-12-26,000001.SH,"[-1,+1]",中游 vs 下游,17,8,-0.0019485611104341476,-0.03561894429696036,0.03367038318652621,1.9002776262357541,0.09077340025320703,0.10892808030384844,1.0,False,False
剔除机器冲突公司,DeepSeek-V3_2024-12-26,2024-12-26,000001.SH,"[-1,+1]",上游 vs 中游,17,17,0.021048645689782066,-0.0019485611104341476,0.022997206800216212,2.0294978379749704,0.0526680540138549,0.08887734114838015,1.0,False,False
剔除机器冲突公司,DeepSeek-V3_2024-12-26,2024-12-26,000001.SH,"[-3,+3]",上游 vs 下游,17,8,-0.04154683766454626,-0.15499820446584486,0.11345136680129861,3.4460673274430658,0.0063390275534929985,0.023618135515258612,0.3423074878886219,True,False
剔除机器冲突公司,DeepSeek-V3_2024-12-26,2024-12-26,000001.SH,"[-3,+3]",中游 vs 下游,17,8,-0.07645951644337592,-0.15499820446584486,0.07853868802246894,2.382829899669519,0.03851158977937593,0.07889089146253671,1.0,False,False
剔除机器冲突公司,DeepSeek-V3_2024-12-26,2024-12-26,000001.SH,"[-3,+3]",上游 vs 中游,17,17,-0.04154683766454626,-0.07645951644337592,0.03491267877882966,1.82644330024072,0.07712634298557959,0.10158103710295849,1.0,False,False
剔除机器冲突公司,DeepSeek-V3_2024-12-26,2024-12-26,000001.SH,"[-5,+5]",上游 vs 下游,17,8,0.03104499818679789,-0.14897368732325753,0.18001868551005543,6.678987926787534,6.171529130878872e-06,0.00011108752435581969,0.00033326257306745907,True,True
剔除机器冲突公司,DeepSeek-V3_2024-12-26,2024-12-26,000001.SH,"[-5,+5]",中游 vs 下游,17,8,-0.04709096378708929,-0.14897368732325753,0.10188272353616823,3.82206931334733,0.0016499248462285747,0.01113699271204288,0.08909594169634304,True,False
剔除机器冲突公司,DeepSeek-V3_2024-12-26,2024-12-26,000001.SH,"[-5,+5]",上游 vs 中游,17,17,0.03104499818679789,-0.04709096378708929,0.07813596197388718,3.390389492264764,0.0018717059808268017,0.011230235884960811,0.10107212296464729,True,False
剔除机器冲突公司,DeepSeek-V3_2024-12-26,2024-12-26,000300.SH,"[-1,+1]",上游 vs 下游,17,8,0.026391644846397125,-0.030376145997889476,0.0567677908442866,2.9604648178212707,0.011854035242619106,0.03264271733084422,0.6401179031014317,True,False
剔除机器冲突公司,DeepSeek-V3_2024-12-26,2024-12-26,000300.SH,"[-1,+1]",中游 vs 下游,17,8,0.0034876787061533824,-0.030376145997889476,0.03386382470404286,1.9296321443712676,0.08630092286818562,0.10678404879640607,1.0,False,False
剔除机器冲突公司,DeepSeek-V3_2024-12-26,2024-12-26,000300.SH,"[-1,+1]",上游 vs 中游,17,17,0.026391644846397125,0.0034876787061533824,0.02290396614024374,2.012118082550314,0.05451709605255403,0.08893022184363127,1.0,False,False
剔除机器冲突公司,DeepSeek-V3_2024-12-26,2024-12-26,000300.SH,"[-3,+3]",上游 vs 下游,17,8,-0.050186097826244946,-0.16482526079528936,0.11463916296904442,3.466053324740734,0.006099318275065161,0.023618135515258612,0.3293631868535187,True,False
剔除机器冲突公司,DeepSeek-V3_2024-12-26,2024-12-26,000300.SH,"[-3,+3]",中游 vs 下游,17,8,-0.08642108101154432,-0.16482526079528936,0.07840417978374505,2.3672952870516304,0.039445445731268354,0.07889089146253671,1.0,False,False
剔除机器冲突公司,DeepSeek-V3_2024-12-26,2024-12-26,000300.SH,"[-3,+3]",上游 vs 中游,17,17,-0.050186097826244946,-0.08642108101154432,0.03623498318529937,1.8766595985831966,0.06970996596426611,0.09906153058079921,1.0,False,False
剔除机器冲突公司,DeepSeek-V3_2024-12-26,2024-12-26,000300.SH,"[-5,+5]",上游 vs 下游,17,8,0.0169861030311773,-0.17185797999504285,0.18884408302622013,7.021166500728191,3.246442731237715e-06,0.00011108752435581969,0.00017530790748683663,True,True
剔除机器冲突公司,DeepSeek-V3_2024-12-26,2024-12-26,000300.SH,"[-5,+5]",中游 vs 下游,17,8,-0.0687072924129422,-0.17185797999504285,0.10315068758210065,3.889782814662192,0.0014337413023355788,0.011085849197620777,0.07742203032612126,True,False
剔除机器冲突公司,DeepSeek-V3_2024-12-26,2024-12-26,000300.SH,"[-5,+5]",上游 vs 中游,17,17,0.0169861030311773,-0.0687072924129422,0.0856933954441195,3.719454236428257,0.0007660210854693483,0.010341284653836201,0.041365138615344806,True,True
剔除机器冲突公司,DeepSeek-V3_2024-12-26,2024-12-26,399001.SZ,"[-1,+1]",上游 vs 下游,17,8,0.025606750850057942,-0.03094270713365411,0.056549457983712054,2.9426642636291827,0.012329121977223087,0.03264271733084422,0.6657725867700467,True,False
剔除机器冲突公司,DeepSeek-V3_2024-12-26,2024-12-26,399001.SZ,"[-1,+1]",中游 vs 下游,17,8,0.0029511973795046287,-0.03094270713365411,0.03389390451315874,1.9255936517602261,0.08700922494521976,0.10678404879640607,1.0,False,False
剔除机器冲突公司,DeepSeek-V3_2024-12-26,2024-12-26,399001.SZ,"[-1,+1]",上游 vs 中游,17,17,0.025606750850057942,0.0029511973795046287,0.022655553470553313,1.9992465973861193,0.05599310264228635,0.08893022184363127,1.0,False,False
剔除机器冲突公司,DeepSeek-V3_2024-12-26,2024-12-26,399001.SZ,"[-3,+3]",上游 vs 下游,17,8,-0.021583930124960043,-0.1352340351323692,0.11365010500740916,3.4378299510828687,0.006560593198682948,0.023618135515258612,0.3542720327288792,True,False
剔除机器冲突公司,DeepSeek-V3_2024-12-26,2024-12-26,399001.SZ,"[-3,+3]",中游 vs 下游,17,8,-0.05527230768179109,-0.1352340351323692,0.07996172745057811,2.412605419460826,0.03681517135390824,0.07889089146253671,1.0,False,False
剔除机器冲突公司,DeepSeek-V3_2024-12-26,2024-12-26,399001.SZ,"[-3,+3]",上游 vs 中游,17,17,-0.021583930124960043,-0.05527230768179109,0.033688377556831045,1.782801067439018,0.08411090968617045,0.10678404879640607,1.0,False,False
剔除机器冲突公司,DeepSeek-V3_2024-12-26,2024-12-26,399001.SZ,"[-5,+5]",上游 vs 下游,17,8,0.030328261635826824,-0.15418573299754465,0.18451399463337148,6.837260758250539,4.730113784892903e-06,0.00011108752435581969,0.00025542614438421677,True,True
剔除机器冲突公司,DeepSeek-V3_2024-12-26,2024-12-26,399001.SZ,"[-5,+5]",中游 vs 下游,17,8,-0.04961653515274539,-0.15418573299754465,0.10456919784479926,3.9346095083266817,0.001341326654011057,0.011085849197620777,0.07243163931659707,True,False
剔除机器冲突公司,DeepSeek-V3_2024-12-26,2024-12-26,399001.SZ,"[-5,+5]",上游 vs 中游,17,17,0.030328261635826824,-0.04961653515274539,0.07994479678857222,3.488975599832474,0.0014370545256175082,0.011085849197620777,0.07760094438334544,True,False
