股票代码,证券简称,公司全称,原始Layer,年报证据机器建议Layer,证据分类建议Layer,复核处理,是否改变原始Layer,经济功能分类理由,年报标题,年报公告日期,年报PDF_URL,证据文本文件,年报业务证据摘录,证据来源等级,作者是否批准,作者最终Layer,最终冻结状态,审核备注
603160,汇顶科技,深圳市汇顶科技股份有限公司,中游,上游,上游,调整,是,Fabless芯片设计企业，核心产品为传感、触控和连接芯片。,2023年年度报告,2024-04-10,https://static.cninfo.com.cn/finalpage/2024-04-11/1219564359.PDF,D:\thailand study\26_7_23paper\05_output\revision_step14d\evidence_text\603160_business_evidence.txt,"[PDF第12页]联网（IoT）领域随着5G、AI、云计算、大数据等新一代信息技术加速推进，物联网生态持续壮大，已广泛应用于家居、汽车、医疗、制造、农业、能源等领域，随着千行万业创新场景的不断涌现，将带动市场需求持续提升。三、报告期内公司从事的业务情况(一)主要业务及经营模式公司是一家基于芯片设计和软件开发的整体应用解决方案提供商，覆盖传感、触控、音频、安全、无线连接五大业务，主要面向智能终端、汽车电子、物联网领域提供领先的半导体软硬件解决方案。作为Fabless模式下的芯片设计企业，公司专注于芯片的设计研发和销售，将晶圆制造、封装和测试等环节外包给专业的晶圆代工、封装及测试厂商。公司采用直销和代理经销相结合的销售模式；直销模式下，模组厂、方案商或整机厂直接向本公司下订单；代销模式下，代理商向本公司采购芯片，并向其下游客户销售芯片。两种方式结合可有效降低新客户开发的成本，控制应收账款回款风险，并提高公司运作效率和市场响应速度。（二）报告期内主要产品1.传感产品（1）指纹传感器
[PDF第16页]239五、报告期内主要经营情况报告期内，公司实现营业收入4,408,052,320.27元，较上年同期增长30.26%，营业成本2,624,385,941.66元，较上年同期增长44.15%，综合毛利率较上年同期减少5.74个百分点。(一)主营业务分析1.利润表及现金流量表相关科目变动分析表单位：元币种：人民币科目本期数上年同期数变动比例（%）营业收入4,408,052,320.273,383,952,172.0030.26营业成本2,624,385,941.661,820,552,175.5544.15销售费用217,733,298.39272,146,022.22-19.99管理费用211,583,428.42217,472,341.84-2.71财务费用-83,824,893.06-15,881,271.44不适用研发费用1,049,255,196.171,536,779,661.29-31.72经营活动产生的现金流量净额1,785,770,737.45-905,611,561.96不适用投资活动产生的现金流量净额-1,728,215,219.111,225,510,898.76-241.02筹资活动产生的现金流量净额-309,690,670.25-432,330,405.89不适用营业收入变动原因说明：报告期内营业收入较上年同期增加30.26%，主要系受终端客户结构性需求增加及库存调整的影响，外加OLED软屏的加速渗透，公司指纹、触控等产品依托性能和成本优势实现市场份额的进一步提升所致。营业成本变动原因说明：报告期内营业成本较上年同期增加44.15%，主要系同期营业收入增加及产品结构变化所致。销售费用变动原因说明：报告期内销售费用较上年同期下降19.99%,主要系技术服务费减少所致。管理费用变动原因说明：报告期内管理费用较上年同期下降2.71%,主要系股份支付、折旧摊销费、咨询及服务费减少所致。财务费用变
[PDF第17页]2023年年度报告17/2392.收入和成本分析√适用□不适用报告期内，公司实现主营业务收入4,262,976,520.52元，较上年同期增长28.78%，主营业务成本2,497,069,126.23元，较上年同期增长37.48%，毛利率较上年同期减少3.71个百分点。(1).主营业务分行业、分产品、分地区、分销售模式情况单位:元币种:人民币主营业务分行业情况分行业营业收入营业成本毛利率（%）营业收入比上年增减（%）营业成本比上年增减（%）毛利率比上年增减（%）集成电路芯片4,262,976,520.522,497,069,126.2341.4228.7837.48减少3.71个百分点合计4,262,976,520.522,497,069,126.2341.4228.7837.48减少3.71个百分点主营业务分产品情况分产品营业收入营业成本毛利率（%）营业收入比上年增减（%）营业成本比上年增减（%）毛利率比上年增减（%）指纹识别芯片1,889,606,421.161,295,519,809.0931.4419.0329.10减少5.35个百分点触控芯片1,513,546,791.55729,452,415.6651.8167.3667.63减少0.07个百分点其他芯片859,823,307.81472,096,901.4845.095.0524.99减少8.77个百分点合计4,262,976,520.522,497,069,126.2341.4228.7837.48减少3.71个百分点主营业务分地区情况分地区营业收入营业成本毛利率（%）营业收入比上年增减（%）营业成本比上年增减（%）毛利率比上年增减（%）国内销售2,196,359,409.371,370,
[PDF第19页]商采购额中关联方采购额0万元，占年度采购总额0%。报告期内向单个供应商的采购比例超过总额的50%、前5名供应商中存在新增供应商的或严重依赖于少数供应商的情形□适用√不适用其他说明无3.费用√适用□不适用详见本节五、报告期内主要经营情况（一）主营业务分析1、利润表及现金流量表相关科目变动分析表4.研发投入(1).研发投入情况表√适用□不适用单位：元本期费用化研发投入1,049,255,196.17本期资本化研发投入299,219,676.58研发投入合计1,348,474,872.75研发投入总额占营业收入比例（%）30.59研发投入资本化的比重（%）22.19(2).研发人员情况表√适用□不适用公司研发人员的数量1,245研发人员数量占公司总人数的比例（%）82.67%研发人员学历结构学历结构类别学历结构人数博士研究生16硕士研究生710本科488本科以下31研发人员年龄结构年龄结构类别年龄结构人数30岁以下（不含30岁）30530-40岁（含30岁，不含40岁）75340-50岁（含40岁，不含50岁）14550-60岁（含50岁，不含60岁）3160岁及以上11(3).情况说明□适用√不适用
[PDF第20页]690,670.25-432,330,405.89122,639,735.64不适用主要系股票回购及分红变动所致。现金及现金等价物净增加额-238,443,045.27-73,251,978.52-165,191,066.75不适用(二)非主营业务导致利润重大变化的说明□适用√不适用(三)资产、负债情况分析√适用□不适用1.资产及负债状况单位：元项目名称本期期末数本期期末数占总资产的比例（%）上期期末数上期期末数占总资产的比例（%）本期期末金额较上期期末变动比例（%）情况说明交易性金融资产953,344,772.919.8050,829,056.970.541,775.59主要系公司购买的理财产品增加所致应收票据6,067,081.300.062,006,824.200.02202.32主要系增加票据结算所致应收账款612,640,143.276.30401,100,400.594.2552.74主要系收入增加所致应收款项融资9,549,729.890.10不适用主要系应收票据管理模式变化所致预付款项6,201,885.710.069,921,596.830.11-37.49主要系减少预付费用类款项所致",事件前2023年年度报告正文,待批准,,未冻结,
300033,同花顺,浙江核新同花顺网络信息股份有限公司,中游,下游,下游,调整,是,主要向金融机构和投资者提供金融信息、投顾与交易应用服务。,2023年年度报告,2024-02-26,https://static.cninfo.com.cn/finalpage/2024-02-27/1219187643.PDF,D:\thailand study\26_7_23paper\05_output\revision_step14d\evidence_text\300033_business_evidence.txt,"[PDF第10页]要使命，互联网金融信息服务行业拥有巨大的发展潜力，面临着重要的发展机遇。（2）技术革新为行业发展提供有力支持计算机和互联网技术在近年来的发展及应用日趋深入，尤其是大数据、区块链、云计算、人工智能等技术与软件与信息技术服务业的融合渗透下，传统业务模式、技术应用以及产品服务发生重大变革，延伸至金融市场以及金融服务之中。当前人工智能（AGI）正经历一个渗透率快速提升的阶段，为人工智能行业打开全新的成长空间，深度学习带来的科技革命将产生巨大的经济价值。技术革新为互联网金融
[PDF第12页]的生产生活带来了重大影响与冲击。数据的意义与作用日益凸显，市场主体在对数据生产、获取、搜集、存储、分析、应用等方面的需求与投入大幅提升。数据愈发成为覆盖企业组织生产、运营与交易全流程的基础性战略资源。二、报告期内公司从事的主要业务（一）公司主营业务及经营情况公司是国内领先的互联网金融信息服务提供商，产品及服务覆盖产业链上下游的各层次参与主体，包括证券公司、基金、银行、保险、政府、研究机构、上市公司等机构客户，以及广大个人投资者。公司主要业务是为各类机构客户提供软件产品和系统维护服务、金融数据服务、智能推广服务，为个人投资者提供金融资讯、投资理财分析工具、理财产品投资交易服务等。同时公司已构建同花顺AI开放平台，可面向客户提供智能语音、智能客服、智能金融问答、智能投顾、智能质检机、会议转写系统、虚拟数字人、智能医疗辅助系统等多项AI产品及服务，可为银行、证券、保险、公募基金、私募基金、高校、运营商、政府等行业提供智能化解决方案。公司主要收入来源为增值电信服务、软件销售及维护服务、广告及互联网业务推广服务、基金代销及其他交易服务等。报告期内，公司立足金融信息服务主业，稳步推进年度工作计划，加强人工智能技术与现有业务融合发展，培育人工智能产业生态，打造未来增长新引擎。受国内外多种因素的影响，资本市场出现一定程度波动，投资者对金融信息服务需求受到较大程度的影响，但公司上下齐心协力，克服各种困难，各项业务平稳运行，2023年营业总收入总体保持稳定。公司实现营业收入3,564,260,219.05元，比上年同期增加0.14%。同时，公司集中资源对人工智能（AGI）大模型领域进行投入，尤其是加大在专业人才引进和算力资源建设等领域的投入，研发费用有所增加；另外，公司为扩大市场份额，加大销售推广力
[PDF第13页]入证券核心交易系统的产业升级改造，提升我国金融安全自主可控水平；针对证券行情系统架构复杂、开放性低、运维难度大等问题，打造集高性能、易扩展、微服务、易维护等诸多优势于一体的解决方案；利用人工智能技术，从使用功能到场景体验多维度升级，不断提高产品及服务的智能化水平，持续优化用户体验；在人工智能大模型领域，公司构建了高质量金融数据集，具备从零开始创新设计大模型结构能力，建立了高效的训练框架体系，可快速地完成大模型设计、研发、训练和评估，极大降低公司自研及与客户共建大模型的成本。截至2023年12月31日，公司已累计获得自主研发的软件著作权479项，发明专利授权61项（其中美国专利16项），形成了明显的技术领先优势。报告期内公司大模型、智能语音、自然语言处理、机器翻译、图形图像等技术应用取得较大突破，并在AAAI、ACL、IJCAI、EMNLP等国际顶级AI学术会议及期刊上发表论文数十篇。公司自研的问财HithinkGPT大模型是公司从训练语料、训练框架到模型结构的设计，均从零开始、创新构建，预训练金融语料达到万亿级tokens，涵盖了股票、债券、期货、外汇、商品价格、宏观经济指标、行业数据等多个方面的数据。问财HithinkGPT大模型具有全面的实时金融数据、强大的语义理解、专业的投顾建议、生动的表达形式、可控的内容生成等特点，经过前期多轮测试与优化，该模型在金融场景中表现出色，能够高分通过多个金融领域的专业考试。2、丰富人工智能产品线，拓展细分赛道公司继续加大人工智能技术应用研发，尤其是重点加大人工智能大模型相关的技术与公司现有的产品和服务体系之间的融合，为用户提供更好的产品及服务质量，进一步提升公司产品的竞争力。公司致力于打造基于人工智能技术应用的生态圈，推动其成为公司业绩增长的新引擎。同花顺AI开放平台目前可面向客户提供数字虚拟人、短视频生成、文章生成、智能金融问答、智能语音、智能客服机器人、智能质检机器人、会
[PDF第14页]多元化营销推广，提高品牌影响力报告期内公司积极利用金融用户智能推荐平台，通过产品与用户的精准匹配，提升用户黏度，实现客户的高效转化；积极利用文章、短视频、直播等推广手段，借助微博、微信、抖音、快手等平台，在实现投资者教育的同时，积极传播推广产品及服务，进一步提高品牌影响力；加强销售团队建设，提高销售投入规模，以加强产品与服务推广；不断严格规范营销行为，坚持合规展业，坚决保护客户的利益。5、加强人才培养和引进力度，打造高水平人才队伍报告期内公司加大人才培养和引进力度，内部通过“同顺学院”组织丰富多样的学习发展、培训活动，帮助员工持续成长。积极运用国家级博士后工作站、省级企业研究院、省级高新技术企业研发中心、省级工程技术中心等创新载体，建立良好的人才梯队及人才储备；积极与高校开展产学研合作，采取联合培养、建立实训基地、开设“同花顺订单班”等方式培养应用型人才，实现课堂与产业的深度融合和无缝转换；通过云宣传、云面试，全程无接触式的方式，做好校园招聘和社会招聘，提高公司招聘效率，为应聘者提供便利。报告期公司员工数量较去年同期增加244人，博士学历员工新增40人。6、加强内部控制管理，提高公司治理水平报告期内，公司不断优化内部控制制度和工作机制，持续强化控制程序和控制措施，积极开展公司内部合规培训，并邀请外部专家开展合规讲座；同时严格落实各项规章制度，持续加强合规管理和风险管理，构建完善的内部控制制度流程体系。公司严格按照相关的法律法规规范股东大会、董事会、监事会的日常运作，不断提高法人治理水平。7、提升信息披露质量，加强投资者关系管理报告期内公司严格按照国家法律法规及相关规范性文件的要求，规范信息披露工作，提升信息披露工作的整体质量，确保信息披露的及时性、真实性、准确性和完整性。与投资者保持密切交流，在资本市场树立良好的企业形象。公司研发了针对上市公司信息披露、投资者关系管理、合规业务等工作的i董秘平台，可实现事前资料查
[PDF第15页]司2023年年度报告全文15公司是国内领先的互联网金融信息服务提供商，也是最大的网上证券交易系统供应商之一。公司深耕金融信息服务行业近三十年，在产品、客户、商业模式、品牌、技术、数据等方面具有独特而明显的优势。公司拥有面向产业链上下游构建的产品及服务体系，可提供形式多样、品种丰富的产品及服务，有效满足不同类型不同层次客户的需求；公司拥有庞大而活跃的用户群，有利于构建基于产业链的生态圈，打造领先而灵活的商业模式；公司拥有良好的品牌形象，近三十年的持续稳健经营与优质服务，在证券市场中已取得较高的知名度和美誉度；公司每年投入大量资源用于新产品、新技术的研究开发与应用，深入探索前沿技术在行业中的应用，特别是在人工智能技术应用方面，已构建较强的技术壁垒；同时，公司拥有来源丰富的海量金融数据资源，具有高效的数据处理与服务能力，为公司进行差异化竞争奠定良好的基础。三、核心竞争力分析公司是国内领先的互联网金融信息服务提供商。公司拥有近三十年金融信息服务行业经验，在产品、客户资源、技术、人力资源、数据资源、品牌认可度、管理团队等方面拥有独特而明显的竞争优势。1、产品优势公司拥有完整的产品及服务体系，提供产品和服务内容主要包括：为机构客户提供网上交易软件及系统维护，金融数据、智能推广等产品及服务；为个人投资者提供金融资讯和信息服务、投资理财分析工具、理财产品交易服务、投资社区交流服务等。产品结构合理，品种多样，可以有效满足产业链上下游不同层次客户的需求。同时，公司构建的同花顺AI开放平台，可面向客户提供智能语音、智能客服、智能金融问答、智能质检机、会议转写系统、数字人、智能医疗辅助系统等多项AI产品及服务，可为银行、证券、保险、公募基金、私募基金、高校、政府、运营商、医疗等行业提供智能化解决方案。经过多年的沉淀，公司产品具备了较好用户体验度和较强用户黏性，深受广大客户好评，形成了明显的竞争优势。2、客户资源公司现有业务平台覆盖了证券",事件前2023年年度报告正文,待批准,,未冻结,
300078,思创智联,思创智联科技股份有限公司,中游,下游,下游,调整,是,业务主要落在商业零售、物联网门店等具体终端应用场景。,2023年年度报告,2024-04-25,https://static.cninfo.com.cn/finalpage/2024-04-26/1219829527.PDF,D:\thailand study\26_7_23paper\05_output\revision_step14d\evidence_text\300078_business_evidence.txt,"[PDF第4页]行了8.17亿元可转换公司债券，虽然2023年度可转债持有人的转股数量增加，可转换公司债券余额及利息金额有所减少，但利息支出仍然占比较高，对经营利润带来一定影响。报告期内，公司从事的主要业务未发生变化。公司持续经营能力不存在重大风险。关于“主营业务、核心竞争力、主要财务指标变动情况、所处行业景气情况”等信息详见本报告第三节“管理层讨论与分析”。本报告中如有涉及未来的计划、业绩预测等方面的内容，均不构成本公司对任何投资者及相关人士的承诺，投资者及相关人士均应对此保持足够的风险认识，并且应当理解计划、预测与承诺之间的差异。公司在本报告第三节“管理层讨论与分析”之“十一、公司未来发展的展望”描述了公司未来经营中可能面临的风险，敬请广大投资者注意查阅。公司计划不派发现金红利，不送红股，不以公积金转增股本。
[PDF第11页]五届董事会第九次会议审议通过，公司对发现的2020年度子公司医惠科技有限公司与杭州闻然信息技术有限公司的确认依据不足收入，采用追溯调整法进行了差错更正，调整了2020年度的合并财务报表：调减应收账款账面余额16,969,582.59元，调减主营业务收入16,009,040.18元，调减应交税费-增值税960,542.41元，调减主营业务成本3,625,434.10元，调增无形资产3,625,434.10元，调减应收账款坏账准备848,479.13元，调减信用减值损失848,479.13元，调减递延所得税资产127,271.87元，调增所得税费用-递延所得税费用127,271.87元，调减应交税费-所得税1,238,360.61元，调减所得税费用-当期所得税费用1,238,360.61元。由于本次对虚假记载收入的差错更正与2022年4月差错更正的部分内容重合，因此，本次差错更正在上次差错更正的基础上，采用追溯调整法对上述虚假记载事项涉及的收入、成本等内容进行了差错更正，调整了2019-2022年度的合并财务报表，具体如下：(一)2019年度因上述虚假记载事项，调整2019年度合并财务报表：调减应收账款账面余额33,125,117.33元，调减应收账款坏账准备1,656,255.86元，调减递延所得税资产248,438.38元；调减应交税费-增值税2,095,761.36元，调增其他应付款3,900,000.00元；调减主营业务收入34,929,355.97元，调减信用减值损失1,656,255.86元，调增所得税费用-递延所得税费用248,438.38元。(二)2020年度因上述虚假记载事项，调整2020年度合并财务报表：调减应收账款账面余额67,638,993.88元，调减应收账款坏账准备3,381,949.70元，调增存货3,555,781.98元，调减合同资产账面余额
[PDF第12页]29元，调减应交税费-城建税73,417.05元，调减应交税费-教育费附加31,464.45元，调减应交税费-地方教育附加20,976.30元，调增应交税费-所得税1,238,360.61元，调增其他应付款55,096,197.33元；调减主营业务收入80,459,745.95元，调减主营业务成本5,602,752.56元，调减税金及附加125,857.80元，调减信用减值损失1,725,693.84元，调减资产减值损失9,000.00元，调增所得税费用-当期所得税费用1,238,360.61元,调增所得税费用-递延所得税费用260,204.08元，调减年初未分配利润33,521,538.49元。因上述差错调整冲回的已开票增值税-销项税预计无法退回，调增应交税费-增值税4,863,499.46元，调增管理费用4,863,499.46元。(三)2021年度因上述虚假记载事项，调整2021年度合并报表：调减应收账款账面余额66,018,993.88元，调减应收账款坏账准备52,407,333.89元，调增存货2,799,982.44元，调减其他流动资产1,238,360.61元，调增无形资产原值2,046,970.58元，调增无形资产累计摊销682,323.56元，调减递延所得税资产7,861,100.09元；调减应交税费-增值税2,455,510.18元，调减应交税费-城建税60,006.01元，调减应交税费-教育费附加25,716.86元，调减应交税费-地方教育附加17,144.58元，调增其他应付款55,096,197.33元；调增主营业务收入1,592,920.35元，调增主营业务成本1,438,123.10元，调增税金及附加22,990.35元，调减信用减值损失49,025,384.19元，调增资产减值损失9,000.00元，调增所得税费用-递延所得税费用7,352,457.63元，调减年初未分配利润112
[PDF第19页]地区。二、报告期内公司从事的主要业务报告期内，公司致力于打造以智慧医疗、智慧商业、智慧健康、智慧养老为核心的全产业链布局，以数据要素化和数字资产应用为核心，持续引领行业创新发展，致力于成为全球领先的智慧医疗和物联网应用整体解决方案的服务商。主营业务为智慧医疗以及物联网相关产业。（一）智慧医疗业务1、主要业务情况公司坚持以“简约智慧医疗”为理念，以“提高患者安全、医疗质量、临床效率”为目标，依托物联网、大数据、人工智能、区块链、5G等核心技术，为智慧医疗各业务场景提供专科化个性化解决方案，构建面向医院业务、区域医疗协同、居民养老和个人健康管理的智慧医疗健康服务体系，为居民和医疗机构提供全人全程可及连贯的智慧医疗健康服务。但是随着国家新的政策方向带来的
[PDF第20页]务解决方案、智慧后勤解决方案等）的状态下，开展数字化转型，加大投入力度专注于打造创新型智慧医疗服务生态体系，基于个人医疗健康数据相关的业务体系进行公司的数字化转型，以数字驱动助力医疗数字化改革、提高医疗效益、提升医疗质量、服务全民健康。2、主要产品及用途（1）智慧医院板块，公司智慧医院整体解决方案依据国家电子病历分级评价标准、互联互通标准、智慧服务评审标准、智慧管理评审标准，以E-SMART3.0智慧医疗云生态服务平台为核心，创新运用微服务技术架构，利用业务服务结合不同角色定位进行业务场景及流程整合，从而实现业务和技术场景化的重组和融合，实现医疗服务的场景化、智能化、个性化和专科化应用，同时以集成平台为核心，整合院内医疗数据流，打造以数据驱动临床业务闭环提升患者安全，通过对院内数据进行分类更加有效的提取数据的价值，为数据驱动的人工智能提供更加准确的训练模型。主要产品及服务有E-SMART3.0智慧医疗云生态服务平台（基于医院）、移动护理、电子病历、智慧临床医生工作站、微小化HIS等临床业务系统，信息集成平台、数据中心、专病数据科研平台、物联网共性开放平台、医院智慧后勤管理平台等数字化驱动应用平台，医院运营管理与决策分析平台、医疗大数据管理平台等运营管理支撑系统。（2）区域医疗协同板块，公司紧密跟进国家公立医院高质量发展改革步伐，根据区域医疗卫生的数字化改革方向投入面向省域、市域的集团化医院业务协同与数据共享云平台产品的研发推广，深度契合2023年2月国家卫生健康委、国家发展改革委、财政部等6部门联合印发的《紧密型城市医疗集团建设试点工作方案》文件精神，为统筹区域内医疗资源，网格化布局紧密型城市医疗集团，为网格内居民的疾病预防、诊断、治疗、营养、康复、护理、健康管理等一体化、连续性医疗卫生服务提供信息化支撑，解决区域内医疗健康数据的互通互用，提升区域内医疗健康服务的同质化水平，盘活区域内医疗资源的利用率，杜绝区域内",事件前2023年年度报告正文,待批准,,未冻结,
300451,创业慧康,创业慧康科技股份有限公司,中游,下游,下游,调整,是,主营医疗卫生信息化和智慧医疗应用，属于医疗终端场景。,2023年年度报告,2024-04-12,https://static.cninfo.com.cn/finalpage/2024-04-13/1219595769.PDF,D:\thailand study\26_7_23paper\05_output\revision_step14d\evidence_text\300451_business_evidence.txt,"[PDF第3页]技股份有限公司2023年年度报告全文3保证了强大的技术后盾。对于已形成产业化的产品进行深度开发，加快其升级换代，保持技术优势。2、创新业务拓展不确定的风险为适应国内医疗健康服务市场需求的不断变化，满足国内医疗健康服务快速发展的市场需求，公司主营业务已从以产品开发销售为主逐渐向系统建设、服务与运营多领域拓展，主要包括：智慧医卫、互联网医疗、医疗物联网、医疗健康大数据、健康城市、智慧医保等整体解决方案、系统承建及运维、运营服务等创新业务。但公司上述业务扩展计划能否顺利实施，这需要公司从经营思路、营运模式、人员结构、产品开发及财务等资源能否提供有力支持息息相关，因此，公司可能存在因资源不足导致市场拓展不确定的风险。应对措施：公司在大力推进新业务拓展的同时，也将根据用户需求情况和市场竞争情况不断调整产品研发和市场拓展策略，加大行业间的合作力度，以便进行合理的风险控制，同时采取较为稳健的财务控制措施，在经营策略、运营模式方面，控制和分散相关风险。3、市场竞争加剧的风险经过多年发展，公司在医疗卫生行业信息化领域已经处于领先地位，占有了相对稳固的市场份额并树立了良好的品牌形象。但随着用户对IT服务的需求不断增长，行业内原有竞争对手规模和竞争力的不断提高，加之新进入竞争者逐步增多，可能导致公司所处行业竞争加剧。虽然市场总体规模在未来相当长一段时间内仍将以较快的速度扩大，为公司提供了获取更大市场份
[PDF第17页]便居民配药开药，加强与签约居民的联系，深化“一老一小”健康管理服务，延长城市社区门诊服务时间，推行“先诊疗、后结算”，提供周末疫苗接种，为糖尿病、高脂血症、高血压等慢性病患者提供运动、饮食处方或建议，改善就医服务环境。二、报告期内公司从事的主要业务公司成立以来始终秉承“创造智慧医卫，服务健康事业”的企业宗旨，专注于医疗卫生健康信息化的建设、研发及服务创新，公司始终坚持以市场为导向，以客户需求为出发点，不断深化拓展医疗卫生健康信息化行业市场。公司遵循《“健康中国2030”规划纲要》《国民经济和社会发展第十四个五年规划和2035年远景目标纲要》等新政策导向，紧跟产业步伐，顺应新业态的发展，并结合自身市场情况、业务特点及产品服务优势，公司2021年启动“慧康云”整体云化转型发展战略，构建纵向联动、横向扩展的产业布局，真正形成医疗卫生健康信息化行业的云生态价值供应链，致力成为健康中国卓越领跑者。从慧康云1.0内生态模式转化，慧康云2.0客户生态群重构，到慧康云3.0产业生态升级，生态互融战略，未来目标是加速完成从IT信息产品服务公司到科技云生态企业的转型。
[PDF第18页]创业慧康科技股份有限公司2023年年度报告全文18（二）公司主要产品及服务自2021年以来，随着云计算、大数据、物联网、人工智能等最新IT技术在医疗行业场景中全面深入应用，公司通过“慧康云”的发展战略，以数据驱动业务变革，对传统的临床服务、患者服务、医疗科研、运营管理等场景进行直接赋能，适时推出了一系列以“生态互融”为愿景的云化产品，逐步形成智能医健卫业务（HI），数据治理及服务（DI），以及人工智能（AI）等研发体系布局，具体产品服务涵盖医疗、卫生、医保、健康养老等各种服务场景，四大产品服务板块。1、医疗卫生信息化应用软件产品服务板块经过多年的研发，公司医疗卫生信息化应用软件产品服务板块已建立了较为完整的产品体系，拥有八大系列300多个自主研发产品，可以满足各大中型医院和县级以上卫生管理机构的信息化需求。（1）医院信息化应用软件服务板块医院信息化应用软件是以电子病历为核心，以全面集成为手段，采用先进的IT技术框架，遵循国内外通用标准和规范，支持医院内部医疗信息和管理信息的数据采集、处理、存储、传输和共享，实现病人信息数字化、医疗过程数字化、管理流程数字化、医疗服务数字化、信息交互数字化。在价值链上实现病人、医院、供应商的信息集成；在管理链上实现人、财、物、药、设备等的管理与战略目标的集成，内容涵盖医院临床、医技、护理、科研、教学、管理等多个方面。①重要产品序号产品名称产品简介1慧康云HIS整体解决方案为基层医疗机构、集团医院、专科联盟等提供医疗卫生一体化云服务。平台具有互联网性、多租户、可配置、可扩展等特性，客户可根据自身需求，实现灵活配置，快速上线。平台可对医疗机构相关业务系统进行统一管理，实现居民健康档案、基本医疗服务、基本公共卫
[PDF第21页]结合的新型服务模式，真正实现了全国首家将医养结合的各类服务对接在民政、卫生、社保公共平台上的供给侧结构性改革的创新模式，为社区老年人提供了从生理到心理，从康复到生活照料，从疾病预防到慢病管理及护理上的全方位关心与照护。2、医疗卫生互联网应用产品及服务板块公司积极响应国家促进“互联网+医疗健康”发展的意见，以创新、互联、融合、开放、共享的发展理念，坚持新时期卫生与健康工作方针，以保障城市人民健康为出发点，以提高人民群众医疗服务获得感为目标，建设城市全民健康信息化服务体系，推动政府健康医疗信息系统和公众健康医疗数据互联融合、开放共享，构建“互联网+医疗健康”的新型服务模式，为深化医药卫生体制改革、推动全生命周期健康管理和建设智慧高效的医疗卫生服务体系提供强大动力。①重要产品序号产品名称产品简介1混合云互联网医院解决方案在实现数据混合的基础上，将互联网医疗的业务融入混合云系统，以医疗专业的角度构建整体架构。实现基础数据在云上、私密数据在云下，基础服务在云上、个性化服务在云下，云上与云下真正实现业务可联动、数据可共享、服务可定制的互联网医疗专属混合云方案。2创业健康城市云平台坚持政府主导，以满足居民健康需求为目标。整合城市医健资源，通过互联网化提升开放能力，优化重构服务流程，构建以城市为单位的医疗健康服务平台，为居民提供精准、便捷、可信的一站式服务。3处方共享平台通过接入医院HIS把符合院外支付购药的门诊处方从平台推送至院外经审核符合条件的社会零售药店，由患者在线支付并自主选择药店自取或配送上门的智能药品配送平台。4护理云平台以创生态、促便民、建次序为产品目标，以“互联网+护理服务”政策为依据，通过互联网信息技术，整合第三方市场资源，在满足网约护士场景基础上，扩充了院内护工陪护、月嫂上门、保姆上门、
[PDF第22页]医疗服务。儿童计免预约在全区8家基层医疗单位上线运行，居民通过线上预约接种6万人次。在居民自助就医方面，全区统一建设区域统一支付平台，全区公立医疗机构实现了窗口扫码付，刷脸支付，自助机，以及推广人工智能问诊机器人。3、医疗卫生智慧物联网应用产品及服务板块公司依托大数据应用技术和健康城市运营业务，进行整体市场布局，以“未来医疗”新模式为基础构建医疗健康产业的物联网生态体系。目前，基于自主开发的智能物联支撑平台，已逐步形成了以物联网技术为核心的便民服务、临床应用服务、运营管理服务、健康服务等医疗应用服务体系和战略部署。同时，公司将不断根据院内场景需求定向打造物联网模块产品，力求达到院内就医场景基本覆盖。",事件前2023年年度报告正文,待批准,,未冻结,
688111,金山办公,北京金山办公软件股份有限公司,中游,下游,下游,调整,是,WPS及WPS AI直接面向个人与机构办公场景，属于终端应用。,金山办公2023年年度报告,2024-03-20,https://static.cninfo.com.cn/finalpage/2024-03-21/1219361803.PDF,D:\thailand study\26_7_23paper\05_output\revision_step14d\evidence_text\688111_business_evidence.txt,"[PDF第11页]力在办公领域的切实落地。报告期内，公司实现营业收入455,597万元，同比增长17.27%；归属于母公司所有者净利润131,774万元，同比增长17.92%；归属于母公司所有者扣除非经常性损益净利润126,229万元，同比增长34.45%。主营业务中，国内个人办公服务订阅业务收入265,335万元，同比增长29.42%；国内机构订阅及服务业务收入95,743万元，同比增长38.36%；国内机构授权业务收入65,515万元，同比减少21.60%；互联网广告推广及其他业务收入28,792万元，同比减少6.05%。1、国内个人办公服务订阅业务（1）会员升级赋能个人订阅增长，WPSAI开启公测并加快商业化报告期内，公司发布了基于大语言模型的智能办公应用WPSAI，锚定AIGC（内容创作）、Copilot（智慧助理）、Insight（知识洞察）三个战略方向发展，将AI在国内办公软件领域率先落地的成果带给用户。WPSAI于第四季度完成备案并正式开启公测，进一步赋能智能办公新场景，培养用户AI办公习惯，为用户开启智能办公新体验，为后续推进商业化进程打下良好基础。报告期内，公司主要产品月度活跃设备数保持稳定增长，并推出全新WPSOffice版本，大幅优化启动、新建、打开等关键流程的性能体验；探索更优质的上云体验和用户感知，降低用户从端切换到云的门槛，增加用户对WPS云服务的粘性，打造优质的端云一体化体验，提升用户云端活跃度；进一步精进产品质感，打造WPS产品家族感设计；降低对用户的无效打扰，向用户精准推荐内容资源及增值服务功能，有效提升用户对WPS的使用感和认可度。在坚持长周期会员策略的同时，公司全新升级会员权益结构，通过提供权益丰富的超级会员体系，并通过原子化权益组合包装，推出诸如PDF套餐、云盘套餐等权益包，精准覆盖不同需求
[PDF第12页]2023年年度报告12/305的用户群体，不断提升个人用户付费转化与客单价，带动国内个人办公服务订阅业务稳定增长。未来借助WPSAI商业化，有望进一步打开个人订阅服务的付费空间。报告期内，公司主要产品及运营数据更新如下：①主要产品月度活跃设备数截至2023年12月31日，公司主要产品月度活跃设备数为5.98亿，同比增长4.36%。其中WPSOfficePC版月度活跃设备数2.65亿，同比增长9.50%；WPSOffice移动版月度活跃设备数3.30亿，同比增长0.61%。表一：主要产品月度活跃设备数截至日期2023年12月2022年12月同比增长主要产品月活设备数5.98亿5.73亿4.36%注：主要产品月度活跃设备数定义为WPSOffice及金山词霸各端活跃数合并，不包含金山文档等产品数据。②累计年度付费个人用户数截至2023年12月31日，公司累计年度付费个人用户数达到3,549万，同比增长18.43%。表二：累计年度付费个人用户数截至日期2023年12月31日2022年12月31日同比增长累计付费个人用户数(万)3,5492,99718.43%注：累计年度付费个人用户数定义：过去12个月内发生付费行为的个人用户数(不含一次性零售)，不含海外。2、国内机构客户业务（1）WPS365发挥新质生产力作用，助力政企客户数字化转型报告期内，公司面向组织级客户全新升级办公新质生产力平台WPS365，提供内容创作、办公协作、开放生态及数字资产管理等能力。一方面，WPS365中的即时通讯服务、轻维表、轻审批等功能为企业提升团队协作效率、管理研发项目、低成本搭建审批流程等提供了重要支撑；另一方面，通过WPS365公有云/私有化部署的云文档系统，企业数字资产被严格加密保存云端，数据安全得到有效保障，企业在数字化转型过程中的需求得到全方位满足。报告期内，公司持续推进政企端云一体化及
[PDF第15页]2023年年度报告15/305二、报告期内公司所从事的主要业务、经营模式、行业情况及研发情况说明(一)主要业务、主要产品或服务情况1、主要业务公司是国内领先的办公软件和服务提供商，主要从事WPSOffice办公软件相关产品及服务的设计研发及销售推广。公司主要产品包括WPSOffice办公软件、金山文档等办公能力产品矩阵以及金山数字办公平台解决方案。其中WPSOffice办公软件及金山文档等产品可在Windows、Linux、MacOS、Android、iOS、HarmonyOS等众多主流操作平台上应用，主要服务包括基于公司产品为客户提供涉及日常办公和文档相关的增值功能、互联网广告推广等服务。金山数字办公平台可根据组织级客户需求以对应的赋能方式及交付模式为其提供一站式、多平台应用的解决方案或服务。公司拥有办公软件领域30余年研发经验及技术积累，旗下主要产品及服务皆由公司自主研发，对核心技术具有自主知识产权。公司重点针对文字排版技术、电子表格计算技术、动画渲染技术、在线协同编辑、安全文档以及数据协同共享等多种关键技术进行深入研究，通过核心技术的突破，打造了云和协作办公应用服务体系，创建智能办公新模式，全面提升用户体验。2、主要产品、服务及解决方案（1）WPSOffice办公软件WPSOffice办公软件是公司的核心产品，为用户提供一站式办公服务。产品通过WPSOffice桌面版（Windows版本、Mac版本、Linux版本）及WPSOffice移动版（Android版本、iOS版本），实现了多端覆盖，在不同的终端设备/系统上拥有相同的文档处理能力。WPSOffice在与国外主流Office高度兼容的同时，拥有丰富的特色功能，为广大用
[PDF第16页]人办公服务订阅、国内机构订阅及服务业务均呈现快速增长的趋势，受信创产业政策影响，国内机构授权业务订单下降，互联网广告推广因公司主动战略调整，收入占比呈逐年收缩趋势，并已于2023年12月正式关停。（1）个人办公服务订阅业务在个人办公服务订阅业务模式下，用户可通过下载WPSOffice等公司办公软件产品或通过在线应用免费体验基础功能。并可借由邮箱、QQ、微信、手机号等多种方式注册WPS帐号，在登录后使用公司为其提供更多的免费在线功能及服务。
[PDF第17页]力其高效办公。付费会员主要分为WPS会员、稻壳会员、超级会员三类。2023年4月公司进行了会员体系调整，部分付费会员已升级至超级会员或超级会员Pro。上述会员均可以按月度、季度或年度形式付费。（2）国内机构订阅及服务业务在国内机构订阅及服务业务模式下，公司可为不同规模的组织级客户提供专业级办公软件产品、企业办公云服务及办公解决方案，通常与其签订逐年或多年合同。在合同约定期限内，公司授予此类客户依合同约定设备或用户数使用某一版本软件产品或服务模块的权利；公司依合同约定收取对应的软件授权或服务费用；合同期内，客户享有该版本软件产品或服务模块的升级和技术支持保障，同时客户也可选择付费增加其他增值模块或服务。合同到期后，客户可选择续约。（3）国内机构授权业务在国内机构授权业务模式下，公司可授予部分组织级客户某一版本产品的一定数量的使用权，该使用权通常包括永久授权和随机授权两种，其中随机授权是指，其所购买的授权软件产品永远跟随原始计算机或设备，不可转移安装到其他计算机或设备上。该授权产品通常包含一定期限（通常为一年）的升级保障服务，超出期限的升级和服务保障则需要另外购买。（4）互联网广告推广服务业务（已于2023年12月正式关停）在互联网广告推广服务业务模式下，对于免费用户，公司采用“免费+广告”的盈利模式。公司借助庞大用户群体，凭借良好的品牌价值，成为广告客户推广其产品的重要平台。互联网广告推广是指公司为有推广需求的客户在客户端及网站平台上提供广告位，通过启动客户端产品以及软件使用时的启动封面、开屏页等方式推广客户的服务与产品。广告根据不同位置、类别以及客户不同需求来确定结算方式和收入，比如根据时长、点击量、注册数等确认信息流量，公司每月与客户根据流量信息确认收入。2、销售模式（1）个人办公服务订阅业务销售模式个人办公服务订阅主要通过各类网站及展示位进行在线销售，包括WPSOffice各端及在线广告展示位、微信、淘宝、抖",事件前2023年年度报告正文,待批准,,未冻结,
002065,东华软件,东华软件股份公司,下游,中游,中游,调整,是,核心为应用软件、数字基础设施和IT解决方案，属于通用软件与集成层。,2023年年度报告,2024-04-11,https://static.cninfo.com.cn/finalpage/2024-04-12/1219579676.PDF,D:\thailand study\26_7_23paper\05_output\revision_step14d\evidence_text\002065_business_evidence.txt,"[PDF第6页]证券报》、《证券日报》、《证券时报》及巨潮资讯网http://www.cninfo.com.cn公司年度报告备置地点北京市海淀区紫金数码园3号楼16层公司证券部四、注册变更情况统一社会信用代码911100007226188818公司上市以来主营业务的变化情况（如有）无变化历次控股股东的变更情况（如有）无变化
[PDF第10页]服务业统计公报》的数据显示，2023年，全国软件和信息技术服务业累计完成业务收入123,258亿元，同比增长13.4%，增速较上年同期提高2.2个百分点；软件业利润总额14,591亿元，同比增长13.6%，增速较上年同期提高7.9个百分点，主营业务利润率提高0.1个百分点至9.2%。在此背景下，软件产业中诸如国产软件平台、国产数据库、人工智能系统、数据安全产品等细分领域以及该类领域的拓展领域，展现了较快的发展趋势。公司作为一家长期致力于为客户提供应用软件和信息技术解决方案的综合性IT服务提供商，自成立以来，始终如一积极参与中国数字化进程，重点聚焦在数字基础设施建设、核心关键技术能力构建、数字行业应用等领域的业务深耕。伴随着国家各项政策的紧密出台，公司一方面迎来了数字中国建设过程中的巨大市场机遇，另一方面也面临整个软件行业提质升级的迫切需求。未来随着云计算、智慧城市、智能制造等新兴行业的进一步发展渗透，软件行业仍然有不可估量的前景空间。综合来看，软件和信息技术服务业运行态势良好，在这一趋势下，软件行业正不断迎来发展的新契机、新浪潮。二、报告期内公司从事的主要业务公司根据本行业的现状和发展趋势，持续研发关键技术、构建核心竞争能力、精准匹配落地场景的要求，积极参与数字中国建设进程，在关键核心技术能力建设方面持续投入，在行业应用方面聚焦优势行业。报告期内，公司主要从事的业务包括以下几个方面：（一）数字基础设施建设“十四五”以来，算力规模持续扩大，智能算力成为行业增长的重要基础，经过几年的快速发展，算力行业实现了算力规模和供给水平的大幅提升，行业赋能效益日益显现，技术环境持续优化，带动相关行业蓬勃发展，从本公司所处的行业环境看，数据中心、智能计算中心、超算中心部署加快，业务模型开拓日新月异。伴随着全国一体化算力网络国家枢纽节点的部署和“东数西算”工程的推进，我国算力基础设施建设和应用保持快速发展。在此背景下，带动相关领域的
[PDF第13页]动行业可持续健康发展。（三）数字化行业应用通过上述核心技术能力的提升，促进了东华软件在金融、医疗健康、智慧城市、水利等行业的数字化应用，具体体现在以下方面：1、医疗行业创新是企业发展的灵魂，报告期内，东华医为致力于践行“技术创新、产品创新、业务模式创新”的创新战略，不断优化产品技术，以更好地服务客户，提升品牌竞争力。（1）智慧医院公司核心产品iMedicalHOS，简称医院综合业务操作系统（HOS）,报告期内推出2.0版本。“HOS”以“全域业务孪生表达，流程闭环可见可控”为主要特点，“HOS”的核心并不局限于IT本身，更聚焦于医院业务逻辑。“HOS”以生产要素治理、业务流程梳理为两大抓手切入医院信息化建设，是提升医院高质量发展的重要工具支撑。“HOS”通过整合汇集医院各IT系统的全生命周期数据，在医院管理、医疗、服务等领域进行融合计算，支撑医院运行的生命体征感知、医疗资源配置、指挥调度、事件预测预警、业务治理等各项活动开展，面向患者、医护人员和管理者，输出各类智慧结果与智慧能力。报告期内，东华医为新签约广西医科大学第一附属医院、山东第一医科大学第二附属医院等20家客户。“HOS+订阅模式”已经成为东华医为践行客户成功战略和建设智慧医院的最佳解决方案和最佳商业模式。千万级以上的智慧医院合同总额超过6.6亿，包括山东大学齐鲁医院德州医院、长治市人民医院等客户。已支持14家医院通过电子病历系统功能应用水平分级评价五级以上测评，其中，四川大学华西第二医院实现了6级测评。截至目前，东华医为已支持40家医院客户通过电子病历五级、六级高级别评审。此外，东华医为承接了澳门科技大学科大医院、埃塞俄比亚国防专业转诊医院HIS建设项目，并亮相医疗卫生信息与管理系统协会（HIMSS）亚太健康大会暨展览会，不断扩大产品在国际上的影响力。（2）智慧城市医疗在城市智慧医疗领域，公司推出2.0升级版的城市智慧医疗操作系统（CityHealth
[PDF第17页]跨行业生态网络渠道、构建多元化规模更大的用户网络以及突破“信息孤岛”约束等方面，推动产业、企业提高供应链效率，这将降低匹配成本、信息共享成本、管理成本等经营成本，显著提升整个企业生态网络的创新水平和业绩水平，实现企业、产业的高质量发展。四、主营业务分析1、概述参见“二、报告期内公司从事的主要业务”相关内容。2、收入与成本（1）营业收入构成单位：元2023年2022年同比增减金额占营业收入比重金额占营业收入比重营业收入合计11,523,614,059.95100%11,833,330,551.43100%-2.62%分行业金融健康行业7,199,163,724.2162.47%7,284,619,819.4461.56%-1.17%
[PDF第18页]%465,739,455.763.94%3.73%通信行业861,558,661.217.48%918,163,180.037.76%-6.16%其他688,716,759.255.98%760,681,792.586.43%-9.46%非主营业务收入5,638,613.230.05%8,427,632.760.07%-33.09%分产品系统集成收入7,814,354,131.9567.81%8,357,892,879.0270.63%-6.50%软件收入1,096,854,021.299.52%1,014,092,533.388.57%8.16%技术服务收入2,606,767,293.4822.62%2,452,917,506.2720.73%6.27%其他业务收入5,638,613.230.05%8,427,632.760.07%-33.09%分地区东北地区800,125,216.376.94%800,471,650.586.76%-0.04%华北地区7,222,941,018.9662.68%7,546,732,864.6463.78%-4.29%华东地区1,524,135,935.8713.23%1,524,346,369.1212.88%-0.01%华南地区335,908,268.132.91%327,224,642.272.77%2.65%华中地区517,726,546.034.49%507,275,290.244.29%2.06%西北地区549,529,494.884.77%550,359,778.664.65%-0.15%西南地区567,608,966.484.93%568,492,323.164.80%-0.16%非主营业务收入5,638,613.230.05%8,427,632.760.07%-33.09%分销售模式不适用公司需遵守《深圳证券交易所上市公司自律监管指引第3号——行业信息披露》中",事件前2023年年度报告正文,待批准,,未冻结,
002368,太极股份,太极计算机股份有限公司,下游,中游,中游,调整,是,主营数字政府、数据平台和软件信息服务，属于平台与系统集成层。,2023年年度报告,2024-04-17,https://static.cninfo.com.cn/finalpage/2024-04-18/1219648035.PDF,D:\thailand study\26_7_23paper\05_output\revision_step14d\evidence_text\002368_business_evidence.txt,"[PDF第6页]的媒体名称及网址巨潮资讯网（http://www.cninfo.com.cn）、《中国证券报》《上海证券报》《证券时报》公司年度报告备置地点公司投资与证券管理部四、注册变更情况统一社会信用代码91110000101137049C公司上市以来主营业务的变化情况（如有）无变更历次控股股东的变更情况（如有）2020年7月3日，公司控股股东由十五所变更为中电太极，公司实际控制人未发生变更，仍为中国电子科技集团有限公司。
[PDF第10页]2023年全国软件和信息技术服务业规模以上企业超3.8万家，累计完成软件业务收入123,258亿元，同比增长13.4%，增速较上年同期提高2.2个百分点；软件业利润总额14,591亿元，同比增长13.6%，增速较上年同期提高7.9个百分点，主营业务利润率提高0.1个百分点至9.2%。软件和信息技术服务业运行稳步向好，进一步支撑制造强国、网络强国、数字中国建设。2023年5月，国家互联网信息办公室发布《数字中国发展报告（2022年）》。报告显示，2022年，我国数字经济规模达50.2万亿元，总量稳居世界第二，同比名义增长10.3%，占国内生产总值比重提升至41.5%。数字产业规模稳步增长，数字技术和实体经济融合日益深化，新业态新模式不断涌现，数字企业加快推进技术、产品与服务创新能力提升，不断培育发展新动能。随着新一轮科技革命和产业变革的深入发展，数字经济作为国民经济的“稳定器”和“加速器”，发挥着愈加重要的作用。其中，数据对提高生产效率的乘数作用不断凸显，成为最具时代特征的生产要素之一。发挥数据要素的放大、叠加、倍增作用，构建以数据为关键要素的数字经济，是推动高质量发展的必然要求。近年来，国家陆续发布数据要素市场构建的一系列文件，推动我国数据要素市场驶入“快车道”。国家数据局出台《“数据要素×”三年行动计划（2024—2026年）》，聚焦工业制造等12个行业和领域，明确发挥数据要素价值的典型场景，激活数据要素潜能，促进数据要素在相关行业和领域的广泛应用，推动形成数据要素驱动经济社会高质量发展新态势。党中央全面部署数字中国建设，数实融合进入新阶段，各有关部门积极推进数据要素市场化配置改革和数据产业发展。基于数字中国“2522”整体框架，太极股份提出构建数字中国的126可信体系，将关键核心技术、安全合规机制融入可信平台建设，打造融合数字基础设施、数据资源体系“两大基础”的一体化可信平台；围绕数据资源持有权、开发使用权、
[PDF第11页]、众联六大领域可信水平，消除数据产业不同主体对安全、隐私和权益的顾虑，激活数据要素潜能，为整个产业提供可信的发展环境。二、报告期内公司从事的主要业务公司所处行业为软件与信息技术服务业，是国内电子政务、智慧城市和关键行业信息化的领先企业。公司主营业务为面向政务、公共安全、企业等行业提供信息系统建设和云计算、大数据等相关服务，涵盖信息基础设施、业务应用、数据运营、网络信息安全等综合信息技术服务。围绕数字中国建设，公司以“数据驱动、云领未来、网安天下”为核心战略指引，持续推动战略转型，逐步形成了新的业务体系，主要包括：云与数据服务、自主软件产品、行业解决方案和数字基础设施。云与数据服务：指依托自有云计算资源及数据服务基础设施为客户提供云计算服务与数据服务。自主软件产品：指为客户提供基础软件产品、通用软件产品和行业业务产品的销售、定制开发及服务。行业解决方案：指围绕客户需求，提供咨询规划、设计开发、集成建设、运行维护等服务，推动数字技术与行业深度融合，助力行业数字化转型升级。数字基础设施：指为客户提供数据中心、算力中心等数字基础设施的设计、建设和运营等服务。三、核心竞争力分析进入数字化时代，公司从产品、技术和机制等方面打造数字中国126可信体系，助力行业客户数字化转型。公司核心竞争力主要体现在以下几方面：1、完善的自主产品体系优势。公司布局了包含普华操作系统、人大金仓数据库、金蝶天燕中间件、慧点科技办公软件、法智易合同法务软件在内的自主产品体系，并牵头组建中国电科信创工程研究中心，形成了日益完善的自主可控产业生态体系。2、成熟的“云+数”服务模式优势。公司开创了“云+数+应用+生态”的一体化服务模式，不断将云计算、大数据、人工智能和区块链等新技术应用到新业务场景中，为客户提供基于“太极云”的智能应用和数据服务。3、“懂行”的优势。公司通过多年在党政、公共安全、企业等行业领域的服务，积累了丰富的应用场景和行业经验，能够将技
[PDF第12页]太极计算机股份有限公司2023年年度报告全文12四、主营业务分析1、概述2023年，公司以党的创新理论领航业务发展，牢记“国之大者”，增强战略引领，持续推进在基础软件、数据要素等领域的布局，在做优做强主业的同时谋划创新转型。报告期内，公司实现营业收入919,461.73万元，同比下降13.27%；实现归属于上市公司股东的净利润37,524.08万元，同比下降0.28%；实现归属于上市公司股东的扣除非经常性损益的净利润34,204.60万元，同比增长3.06%，公司毛利率较上年同期增加3.32个百分点，净利率较上年同期增加0.68个百分点，主营业务盈利能力不断改善，经营质量持续提升。报告期内，公司主要发展情况如下：（1）发力信创核心产品，加强信创市场拓展和生态建设公司以政企客户数字化转型为牵引，以信创核心产品为依托，大力推动信创向重点市场、关键客户和核心应用场景迈进。在党政市场，公司“一云多芯”首个信创政务云落地天津，并通过等保三级、国密测评以及中央网信办云计算安全评估，为全国政务云改造升级树立标杆；在行业市场，公司深入企业核心业务和数字化转型场景，在能源、制造、金融、烟草、媒体等行业实现信创项目落单，助推行业信创发展。在数据库领域，子公司人大金仓实现营业收入37,285.95万元，同比增长8.38%，实现净利润7,523.73万元，同比增长49.60%，净利率较上年同期提升5个百分点。人大金仓持续加强核心产品研发和重点行业市场布局，年内发布KESPlus快速开发与运维平台、KESSharding分布式集群软件、KOPS集中运维管控一体化平台三款新产品；成功中标最高人民法院法制信息化工程、中国人民解放军总医院云HIS系统、中国海油
[PDF第16页]太极计算机股份有限公司2023年年度报告全文16分销售模式直接客户9,194,617,318.657,035,514,255.7223.48%-13.27%-16.87%3.32%公司主营业务数据统计口径在报告期发生调整的情况下，公司最近1年按报告期末口径调整后的主营业务数据□适用不适用（3）公司实物销售收入是否大于劳务收入□是否（4）公司已签订的重大销售合同、重大采购合同截至本报告期的履行情况□适用不适用（5）营业成本构成行业和产品分类单位：元行业分类项目2023年2022年同比增减金额占营业成本比重金额占营业成本比重企业营业成本2,949,877,636.5441.93%2,215,639,760.6026.18%33.14%政务营业成本3,255,160,019.6446.27%5,132,496,224.0860.64%-36.58%事业单位营业成本660,322,954.999.39%839,594,642.909.92%-21.35%其他营业成本170,153,644.552.42%275,821,097.503.26%-38.31%单位：元产品分类项目2023年2022年同比增减金额占营业成本比重金额占营业成本比重云与数据服务营业成本599,120,001.378.52%438,195,827.975.18%36.72%自主软件产品营业成本1,244,943,530.9517.70%1,111,399,102.3513.13%12.02%行业解决方案营业成本3,513,099,995.1849.93%5,556,389,820.8765.65%-36.77%数字基础设施营业成本1,605,547,852.5322.82%1,300,082,899.6515.36%23.50%其他营业成本72,802,875.691.03%57,484,0",事件前2023年年度报告正文,待批准,,未冻结,
002439,启明星辰,启明星辰信息技术集团股份有限公司,下游,中游,中游,调整,是,主营网络、数据和AI安全产品及运营平台，属于通用技术支撑层。,2023年年度报告,2024-04-12,https://static.cninfo.com.cn/finalpage/2024-04-13/1219597815.PDF,D:\thailand study\26_7_23paper\05_output\revision_step14d\evidence_text\002439_business_evidence.txt,"[PDF第6页]所http://www.szse.cn公司披露年度报告的媒体名称及网址《证券时报》《中国证券报》《证券日报》、巨潮资讯网www.cninfo.com.cn公司年度报告备置地点公司董事会办公室四、注册变更情况统一社会信用代码无变更公司上市以来主营业务的变化情况（如有）无变更
[PDF第11页]一体化安全运营的价值进一步得到市场认可。综上所述，全面完整的解决方案结合一体化的安全运营，满足了企业组织的网络信息安全从单纯的技术问题转变为战略层面的考量，即增强了安全防御体系，又能够确保满足合规要求、维护业务连续性。二、报告期内公司从事的主要业务（一）公司从事的主要业务报告期内，公司迎来跨越式发展的重大机遇，正处于从网络安全跃升到网络安全结合业务安全、数据安全“三位一体”大网信安全的战略升级时期。公司坚持以“创新场景化、交付运营化、技术原生化”为核心，将启明星辰独特的安全禀赋充分融入到中国移动“BASIC6”[1]科创计划中，积极布局新领域、新赛道，重点发力AI+安全、涉云网络安全、数据要素化安全、身份信任及密码应用安全、工业互联网安全等新兴安全领域，叠加中国移动战略协同资源推动公司业务拓维跃变，为政企客户、个人及家庭客户、新兴市场提供网络安全保障和信息安全保护；公司继续强化启明星辰长期深耕的网络安全业务高质量发展，筑牢在经典网安板块的领先地位，在双业务引擎的驱动下，促进公司业务稳健、高质量、可持续发展。作为中国移动专责网信安全专业子公司，启明星辰将与中国移动一起构建新的大网信安全板块，并致力于成为该板块的缔造者与引领者，成为国家网信安全领域主力军和世界一流的安全力量。[1]B-BigData、A-AI、S-Security、I-IntegrationPlatform、C-ComputilityNetwork、6-6G
[PDF第18页]启明星辰信息技术集团股份有限公司2023年年度报告全文18（二）公司所处的行业地位启明星辰是网络安全产业中主力经典产业板块的龙头企业，同时也是新兴前沿产业板块的引领企业和可持续健康业务模式和健康产业生态的支柱企业。公司成立28年以来始终以用户安全需求为本，保持贴近业务应用，充分深入安全需求与技术、产品、服务的融合，探索将客户的场景化需求与核心技术紧密相连。集团旗下多个品牌均成为国内高端企业级客户的首选。报告期内，公司19类产品连续多年保持市场占有率第一，16类产品处于市场领导者/市场第一阵营。报告期内，公司产品在国内外权威机构报告的排名和入选情况如下[2]：类别产品排名数据安全数据安全2015年至今中国市场占有率持续第一数据库安全审计与防护2014年至今中国市场占有率持续第一运维安全审计2016年至今中国市场占有率持续第一2021年入围Gartner亚太特权管理魔力象限数据安全基础设施管理平台获《IDCTechScape：中国数据安全技术发展路线图，2022》数据安全基础设施管理平台推荐厂商位居《IDCMarketScape：中国数据安全管理平台2023厂商评估》中国数据安全管理平台领导者阵营数据安全服务获《IDCPerspective：中国数据安全服务市场洞察，2022》数据安全服务推荐厂商零信任零信任网络访问解决方案获《IDCMarketScape：中国零信任网络访问解决方案，2022年厂商评估》中国零信任网络访问解决方案厂商领导者安全运营托管安全服务2019年起市场占有率持续第一驻场托管安全服务IDC《中国托管安全服务（驻场、远程、云托管）市场份额，2022》市场占有率排名第一物联网安全视频物联安全2021年至今中国市场占有率持续第一视频物联边界安全2021年至今中国市场占有率持续第一工业互联网安全工业防火墙2018年至今中国市场占有率持续第一工控
[PDF第24页]安全检测、支持应用加固能力；终端安全能力：实现对多种威胁类型的感知及分析能力，支持MDM移动终端管理能力；网关侧安全能力：通过智能网关对家庭终端设备进行应用控制及支付监控，有效避免家庭“一老一小”因受到网络不良诱导而导致的盲目消费行为。四、主营业务分析1、概述2023年公司积极应对复杂的外部环境和日益严峻的网络威胁态势，坚持以高质量、可持续发展为目标，积极拓展新网信板块，不断夯实与中国移动的协同融合，持续提升公司核心竞争力，实现了收入、利润的持续增长，盈利水平持续行业领先。（一）新业务板块驱动收入增长，与中国移动业务协同效果彰显报告期内，公司全年完成营业收入45.07亿元，保持自2010年上市以来的持续增长。其中，新业务板块（涉云安全、数据安全2.0＆3.0、工业互联网安全、安全运营）实现营业收入21.42亿元，较上年同期增长13.82%，占全年营收的47.54%，新业务收入占比进一步提升。其中涉云安全业务实现收入5.72亿，较上年同期增长34.50%，安全运营中心业务实现收入10.61亿，较上年同期增长13.01%，打造新质生产力初见成效。公司积极推进与中国移动的业务协同高质量落地，实现总部-省-市全面对接，与中国移动集团及下属公司签署62份战略合作协议，在共建一体化安全运营中心、安全云、专线卫士、AI安全大模型等方向上，业务协同效果明显，为政企客户、中小企业组织、个人/家庭用户提供多样化安全防护能力和订阅服务。（二）盈利水平保持业内领先，经营质量持续提升
[PDF第26页]分销售模式直销3,673,591,739.141,702,791,167.2053.65%12.00%28.37%-5.91%分销833,320,390.53200,731,050.4475.91%-27.98%-39.25%4.47%公司主营业务数据统计口径在报告期发生调整的情况下，公司最近1年按报告期末口径调整后的主营业务数据□适用不适用（3）公司实物销售收入是否大于劳务收入是□否行业分类项目单位2023年2022年同比增减信息网络安全销售量元4,506,912,129.674,410,594,548.372.18%生产量元4,501,837,611.834,432,017,623.351.58%库存量元148,283,448.81153,357,966.65-3.31%",事件前2023年年度报告正文,待批准,,未冻结,
300036,超图软件,北京超图软件股份有限公司,下游,中游,中游,调整,是,主营GIS基础软件与空间智能平台，可被多个下游行业复用。,2023年年度报告,2024-04-14,https://static.cninfo.com.cn/finalpage/2024-04-15/1219599498.PDF,D:\thailand study\26_7_23paper\05_output\revision_step14d\evidence_text\300036_business_evidence.txt,"[PDF第10页]）公司所处行业根据中国证监会《上市公司行业分类指引》（2012年修订），公司所处行业为“信息传输、软件和信息技术服务业”之“软件和信息技术服务业”，所属行业代码为I65。公司聚焦的地理信息软件和空间智能领域，是数字经济核心产业的一部分，公司主营业务涵盖数字经济核心领域。（二）行业基本情况地理信息产业作为国家战略性新兴产业，是空天信息产业链的重要组成部分，是现代测绘技术、信息技术、计算机技术、通讯技术和网络技术等相结合而发展起来的综合性产业。我国地理信息产业经过二十多年的高速发展，现已进入高质量发展阶段，产业规模持续壮大，总产值继续提升，科技创新能力不断提升，基础设施建设扎实推进。中国地理信息产业发展报告(2023)显示，2022年，我国地理信息产业总产值7,787亿元，增速达3.5%，产业运行稳中有进。研究表明，人类活动所产生的数据，80%以上与地理空间位置有关，地理空间数据是承载数字经济各类专题信息的基础数据。随着空间数据处理等核心地理信息技术迅速发展，以及地理信息产业与通信、互联网、物联网、云计算、人工智能等前言信息技术的不断融和创新，我国地理信息产业保持了较高的增长速度，空间智能软件技术正成为推进信息化建设的重要新质生产力。（三）行业政策支持公司所在行业是国家重点支持和鼓励发展的产业，是关系国民经济和社会发展全局的基础性、战略性和先导性产业。我国软件行业的主管部门是工业和信息化部，地理信息行业的主管部门是自然资源部。公司的GIS软件广泛应用于数字中国建设，涵盖了水利、气象、农业、政务、自然资源等多个细分领域。近年来国家有关部门出台了一系列政策，支持产业持续蓬勃发展。国家有关部门扶持软件和GIS产业发展的政策政策名称核心内容
[PDF第14页]能领域的技术研发和应用服务。作为地理信息软件（GIS）行业的领跑者，专注地理空间智能领域，公司始终坚持自主创新，研发形成了全信创系列的国产软件产品，深度参与数字中国、数字政府以及企业数字化等建设，为经济社会高质量发展提供有力支撑。（一）公司主营业务2023年，公司业务未发生重大变化。主要围绕以下几个方面开展：GIS基础软件业务1、GIS基础软件是地理信息软件产业的技术制高点，是地理信息的“操作系统”，可应用于各行各业，其粘性非常强，支撑上层各类应用系统的开发。2、目前公司GIS基础软件业务盈利模式主要为永久许可模式以及订阅制模式，前者为主
[PDF第22页]践，形成了覆盖数百城市的信息化案例，积累了丰富的项目经验，对行业应用有着深刻的理解和积累积淀。凭借专业化能力和服务，公司多次获得国家级科技进步奖、省部级科技进步奖，诸多项目获得GIS优秀工程金奖，GIS优秀工程奖的获奖数量数年蝉联第一。四、主营业务分析1、概述公司坚持长期主义，聚焦自主创新，巩固攻坚成果，厚植发展优势。报告期内，全体员工咬定目标、坚定信心、凝心聚力、积极作为，以“冲”的姿态、“硬”的举措，全力冲刺全年各项目标任务。报告期内，公司营业收入19.79亿元，同比增长24.00%，归属于上市公司股东的净利润1.52亿元，同比增长144.92%。未来公司将紧抓自主化、数字化、智能化等战略机遇，创新空间智能，升维IT价值，打造更加贴近市场需求的空间智能技术和产品，与更多生态伙伴一起，用空间智能赋能千行百业信息化建设。（1）重新定义GIS内涵，产品创新成果显著随着技术的进步和应用领域的增多，GIS的外延边界不断扩大，不断赋予GIS更广泛的内涵，已成为涵盖地理信息软件(GeospatialInformationSoftware，广义GIS)和空间智能软件(GeospatialIntelligenceSoftware)的全新概念。公司是聚焦地理信息软件（GeographicInformationSoftware，广义GIS）和空间智能（GeospatialIntelligence，GI）领域的基础软件与应用软件厂商，是信创、时空大数据、人工智能、虚拟现实等领域的重要参与者。报告期内，公司研发投入保持高位，产品创新成果显著。①进军遥感生产领域，打造遥感GIS一体化报告期内，公司进军遥感生产领域，打造遥感GIS一体化，正式发布遥感软件产品—跨平台遥感影像处理桌面软件[SuperMapImageXPro(Beta)]，实现了遥感GIS一体化的遥感数据全流程处理与应用。跨平台遥感影像处理桌面软件基于遥感GIS一体化技术构建
[PDF第33页]2%东北186,364,513.7183,323,574.0855.29%60.41%30.49%10.25%分销售模式直接销售1,978,685,866.97833,390,081.6857.88%24.00%-2.30%11.34%公司主营业务数据统计口径在报告期发生调整的情况下，公司最近1年按报告期末口径调整后的主营业务数据□适用不适用（3）公司实物销售收入是否大于劳务收入□是否（4）公司已签订的重大销售合同、重大采购合同截至本报告期的履行情况□适用不适用（5）营业成本构成产品分类单位：元产品分类项目2023年2022年同比增减金额占营业成本比重金额占营业成本比重GIS软件GIS软件826,596,196.4799.18%846,075,340.2799.19%-2.30%其他其他6,793,885.210.82%6,904,582.560.81%-1.60%公司需遵守《深圳证券交易所上市公司自律监管指引第3号——行业信息披露》中的“软件与信息技术服务业”的披露要求主营业务成本构成单位：元成本构成本报告期上年同期同比增减金额占营业成本比重金额占营业成本比重人工成本289,782,888.8535.06%265,652,108.1031.40%9.08%
[PDF第38页].89127.78%相关数据同比发生重大变动的主要影响因素说明□适用不适用报告期内公司经营活动产生的现金净流量与本年度净利润存在重大差异的原因说明不适用。适用□不适用主要原因系部分已验收项目未回款、部分项目收付款及进度款下降所致。五、非主营业务情况适用□不适用单位：元金额占利润总额比例形成原因说明是否具有可持续性投资收益24,862,801.5616.10%理财收益否资产减值-132,423,340.49-85.78%信用减值损失、资产减值损失否营业外收入16,294,070.6610.55%政府补助、无需支付的款项否营业外支出2,759,759.011.79%其他否六、资产及负债状况分析1、资产构成重大变动情况单位：元2023年末2023年初比重增减重大变动说明金额占总资产比例金额占总资产比例货币资金1,063,632,894.1923.54%930,060,674.7321.15%2.39%应收账款715,630,040.1515.84%673,678,613.6515.32%0.52%合同资产49,588,472.051.10%36,518,122.710.83%0.27%合同资产较上年末增加35.79%，主要系本期质量保证金增长所致。存货446,475,355.509.88%496,282,644.0011.29%-1.41%",事件前2023年年度报告正文,待批准,,未冻结,
300170,汉得信息,上海汉得信息技术股份有限公司,下游,中游,中游,调整,是,主营企业数字化软件、平台及实施服务，属于通用软件与集成层。,2023年年度报告,2024-04-23,https://static.cninfo.com.cn/finalpage/2024-04-24/1219769846.PDF,D:\thailand study\26_7_23paper\05_output\revision_step14d\evidence_text\300170_business_evidence.txt,"[PDF第17页]——行业信息披露》中的“软件与信息技术服务业”的披露要求公司自2002年成立以来，一直专注于为企业管理数字化提供软件产品解决方案及综合服务，致力于成为连接企业管理与数字化技术的桥梁，帮助企业实现数字化转型，提高运营效率、效益与竞争能力。公司主营业务属于计算机软件服务领域，过去22年在中国经济快速发展的大背景下，公司的能力匹配了企业日益增长的数字化需求，得以持续快速发展。随着数字化逐渐成为不可或缺的要素，行业将迎来更大的发展空间，这为公司未来长期稳定发展及进化提供了非常好的条件，主要体现在以下几个方面：（一）行业发展环境国家数字经济长期发展战略思路越来越清晰，当前的信创推行也越来越坚决，这无疑给中国计算机行业未来的发展提供了非常大的动能。而行业本身遵循发展规律，也已逐渐进入到国产品牌崛起的阶段。宏观趋势为行业发展创造了非常好的环境。1、国家数字经济战略国家高度关注数字经济发展，《中华人民共和国国民经济和社会发展第十四个五年规划和2035年远景目标纲要》将“加快数字化发展，建设数字中国”单独成篇，在顶层设计中明确数字化转型的战略定位。数字经济是经济持续稳增长的关键动力，占GDP比重不断提升。国务院印发了《“十四五”数字经济发展规划》（以下简称“《规划》”），在总体目标方面：提出到2025年，数字经济迈向全面扩展期，数字经济核心产业增加值占GDP比重从2020年的7.8%上升至2025年的10%。数字化创新引领发展能力大幅提升，智能化水平明显增强，数字技术与实体经济融合取得显著成效，数字经济治理体系更加完善，我国数字经济竞争力和影响力稳
[PDF第21页]，公司服务了超过300家中国五百强企业，以及超过100家世界五百强企业。相对于中小企业，行业头部大企业普遍具有更强的数字化意识，数字化需求较为旺盛。因此公司主要选择服务于这部分IT消费意愿和付费能力较强的客户群体。在行业细分领域分类上，公司核心业务所处的“企业软件”及“IT服务”领域中，当前中国企业投入占比远低于发达国家企业的投入水准。根据Gartner数据，中国企业2023年在软件及IT服务上的投入占比为6.7%和18.48%，远远低于全球平均水平的19.52%和29.53%。这在很大程度上表明，中国的企业软件和IT服务市场有非常大的发展空间。图1:2023年全球企业IT支出结构图2:2023年中国企业IT支出结构
[PDF第23页]）重点细分业务领域发展趋势公司早期以提供ERP咨询实施服务为主，自2016年开始加大自研软件的力度，经过几年的转型，公司自研产品业务已初具规模，主要在智能制造、数字营销及业财融合等领域为企业提供软件及解决方案。随着智能化趋势的发展，公司也在产品及服务中，逐渐加大AI应用的力度，企业智能化也将成为公司业务中不可或缺的一环。1、工业软件
[PDF第27页]技术股份有限公司2023年年度报告全文27企业过去从管理信息化向业务数字化迈进，下一阶段向智能化方向前进，已经成为普遍的共识，下游需求必将大量涌现，推动相应的新商业价值，这也将为提供计算机服务的企业创造更大的市场空间。二、报告期内公司从事的主要业务（一）业务总览公司自2002年成立以来，一直专注于为企业客户提供信息化、数字化建设产品与解决方案综合服务。致力于成为连接企业管理与数字化技术的桥梁，帮助企业实现数字化转型，提高运营效率、效益与竞争能力。公司主要服务于营业规模较大的企业客户，绝大部分客户在行业或细分专业领域排名靠前。在最近几年里，公司服务了超过300家中国五百强企业，以及超过100家世界五百强企业。公司长期所服务的数千家企业客户，在数字化建设方面意识较强、脚步较快。随着公司客户群体在数字化方面的需求不断扩充升级。公司坚持以客户为中心，围绕企业客户数字化需求不断扩充综合服务能力并持续优化经营，商业发展模式越来越清晰。公司专注于目标客户群体的数字化服务，以客户为中心横向拓展能力覆盖面，聚焦行业提升竞争力，并逐步延伸扩大客户及区域覆盖范围：
[PDF第30页]、运维等服务）⚫OP软件产品License使用费⚫OP软件产品MA运维费⚫SaaS订阅费⚫软硬件及云基础设施分销其中，“服务费”存在按业务范围计价收费、按实际投入人天计价收费两种模式。4、自主数字化产品体系沉淀公司成长初期以ERP咨询实施为主要业务，基于务实稳健的服务能力，与客户形成了良好的信任关系。2016年开始，公司顺应市场需求趋势变化，加大力度进行自有产品的研",事件前2023年年度报告正文,待批准,,未冻结,
300188,国投智能,国投智能信息科技股份有限公司,下游,中游,中游,调整,是,主营数字取证、网络空间安全和数据智能平台，属于技术支撑层。,2023年年度报告,2024-04-12,https://static.cninfo.com.cn/finalpage/2024-04-13/1219596350.PDF,D:\thailand study\26_7_23paper\05_output\revision_step14d\evidence_text\300188_business_evidence.txt,"[PDF第2页]税软软件科技有限公司（以下简称“江苏税软”）的经营业绩不及预期。综合客观因素和未来业务发展判断，公司2023年度对江苏税软计提商誉减值准备金10,742.65万元；以上因素对公司的业绩产生影响。公司在本报告第三节“管理层讨论与分析”之“四、主营业务分析”部分详细阐述了公司业绩下滑的具体原因、在本报告第三节“管理层讨论与分析”之“十一（五）、公司可能面对的风险与应对措施”，分析了公司可能面对的风险与应对措施，提请投资者关注相关内容。本报告中有关未来计划、业绩预测等方面的内容，均不构成本公司对任何
[PDF第15页]中国建设的目标之一，明确提出要“发展高效协同的数字政务”，而其对“推动数字技术和实体经济深度融合”的工作要求与“十四五”规划纲要则以“企业数字化”的推进为基础，充分体现了国家对数字政务与企业数字化建设的重点关注。数字政务属于技术密集型行业，主要服务于政府机构，具有一定的技术和资质壁垒，发展领先的企业占据较大的市场份额，导致数字政务市场集中度较高，行业格局较为稳定。在国家加快数字政务建设的背景下，市场需求将持续不断增长，市场规模不断扩大。根据IDC预测，在“十四五”规划和数字政府
[PDF第17页]综合解决方案。2023年5月，美亚智企打造的“企业数据治理服务及应用示范”场景应用获得首届“国企数字场景创新专业赛”三等奖；2023年7月，基于“乾坤”大数据操作系统（QKOS）改造的服务企业侧应用的数据共享服务平台，入选《高质量数字化转型产品及服务全景图（2023上半年度）》，标志着国投智能在央国企数字化转型道路上取得了阶段性成果，在行业内具有一定的认可度。同时，公司聚焦智慧电力、智慧矿业、智慧港口等多个智慧能源领域，助力产业数字化升级，为建设“数字中国”贡献力量。4．网络安全与数据安全行业行业现状：网络安全是国家安全的重要组成部分，关系到政治安全、经济安全、军事安全、文化安全等其他方面的安全。《数字中国建设整体布局规划》将“数字安全”作为两大关键能力之一纳入数字中国建设的整体框架，明确提出“筑牢可信可控的数字安全屏障”的要求。当前国内网络空间安全治理面临数字经济发展新形势、人工智能技术新变革、安全威胁新演变等多重挑战，政府、企业网络安全合规性要求不断提升，个人信息安全备受重视，人工智能安全成为行业焦点和监管重点，数据安全和人工智能安全成为网络安全的重中之重，网络安全整体需求不断加大，未来我国网络安全市场规模将保持快速增长。据IDC预测，到2026年中国网络安全市场规模将达到318.6亿美元，五年复合增长率约为21.2%，增速位列全球第一，2022-2026年中国网络安全市场规模及复合增长率预测如下图6所示。工业和信息化部等十六部门发布的《关于促进数据安全产业发展的指导意见》，提出到2025年数据安全产业规模超过1,500亿元，年复合增长率超过30%。
[PDF第20页]超融合技术、推动数据融合、计算融合、业务融合，以打通信息壁垒，构建一套全生态的“大数据操作系统”；•承担厦门市重大科技项目“公共安全领域人工智能基础支撑平台”：该项目为算力、样本、算法、训练、测试、应用、培训一体化的人工智能统一的开发平台，主要服务国投智能及生态合作伙伴、三高企业，为从事公共安全领域相关的人工智能应用开发；•厦门市科技局批复的首家“厦门市网络空间安全技术创新中心”：创新中心以开展网络安全产业前沿引领技术和关键共性技术研发与应用为核心，加强应用基础研究，协同推进颠覆性技术创新，并开展成果应用示范，实行开放技术服务；•承担厦门市技术改造项目“下一代互联网信息识别技术的研究”：针对新一代互联网的特点，开展针对性的技术研究，以便对互联网上的结构化、非结构化的大数据进行精准识别；•承担厦门市科技计划项目“新一代电子数据取证技术研究及应用”：新一代电子数据取证主要研究物联网、云取证、区块链等新型网络空间安全的电子数据取证技术；•承担福建省科技厅福厦泉国家自主创新示范区大数据智能化处理与服务协同创新平台项目：通过产学研方式共同研发大数据智能化平台，推动大数据技术创新，加速国产化进程，实现大数据核心技术“自主可控”，支撑跨层级、跨地域、跨系统、跨部门、跨业务的应用场景。报告期间，公司在行业领域获得了主管机构、行业协会、产业联盟、业内媒体等多方的认可和各项荣誉，列举部分如下：•2023年12月，入选中国计算机学会抗恶劣环境计算机专业委员会、信息产业信息安全测评中心、安全牛联合发布的“中国网络安全企业100强”，位列前十；•2023年9月，上榜“2023年福建省互联网综合实力前50家企业”榜单；•2023年8月，入选大数据与数字经济大会暨2023大数据产业生态大会发布的“中国大数据企业50强”；•2023年8月，入选“2023值得关注的125家AIGC企业”；•2023年7月，入选《嘶吼2023网络安全产业图谱》；•
[PDF第21页]字政府产业图谱》，“垂直行业-智慧应急”、“一网统管”两大板块；•2023年5月，入选由数说安全评选的《中国网络安全市场全景图》；•2023年4月，入选由安全牛评选的《网络安全行业全景图》；•2023年3月，入选中国信通院《高质量数字化转型产品及服务全景图(2022)》“数据分析”细分领域；•2023年3月，入选国资委世界一流“专精特新”示范企业；•2023年2月，入选嘶吼《网络安全服务市场洞察报告》网络安全服务-安全实战、安全培训、安全咨询领域需求厂商图谱；•2023年2月，入选《CCSIP2022中国网络安全行业全景册》身份识别与访问管理、边界访问控制、内容安全、数据安全、事件管理＆响应、安全取证、安全服务、物联网安全等8个安全模块，分布于17个细分领域；•2023年1月，公司存证联盟链作为区块链+司法存证的创新实践典型入选由中国信息通信研究院牵头撰写的《司法领域区块链创新发展白皮书》；•2023年1月，入选中国信通院《零信任产业图谱》零信任设备-SDP网关、SDP控制器、SDP客户端，零信任解决方案-零信任整体解决方案等多个细分领域。（二）行业政策及发展趋势党和国家高度重视发展数字经济，并将其上升到国家战略，《政府工作报告》对数字经济的“表述”也不断强化，释放大力发展数字经济的积极政策信号。从我国数字经济领域的首部国家级专项规划《“十四五”数字经济发展规划》发布，到《关于构建数据基础制度更好发挥数据要素作用的意见》、《数字中国建设整体布局规划》等相继出台，顶层设计体系逐渐完善。与此同时，数字经济发展的统筹协调机制不断加强。2023年3月，根据《党和国家机构改革方案》组建国家数据局，协调推进数据基础制度建设，统筹数据资源整合共享和开发利用，统筹推进数字中国、数字经济、数字社会规划和建设等。当前，我国已基本形成完善的数字经济顶层设计与细化的地方推进举措相结合的政策体系。数字经济政策部署已成为我国构建现代化产业、",事件前2023年年度报告正文,待批准,,未冻结,
600410,华胜天成,北京华胜天成科技股份有限公司,下游,中游,中游,调整,是,主营云计算、IT基础架构和系统集成服务，属于平台集成层。,2023年年度报告,2024-04-24,https://static.cninfo.com.cn/finalpage/2024-04-25/1219799875.PDF,D:\thailand study\26_7_23paper\05_output\revision_step14d\evidence_text\600410_business_evidence.txt,"[PDF第8页]2023年年度报告8/321营业收入4,163,424,639.094,069,789,427.724,069,789,427.722.303,799,009,995.40扣除与主营业务无关的业务收入和不具备商业实质的收入后的营业收入4,110,048,608.724,020,134,337.694,020,134,337.692.243,754,528,412.56归属于上市公司股东的净利润-220,764,328.89-323,531,129.38-323,574,861.92不适用23,104,491.29归属于上市公司股东的扣除非经常性损益的净利润-298,092,162.00-387,921,451.66-387,965,184.20不适用-101,306,253.27经营活动产生的现金流量净额231,923,975.50207,116,074.51207,116,074.5111.9831,182,192.902023年末2022年末本期末比上年同期末增减（%）2021年末调整后调整前归属于上市公司股东的净资产4,303,341,033.304,479,790,138.224,479,756,732.59-3.944,668,734,214.77总资产8,772,128,363.988,558,858,950.098,557,227,575.102.498,883,549,143.34(二)主要财务指标主要财务指标2023年2022年本期比上年同期增减(%)2021年调整后调整前基本每股收益（元／股）-0.2013-0.2946-0.2946不适用0.0211稀释每股收益（元／股）扣除非经常性损益后的基本每股收益（元／股）-0.2719-0.3533-0.3533不适用-0.0925加权平均净资产收益率（%）-5.02-7.11-7.11增
[PDF第12页]化的战略定位，充分发挥大陆业务及香港业务的协同效应，推动智算高效布局，积极助力新质生产力发展，为“网络强国”、“数字中国”建设注入强大动力。报告期内，公司实现营业收入41.6亿元，与上年同期相比增加2.3%。公司各项业务发展情况如下：（一）主营业务
[PDF第13页]2023年年度报告13/321公司大陆主营业务（除ASL公司）签约合同额25.8亿元，与上年同期相比下降2.2%；实现营业收入20.3亿元，较上年同期下降5.6%。香港业务（ASL公司）实现营业收入港币23.6亿元，较上年同期增加6.5%。公司大陆主营业务（除ASL公司）包含以智算服务为代表的新基建业务、自主产品及行业解决方案业务。公司香港主营业务（ASL公司）包含系统集成及其他业务、融合科技服务业务。1、公司大陆主营业务情况（1）主要业务以智能算力服务为代表的新基建业务人工智能、物联网、大数据等技术的快速发展和广泛应用使得智算需求不断激增。客户对大模型的行业应用需求也呈现出前所未有的增长态势。公司顺应客户需求借助强大的智算服务支撑，为各行业客户提供大模型应用的落地，为新质生产力提供强大驱动力。公司以智算服务为代表，重点切入新基建业务，培育新质生产力，充分发挥公司行业、产品、服务、投资等优势，以天津河北区智算中心建设项目为标杆案例，在全国范围复制建设。公司以运维服务为依托，围绕特定行业需求，提供专业的服务，充分利用数据中心的运营经验，提供云平台、大数据及数据治理、数据实施等服务，为客户提供灵活、高效、安全的计算和数据处理服务，支持各种新兴技术的应用，推动数字经济和智能化产业的蓬勃发展。自主产品及行业解决方案业务公司具备软件的开发、设计能力、生态适配能力、项目数字化管理能力，建立了标准的项目管理流程、保密体系、合规流程和认证体系，对外输出各类信息化IT服务培训课程。公司的运维和服务团队长期服务于运营商和金融等企业，充分具备为客户提供国产化相关的软硬件环境适配、性能调优、模拟测试、数据迁移、运营维护等服务能力。公司的人
[PDF第14页]数据挖掘的效率等；在制造业领域，帮助客户优化生产流程、降低成本等。报告期内，公司承接了某股份制银行深度学习大模型训练推理平台项目、中国钢研科技集团有限公司数字化研发能力提升项目、中国测绘科学研究院自然资源大数据超算云平台等项目。2、公司香港主营业务情况公司于2009年收购香港规模最大的本土IT服务企业之一自动系统集团有限公司(ASL公司，股份代码：0771.hk）。截至2023年12月31日，ASL公司的产品销售上升8.2%，产品销售总额达11.8亿港元；服务收入上升5.0%，服务收入总额达11.8亿港元。ASL公司核心业务（即香港、澳门及其他亚太地区业务）总收入为23.6亿港元，较去年增加6.5%。ASL公司的业务分为系统集成及其他业务、融合科技服务业务，其中融合科技服务业务包含创新行业解决方案业务、智能网络安全服务业务、信息技术集成管理服务业务。（1）系统集成及其他业务
[PDF第15页]包服务订单的增加。报告期内，ASL公司积极协助政府实施数字化转型，推动智慧城市建设。此外，应用程式维护的订单量创新高，云服务与维护业务续签订单稳定增长。智能网络安全服务业务（Security）报告期内，智能网络安全服务收入达1.97亿港元。主要业务增长原因是网络安全及银行与教育客户对安全营运中心的持续需求增加，进一步拓展了大湾区网络安全业务。ASL公司持续为不同行业的客户提供优质服务，包括金融、政府等行业。ASL公司向行业客户提供具有针对性且更便捷的DevSec解决方案。2023年，ASL公司不断加强服务平台整合，在大湾区总部新设第三个资讯安全营运中心。信息技术集成管理服务业务(Operations)报告期内，信息技术集成管理服务收入为4.37亿港元，新签服务订单提升。ASL公司可有效满足金融机构的管理服务需求，成功与多家金融行业客户续签管理服务合同，同时获得一家大型国际金融机构的DevSecOps管理服务订单，为其提供了全面的应用程序管理服务。",事件前2023年年度报告正文,待批准,,未冻结,
688228,开普云,开普云信息科技股份有限公司,下游,中游,中游,调整,是,主营大模型、算力管理、内容安全与应用中台，核心为AI平台能力。,开普云2023年年度报告（修订版）,2024-06-20,https://static.cninfo.com.cn/finalpage/2024-06-21/1220416638.PDF,D:\thailand study\26_7_23paper\05_output\revision_step14d\evidence_text\688228_business_evidence.txt,"[PDF第25页]2023年年度报告25/3162023年12月文趣星球“数字书坊”获得2023元宇宙百强创新典范。二、报告期内公司所从事的主要业务、经营模式、行业情况及研发情况说明(一)主要业务、主要产品或服务情况报告期内，公司业务按照技术产品特点和行业应用领域划分为：AI大模型与算力、AI内容安全、数智能源和数智政务。1、AI大模型与算力报告期内，公司在人工智能大模型前沿领域实现技术产品和业务突破，新增AI大模型和算力业务板块，开拓公司业务发展的全新增长曲线。报告期初，公司深入分析市场和产业发展趋势，对AI大模型和算力业务方向进行充分论证。AI大模型技术飞速发展，正在成为推动产业转型升级、培育新质生产力的重要关键技术，具备广阔市场空间。AI算力是大模型技术的重要基础，与AI大模型研发和投入生产应用紧密耦合，AI大模型和算力的深度融合是产业发展的关键路径。公司结合自身实际情况，结合公司在人工智能、大数据等领域的技术储备，利用公司在大模型训练数据、人工智能模型训练经验、AI行业应用场景理解等优势，制定“AI算力+大模型+智慧应用”全栈战略，布局AI大模型和算力业务板块。报告期内，公司在AI大模型和算力方面积极投入研发，推出一系列人工智能大模型和算力产品，形成丰富的AI技术产品体系。公司以开悟“云边端AI一体机”系列产品为算力支撑，以开悟多模态大模型为基础，通过开悟大模型运营管理系统和开悟大模型智能应用中台，高效训练行业大模型和敏捷构建组装行业智慧应用，研发开悟多模态内容生产平台、开悟AI知识库问答系统等智慧应用产品，实现全栈AI产品和服务一站式交付能力。公司AI大模型和算力业务的交付方式主要以产品交付为主，主要目标客户包括政府机构、智算中心、大中型企业、媒体单位、运营商、学术和研究机构、AI创业企业等多种客户群体。
[PDF第33页]经组建专业的算力运营团队，团队具有电信运营商、领先技术企业的工作经历，具有丰富的算力运营经验。公司将通过直销方式，面向有算力需求的客户，如AI研发企业、科研机构、软件公司等，探索算力租赁、数据存储与管理、模型训练及优化等服务，进一步拓展销售业务模式。目前，公司不断完善营销和服务体系，已建立起覆盖全国的服务网络，持续加大对各区域客户覆盖的广度和深度，提高了客户响应速度和服务能力，持续增强客户粘性，不断扩大业务收入规模。4、采购模式公司组织架构设立采购部，主要负责各业务板块项目采购及固定资产购置等工作。为满足公司采购产品和服务的质量要求，公司会根据供应商的供货能力、质量、价格、付款方式、售后服务及信誉度等因素对候选供应商进行综合评定，按照对比择优的原则，选择最佳合作供应商。公司对外采购的产品和服务主要包括AI算力硬件、IaaS云服务、产品化软硬件和技术服务。在AI算力硬件供应方面，目前公司已经与国内头部算力厂商签订战略合作协议，在供应链和技术层面对公司提供支持，共同推进在政务、能源、媒体、教育、金融等多个行业打造行业开悟云边端AI一体机。公司对外采购的产品化软硬件和技术服务，主要为满足公司非主业、非核心技术相关的需求，大多为市场竞争充分的服务或产品，相关服务或产品市场供应充足、价格相对稳定，公司的采购需求能够得到充分满足。(三)所处行业情况1.行业的发展阶段、基本特点、主要技术门槛根据中国证监会颁布的《上市公司行业分类指引》（2012年修订），公司所属行业为软件和信息技术服务业（I65）。在“十四五”规划的引导下，中国对数字经济的重视程度不断提升。《数字中国建设整体布局规划》和中央经济工作会议的精神，明确了数字经济作为国民经济的“稳定器”和“加速器”的双重角色，为经济发展描绘了方向。软件和信息技术服务业作为新质生产力的重要组成部分，正成为推动全球经济和社会进步的关键力量。该行业在人工智能、大数据、云计算等尖端技术领域
[PDF第58页]2023年年度报告58/316司根据与华北电力大学签订的委托研发合同，委托联合共建的虚拟电厂调控技术研究中心研发“虚拟电厂智慧调控平台”，该平台依托信息化技术实现光、储为主的多种能源资产管理和运营，主要服务对象为新能源发电企业、大型工商业用户以及新能源资产运营方，支持与电力交易市场和以调度为主体的电网系统对接，以虚拟电厂的形式实现光伏、储能等新能源资产并网。华北电力大学是教育部直属全国重点大学，聚力打造战略科研力量，积极参与国家创新体系建设，在新能源、特高压、智能电网、清洁煤电、核电等重要领域取得了显著成果。报告期内，由于该研发项目的成本能够可靠计量，且该研发项目完工后与其相关的经济利益很可能流入企业，故公司待整个研发项目完工验收后转入无形资产。研发投入资本化的比重大幅变动主要系公司按研发项目进度继续对虚拟电厂智慧调控平台研发项目投入所致。报告期内，除该项目外，公司无其他项目进行研发投入资本。
[PDF第63页]2023年年度报告63/316运营，主要服务对象为新能源发电企业、大型工商业用户以及新能源资产运营方，在新能源产业链条中，对接光伏、储能设备，以及PCS等相关系统及其他动环模块，实现新能源资产的管理和调控，支持与电力交易市场和以调度为主体的电网系统对接，以虚拟电厂的形式实现储能/光伏资产并网。有先进性16云勘验智慧审批平台200,000.00104,050.90104,050.90产品已结项通过开展远程视频勘察，一是减少行政成本，利用远程视频勘察代替传统现场勘察，解决勘察人员不足的问题，同时节省车辆运行维护费用，缩减办公开支。二是降低廉政风险，通过远程视频勘察实现“不见面勘察”，有效杜绝勘察标准不一、自由裁量过大、吃拿卡要等情况。三是提高审批效率，远程视频勘察突破时间、空间限制，解决反复勘察浪费时间、申请人时间不固定等问题，全面提升审批服务工作的便捷度、廉洁度和满意度。四是远程视频勘察的后台数据可储存下载、长期保存，对日后查证、监管、全程追溯提供有力保障，也方便市民和企业监督。在政务服务领域具有先进性数智政务17视频办政务服务平台2,800,000.00483,304.19483,304.19产品开发阶段相较于传统的“网上办、指尖办”，或者以文字、语音为主的线上服务方式，视频办政务服务平台立足“泛在可及、数字普惠”理念，提供专业化咨询导办、手把手在线协办、面对面专属帮办和心连心创新暖办等一系列特色服务。一是平台配备专业客服人员在线进行视频辅导，同时支持语音、文字和图片等多在政务服务领域具有先进性数智政务
[PDF第75页]和拓尔思AI大模型相关业务与公司AI大模型业务的毛利率较为接近。因此，公司AI大模型业务毛利率与可比公司相似业务的毛利率不存在重大差异。公司AI大模型业务未来的毛利率主要受销售产品结构及市场竞争情况影响。销售产品结构方面，公司AI大模型业务主要产品包括开悟多模态大模型、开悟云边端AI一体机、开悟多模态内容生产平台等产品。其中，开悟多模态大模型、开悟多模态内容生产平台产品主体为公司自研软件，辅以少量配套硬件进行销售，由于软件开发费用已于发生当期计入研发",事件前2023年年度报告正文,待批准,,未冻结,
688369,致远互联,北京致远互联软件股份有限公司,下游,中游,中游,调整,是,主营企业级协同管理软件、平台和云服务，属于通用软件层。,北京致远互联软件股份有限公司2023年年年度报告全文,2024-04-25,https://static.cninfo.com.cn/finalpage/2024-04-26/1219841101.PDF,D:\thailand study\26_7_23paper\05_output\revision_step14d\evidence_text\688369_business_evidence.txt,"[PDF第7页]会计数据和财务指标(一)主要会计数据单位：元币种：人民币主要会计数据2023年2022年本期比上年同期增减(%)2021年营业收入1,044,650,186.051,032,429,773.921.181,031,229,259.91扣除与主营业务无关的业务收入和不具备商业实质的收入后的营业收入1,041,946,384.751,029,600,232.741.201,029,546,680.71归属于上市公司股东的净利润-50,018,117.0394,080,587.34-153.17128,789,371.84归属于上市公司股东的扣除非经常性损益的净利润-58,383,730.7884,400,330.12-169.17120,370,909.32经营活动产生的现金流量净额-110,992,187.23-119,292,003.19不适用135,454,873.06
[PDF第15页]，优化公司组织管理模式，致力于提升客户成功和提升客户价值。在人才发展方面，聚焦行业关键人才雇主品牌吸引力，持续引入数字化人才，深耕人才发展双通道，做好员工内部培养，持续提升内部人才密度和人才结构，关注干部和员工成长。二、报告期内公司所从事的主要业务、经营模式、行业情况及研发情况说明(一)主要业务、主要产品或服务情况公司始终专注于企业级协同管理软件领域，为客户提供协同管理软件产品、解决方案、协同管理平台及云服务，集协同管理产品的设计、研发、销售及服务为一体，是中国领先的协同管理软件提供商。公司坚持协同管理软件“平台化和生态化”的发展战略，拥有自主研发的协同技术平台COP-V5和COP-V8，支持混合云部署、可广泛多端连接与服务云化，且通过其低代码搭建能力，为客户实现业务定制化与应用整合功能，深耕企业及政务两大市场客户。其中，COP-V8平台采用云原生、微服务架构等主流技术栈，满足超大/大型集团组织的数字化转型需求，支持超大/大型组织的专
[PDF第17页]政机关多层级组织管理、公文管理、会议管理、督查督办、行政审批、信息报送等政务办公与事务处理应用，并且针对政府业务特点，提供智慧党建、政务数据服务、互联网+政务、拟态安全等创新解决方案，优化政务办公模式，提升行政运行效能，形成地方党政各级机关核心业务全覆盖、横向纵向全贯通的全方位数字化协同工作体系。营销服务云：以“云+端”的方式，提供云营销服务、云交付服务和云生态服务，打通从营销到交付到生态的线上营销闭环，持续赋能员工、生态伙伴和客户，提供多样化应用定制服务，满足客户个性化需求的规模化交付，提升交付效率，有效控制营销与交付成本。行业云：依托于COP-V8技术平台，基于多云适配能力入驻行业云平台，基于低代码平台，提供行业解决方案的设计与定制，基于微服务和多租户能力提供面向行业协同运营需求的SaaS服务。2.交付服务将协同管理软件产品和解决方案按照客户需求进行部署，满足客户使用需求，公司结合成功实施交付经验和多年积累的专业知识，构建了“1+4+N”实施交付服务体系，达成客户应用价值主张。基于成熟的低代码平台，推动“云+端”相结合的交付模式，实现多人同时在线实施，并提供大量可参考或可复制的业务实践成果，以平台化支撑产品化和规模化交付，提升项目交付效率，为更多客户提供优质服务。(二)主要经营模式由于客户覆盖区域较广，结合不同产品系列适用的销售模式，采取直销与经销相结合的经营模式，构建成熟、稳定的营销服务体系，具体情况如下：1.直销模式直销模式是公司直接与客户签订产品与服务销售合同，并进行相关软件产品交付和服务的模式。公司的直销模式主要以A9C、A8和G6等系列产品的销售为主。2.经销模式
[PDF第19页]展明确了发展路径。根据艾瑞咨询《2023年中国信创产业研究报告》，2022年中国信创市场规模为472亿元，增速为43.0%。未来5年，随中国信创市场整体规模仍将保持30%以上的年增长，随着行业信创的深入、应用软件的成熟，信创产品将渗透至更多核心业务场景，预期2025年恢复高增速，于2026年突破2000亿。3）信息技术服务赋能客户，逐步形成合作伙伴生态随着新一代信息技术日益普及，软件与信息技术服务商通过新技术应用，升级原有服务内容，提升服务能力，与客户的合作将不局限于成本控制，而是共同创造新价值，形成伙伴式的合作模式。特别是生态伙伴赋能，将在行业整体技术水平提高中逐步提高服务附加值，在用户追求更完善的产品和服务、市场竞争更加激烈的环境下，服务内涵变“被动服务”为“主动服务”模式，主动挖掘跟踪客户需求并提供与之匹配的服务，实现从单一交付实施到整体方案服务的技术赋能提升。4）AI技术与云技术结合发展，助推企业智能化随着云服务商业模式和AI技术的日益成熟，它们在软件行业中的融合发展更加深入，云计算提供了强大的数据处理能力和可扩展的资源，为AI模型的训练和部署提供了支持。同时，AI技术的进步也使得云服务更加智能化和自动化。与此同时，随着AI和云技术的发展，软件行业也越来越多地采用服务化模式，如软件即服务（SaaS）、平台即服务（PaaS）和基础设施即服务（IaaS）。这些服务模式使得企业能够更加灵活地使用和支付软件资源，同时能够快速响应市场变化。云技术使得软件应用能够支持多租户架构，即多个客户可以在同一个应用实例中独立操作，而互不影响。这种架构提高了资源利用率，降低了成本，并且可以通过AI技术实现更加精细化的资源管理和服务定制。AI技术与云技术的结合发展，不仅助推企业智能化水平的发展，还提高了软件可拓展性和可用性等，降低了企业运营成本。2.公司所处的行业地位分析及其变化情况公司是协同管理软件与服务行业领先的解决方案、软件
[PDF第31页]产品创新，凭借良好的产品品质与客户服务，不断推进客户市场拓展，扩大客户覆盖，保持长期稳定经营以分散风险。(八)存托凭证相关风险□适用√不适用(九)其他重大风险□适用√不适用五、报告期内主要经营情况请参见本节“一、经营情况讨论与分析”。(一)主营业务分析1.利润表及现金流量表相关科目变动分析表单位：元币种：人民币科目本期数上年同期数变动比例（%）营业收入1,044,650,186.051,032,429,773.921.18营业成本329,699,575.67286,816,562.4814.95销售费用448,999,689.85404,248,113.5911.07管理费用90,827,799.5487,501,682.313.80财务费用-12,174,427.57-19,180,072.76不适用研发费用236,783,669.70204,981,111.1715.51",事件前2023年年度报告正文,待批准,,未冻结,
