事件,事件日期,基准指数,Stkcd,Layer,Alpha,Beta,估计窗口观测值,"CAR[-1,+1]","窗口交易日数[-1,+1]","CAR[-3,+3]","窗口交易日数[-3,+3]","CAR[-5,+5]","窗口交易日数[-5,+5]"
DeepSeek-V3_2024-12-26,2024-12-26,000001.SH,000977,上游,0.0013044323636749312,1.4837285302299892,221,-0.014508615439997975,3,0.006680724653337963,7,0.05835077577802766,11
DeepSeek-V3_2024-12-26,2024-12-26,000001.SH,000988,上游,0.00029794589944433665,1.6117767323475012,221,0.0714689703997447,3,0.0699324325584911,7,0.1287134119019431,11
DeepSeek-V3_2024-12-26,2024-12-26,000001.SH,000997,中游,-8.739710217222916e-05,1.5325328095928394,221,-0.02861395812690043,3,-0.029360614612668916,7,-0.01617419028250424,11
DeepSeek-V3_2024-12-26,2024-12-26,000001.SH,002049,上游,-0.00017911744624290682,1.4892355820315073,221,0.00018839309789740223,3,-0.05802713175800703,7,-0.02312996536191011,11
DeepSeek-V3_2024-12-26,2024-12-26,000001.SH,002065,下游,0.0005758654670314405,1.335419839590877,221,-0.01277871611862615,3,-0.0823409677267363,7,-0.09806300024020224,11
DeepSeek-V3_2024-12-26,2024-12-26,000001.SH,002131,下游,-0.0011669764931971605,1.3446141191672445,221,-0.0360056856350462,3,-0.28365224132762407,7,-0.17962645778551947,11
DeepSeek-V3_2024-12-26,2024-12-26,000001.SH,002230,中游,-0.00015967048257649064,1.3264885784889722,221,-0.008146580015258831,3,-0.05989916638690048,7,-0.05628412748775694,11
DeepSeek-V3_2024-12-26,2024-12-26,000001.SH,002236,中游,-0.0008893295685059349,1.4058780536057083,221,0.009214298291253434,3,-0.03283284319202449,7,-0.02231112717518787,11
DeepSeek-V3_2024-12-26,2024-12-26,000001.SH,002253,中游,0.0006783705787639262,1.401755825063782,221,0.003866200426638086,3,-0.16214210077261668,7,-0.1551017234234576,11
DeepSeek-V3_2024-12-26,2024-12-26,000001.SH,002281,上游,0.001527473325008669,1.8294446085990994,221,-0.010642639594511158,3,-0.09342104795378504,7,0.1024526333210024,11
DeepSeek-V3_2024-12-26,2024-12-26,000001.SH,002368,下游,-0.0009905820560116268,1.7239262267049633,221,-0.013932126833380406,3,-0.052257115200890936,7,-0.042455881274143556,11
DeepSeek-V3_2024-12-26,2024-12-26,000001.SH,002371,上游,0.002712521730790985,1.1094934039366071,221,-0.0008730078071378655,3,-0.07004129978356781,7,-0.02337311660695005,11
DeepSeek-V3_2024-12-26,2024-12-26,000001.SH,002405,中游,-2.3809018573363888e-05,1.448190632303632,221,-0.01762511418750732,3,-0.08749155447307258,7,-0.09711255255083154,11
DeepSeek-V3_2024-12-26,2024-12-26,000001.SH,002415,中游,-0.0006696855806167278,1.034066377127442,221,0.010616961824325066,3,0.003957773002577127,7,-0.011020963884024218,11
DeepSeek-V3_2024-12-26,2024-12-26,000001.SH,002439,下游,-0.0024065931173880275,1.6715413841745232,221,6.04142742292868e-06,3,-0.04945399040433474,7,-0.015393183206560955,11
DeepSeek-V3_2024-12-26,2024-12-26,000001.SH,002463,上游,0.0026007945101593033,1.266850165088341,221,0.03527095577192875,3,0.005678203970599878,7,0.041935289487477226,11
DeepSeek-V3_2024-12-26,2024-12-26,000001.SH,002607,下游,-0.0012651810064767976,1.4127512011118257,221,-0.024162631245499326,3,-0.12443267722320425,7,-0.2348147985703164,11
DeepSeek-V3_2024-12-26,2024-12-26,000001.SH,002777,中游,-0.0012555959351274978,1.456436140684794,221,-0.012584952508953928,3,-0.08752681965858958,7,-0.08987374857399073,11
DeepSeek-V3_2024-12-26,2024-12-26,000001.SH,300020,下游,-0.0051239000170298,1.7453398692105209,220,0.024784653467783822,3,-0.01427767091413426,7,0.19330534482949263,11
DeepSeek-V3_2024-12-26,2024-12-26,000001.SH,300033,中游,0.002587085616866846,2.3862506108345456,221,-0.01585248234632553,3,-0.06614005497038167,7,-0.048153460103260354,11
DeepSeek-V3_2024-12-26,2024-12-26,000001.SH,300036,下游,-0.0009496938811602249,2.1261933376128552,221,-0.01414218178034539,3,-0.07084414137592397,7,-0.037150901280947064,11
DeepSeek-V3_2024-12-26,2024-12-26,000001.SH,300058,下游,-0.00012705846001793386,2.0723761901355244,221,-0.01511980183538356,3,-0.11052686361569694,7,-0.13412867547159577,11
DeepSeek-V3_2024-12-26,2024-12-26,000001.SH,300075,下游,-0.0004529982115475138,1.9937405593845434,221,-0.01354076955128734,3,-0.06765971720272623,7,-0.07035041378986626,11
DeepSeek-V3_2024-12-26,2024-12-26,000001.SH,300078,中游,-0.0011623975702518604,2.216645308196774,221,-0.022042983259811848,3,-0.20114239779394638,7,-0.1593294639643441,11
DeepSeek-V3_2024-12-26,2024-12-26,000001.SH,300168,下游,-0.0009262063254092502,1.9395657504178727,221,0.00413610682524343,3,-0.058663519111908244,7,-0.08140570855433477,11
DeepSeek-V3_2024-12-26,2024-12-26,000001.SH,300170,下游,-0.0001831800434804067,2.113286498948852,221,-0.010742418291424383,3,-0.2148542300631715,7,-0.0841358427015122,11
DeepSeek-V3_2024-12-26,2024-12-26,000001.SH,300188,下游,-0.0010105953363760182,2.241487979306732,221,-0.027604747029584452,3,-0.15366627981281697,7,-0.07421542785919151,11
DeepSeek-V3_2024-12-26,2024-12-26,000001.SH,300223,上游,9.703451200151012e-05,1.9342046110482036,221,-0.021682389609215043,3,-0.07651067942792089,7,-0.07006624613365756,11
DeepSeek-V3_2024-12-26,2024-12-26,000001.SH,300229,中游,-0.0011387441021207488,2.425407094104986,221,0.04042661397939853,3,0.008912073645051775,7,0.04831282793927025,11
DeepSeek-V3_2024-12-26,2024-12-26,000001.SH,300253,下游,-0.0004167682501600556,1.9044561753762508,221,-0.007805751026301325,3,-0.08725848350074084,7,-0.06773595270613213,11
DeepSeek-V3_2024-12-26,2024-12-26,000001.SH,300308,上游,0.0023489167281214563,1.9638108470170228,221,0.02979547583776653,3,-0.030791935009564106,7,0.07682163799557507,11
DeepSeek-V3_2024-12-26,2024-12-26,000001.SH,300365,中游,-0.0009250766521576629,2.06349766556588,221,-0.016988758267283348,3,-0.11546572920488307,7,-0.0661468366110596,11
DeepSeek-V3_2024-12-26,2024-12-26,000001.SH,300394,上游,0.0024374428418424154,1.7835219953482842,221,0.05563346041462636,3,-0.07708771206054953,7,-0.04743142327309677,11
DeepSeek-V3_2024-12-26,2024-12-26,000001.SH,300451,中游,-0.001866319690266436,2.051994808118366,221,-0.012685596190864427,3,-0.13521772076515617,7,-0.11553348548831549,11
DeepSeek-V3_2024-12-26,2024-12-26,000001.SH,300474,上游,0.0005813107427970829,1.9525602178657524,221,-0.037349699554917404,3,-0.048879971811367086,7,0.022467081162608656,11
DeepSeek-V3_2024-12-26,2024-12-26,000001.SH,300476,上游,0.0032444925429562857,2.275817616800984,221,0.08815997993525596,3,-0.06341733066657154,7,0.0032302728104846926,11
DeepSeek-V3_2024-12-26,2024-12-26,000001.SH,300496,中游,-0.0019986951013103884,1.8571325886888184,221,0.04028419540456378,3,-0.07000640696529903,7,-0.07592167243626997,11
DeepSeek-V3_2024-12-26,2024-12-26,000001.SH,300502,上游,0.004113248105705706,1.8293954417989295,221,0.044699957827059995,3,-0.12181998689047864,7,-0.04824740265248431,11
DeepSeek-V3_2024-12-26,2024-12-26,000001.SH,300624,中游,-0.0006827864285397048,1.9611323917717298,221,0.011185212359344004,3,-0.12907237021081336,7,-0.1045720545832638,11
DeepSeek-V3_2024-12-26,2024-12-26,000001.SH,300634,中游,-0.00039719376642163536,2.3083637377389166,221,-0.02031227378493787,3,-0.11259885241369899,7,-0.03304739851824965,11
DeepSeek-V3_2024-12-26,2024-12-26,000001.SH,300781,下游,0.0028260918074543553,2.0836589457149164,217,-0.04647992619697491,3,-0.17746319816664277,7,-0.14784047277735568,11
DeepSeek-V3_2024-12-26,2024-12-26,000001.SH,300785,下游,0.0008541038582694139,2.3452372456245154,221,-0.14597248647495922,3,-0.26542831277923085,7,-0.10239786979861873,11
DeepSeek-V3_2024-12-26,2024-12-26,000001.SH,600183,上游,0.00018572401713569985,1.3915418668867838,221,0.048677784395644526,3,-0.019918143277979822,7,0.004030800787866804,11
DeepSeek-V3_2024-12-26,2024-12-26,000001.SH,600410,下游,-0.0013760934674131922,1.3676359961159152,221,-0.03755017021620813,3,-0.119757405896984,7,-0.13159809792155602,11
DeepSeek-V3_2024-12-26,2024-12-26,000001.SH,600556,下游,-0.002020314187826226,1.7165891885276363,221,-0.01093988973570139,3,-0.16003959296164902,7,-0.2265251379023079,11
DeepSeek-V3_2024-12-26,2024-12-26,000001.SH,600570,下游,-0.00010595782772047705,1.438395882220112,221,-0.01040724007736199,3,-0.0597792305408032,7,-0.08505037772601177,11
DeepSeek-V3_2024-12-26,2024-12-26,000001.SH,603019,上游,0.00263950333534692,1.3191918914298704,221,-0.0369592532807097,3,-0.05374739222341743,7,-0.05814846828002597,11
DeepSeek-V3_2024-12-26,2024-12-26,000001.SH,603160,中游,0.000716495729380513,1.1767657712552884,221,-0.006586609458608815,3,-0.06671157010219286,7,-0.05646911301842859,11
DeepSeek-V3_2024-12-26,2024-12-26,000001.SH,603986,上游,-0.0006091637192605514,1.555547900345121,221,0.03639895997599622,3,-0.04157304071648303,7,0.09620978975374479,11
DeepSeek-V3_2024-12-26,2024-12-26,000001.SH,688008,上游,0.00029039119428298367,1.6260383878019966,221,0.04744702917200168,3,-0.05037481125987344,7,0.04215326091561098,11
DeepSeek-V3_2024-12-26,2024-12-26,000001.SH,688012,上游,0.0013442222125939118,1.5556179684668636,221,-0.019583889539536013,3,-0.04070842108443038,7,-0.0008891847925178858,11
DeepSeek-V3_2024-12-26,2024-12-26,000001.SH,688023,中游,-0.0032563629363177252,2.035552390965989,221,-0.05104359911771153,3,-0.1377721723535355,7,-0.06994488547865053,11
DeepSeek-V3_2024-12-26,2024-12-26,000001.SH,688041,上游,0.001778219370359801,1.5989696621176295,221,0.09469081421416368,3,0.136637718604104,7,0.1876218194659855,11
DeepSeek-V3_2024-12-26,2024-12-26,000001.SH,688088,中游,-0.0014501354166963397,2.2280161643846017,221,-0.0028762637995995988,3,0.009229906292957077,7,0.1274100029598601,11
DeepSeek-V3_2024-12-26,2024-12-26,000001.SH,688111,中游,-0.0011486692094439315,2.113031607826851,221,0.02931031408486201,3,-0.03620139720877692,7,-0.055938756258371185,11
DeepSeek-V3_2024-12-26,2024-12-26,000001.SH,688228,下游,-0.0018860979872505222,2.4546255914030697,221,-0.022269947597521423,3,-0.15484744431114186,7,-0.06970686289228212,11
DeepSeek-V3_2024-12-26,2024-12-26,000001.SH,688256,上游,0.005191674327644529,1.8978164137086886,221,-0.03010728129751586,3,-0.05153454895910295,7,0.05162751556707877,11
DeepSeek-V3_2024-12-26,2024-12-26,000001.SH,688327,中游,-0.0023307063911825647,2.4831484074852033,221,-0.007152239248748284,3,-0.12632378425994145,7,-0.007285692527715458,11
DeepSeek-V3_2024-12-26,2024-12-26,000001.SH,688369,下游,-0.003108784812327266,2.2117575348105767,221,-0.03574684190875131,3,-0.12527298968764228,7,-0.03551697870463436,11
DeepSeek-V3_2024-12-26,2024-12-26,000001.SH,688981,上游,0.002335636053068386,1.417473394980894,221,-0.002896926513212444,3,-0.004506102212309539,7,0.11235220672874625,11
DeepSeek-R1_2025-01-20,2025-01-20,000001.SH,000977,上游,0.0015324982574432507,1.4594680556774702,221,0.04252641964406488,3,0.02146610070997504,7,0.05398199920622922,11
DeepSeek-R1_2025-01-20,2025-01-20,000001.SH,000988,上游,0.0005828398862371844,1.5911938427942007,221,0.02996158348333788,3,0.04050177102375004,7,-0.031647519960402964,11
DeepSeek-R1_2025-01-20,2025-01-20,000001.SH,000997,中游,-0.00031238187831285287,1.5353122414865261,221,0.04887542021227734,3,0.004855282984195259,7,0.022707406807799493,11
DeepSeek-R1_2025-01-20,2025-01-20,000001.SH,002049,上游,-0.00029249695365708115,1.477409725450715,221,0.018213126631518674,3,-0.0033667385746499676,7,-0.025107438761537808,11
DeepSeek-R1_2025-01-20,2025-01-20,000001.SH,002065,下游,0.0009203083096807339,1.2625473000138774,221,-0.005317975677962862,3,-0.012290942705956156,7,0.03509916389336859,11
DeepSeek-R1_2025-01-20,2025-01-20,000001.SH,002131,下游,0.003963007246811564,1.2632655210460388,221,-0.1351580674034648,3,-0.01309755998610139,7,-0.05502723231605457,11
DeepSeek-R1_2025-01-20,2025-01-20,000001.SH,002230,中游,0.000489583358497523,1.2936925139027833,221,-0.0038530960165585057,3,0.009017381470537607,7,0.08744892412112708,11
DeepSeek-R1_2025-01-20,2025-01-20,000001.SH,002236,中游,-0.0006184803073290705,1.369725627895456,221,0.010373598569090236,3,0.014888669763014489,7,0.026116971239885333,11
DeepSeek-R1_2025-01-20,2025-01-20,000001.SH,002253,中游,0.00101403004045358,1.402314879684617,221,-0.17413751884540568,3,-0.19375727558286363,7,-0.23282583675387256,11
DeepSeek-R1_2025-01-20,2025-01-20,000001.SH,002281,上游,0.0014918440236346905,1.807615379096901,221,0.020979997610744146,3,0.011518729604970523,7,-0.049912599589353145,11
DeepSeek-R1_2025-01-20,2025-01-20,000001.SH,002368,下游,-0.000773685405206575,1.7360825146800107,221,0.03129931435198203,3,0.03254288240295134,7,0.0485890312961077,11
DeepSeek-R1_2025-01-20,2025-01-20,000001.SH,002371,上游,0.0020038767814596578,1.1001958849134466,221,-0.004916505368142695,3,-0.02396381543814806,7,-0.06670121772931525,11
DeepSeek-R1_2025-01-20,2025-01-20,000001.SH,002405,中游,0.0004339747853776317,1.4508861678386178,221,0.0013840046605690876,3,-0.04367185795125245,7,-0.024361422843991884,11
DeepSeek-R1_2025-01-20,2025-01-20,000001.SH,002415,中游,-0.0007570966498046645,1.0223923273332063,221,0.009404071663940455,3,0.018188630337171764,7,0.025540912895247146,11
DeepSeek-R1_2025-01-20,2025-01-20,000001.SH,002439,下游,-0.0024179786898575095,1.6705525909671581,221,-0.04614269287227322,3,-0.028125698492512213,7,0.062428608642627996,11
DeepSeek-R1_2025-01-20,2025-01-20,000001.SH,002463,上游,0.002537063619229069,1.299347515284322,221,0.058417201955064724,3,0.0688734872420777,7,-0.06064061045243653,11
DeepSeek-R1_2025-01-20,2025-01-20,000001.SH,002607,下游,9.488202594146517e-05,1.4208179028194308,221,0.00369995840962601,3,0.03907123054511839,7,0.01876870792925127,11
DeepSeek-R1_2025-01-20,2025-01-20,000001.SH,002777,中游,-0.0009447031871515362,1.5141576218031458,221,-0.005094682358566201,3,0.011685212471219392,7,0.06846528990202841,11
DeepSeek-R1_2025-01-20,2025-01-20,000001.SH,300020,下游,-0.003700191585713002,1.8191022815706286,220,-0.08951047130198912,3,-0.10655263865929206,7,-0.09958033630133103,11
DeepSeek-R1_2025-01-20,2025-01-20,000001.SH,300033,中游,0.003104840851325131,2.4196578261323265,221,0.023276559119739644,3,0.015185035626697768,7,0.02591233635331748,11
DeepSeek-R1_2025-01-20,2025-01-20,000001.SH,300036,下游,-0.0009971182114508791,2.109345247018192,221,0.0031088770290830727,3,0.01213308959398543,7,0.01219851437865254,11
DeepSeek-R1_2025-01-20,2025-01-20,000001.SH,300058,下游,0.0018270745443504175,2.0171815330590217,221,-0.044632509717634605,3,-0.021701017176085767,7,0.07066764204233825,11
DeepSeek-R1_2025-01-20,2025-01-20,000001.SH,300075,下游,6.283336730806421e-05,1.984067697959201,221,-0.003532031039426331,3,-0.010419618916079346,7,-0.025661866009033946,11
DeepSeek-R1_2025-01-20,2025-01-20,000001.SH,300078,中游,-0.00028078472716483867,2.232919697713939,221,-0.03865954491572125,3,-0.03978361519930786,7,-0.008363036547968168,11
DeepSeek-R1_2025-01-20,2025-01-20,000001.SH,300168,下游,0.00017312760237963472,2.012594878351921,221,-0.015536314546886722,3,-0.04279631861338525,7,0.0027209096708371884,11
DeepSeek-R1_2025-01-20,2025-01-20,000001.SH,300170,下游,0.00025740983289372957,2.1069054723275693,221,0.12220353707628302,3,0.29580865875096696,7,0.5348417786114934,11
DeepSeek-R1_2025-01-20,2025-01-20,000001.SH,300188,下游,-0.00033101239107351184,2.2244881716026517,221,-0.011203787877239253,3,-0.03899753274875853,7,0.03616834758589947,11
DeepSeek-R1_2025-01-20,2025-01-20,000001.SH,300223,上游,-2.4352570969789776e-05,1.9259564599150933,221,0.029639073756127312,3,0.023640106150353037,7,0.009104293099704171,11
DeepSeek-R1_2025-01-20,2025-01-20,000001.SH,300229,中游,0.0012999478443538736,2.1981647444307884,221,-0.009276897217685268,3,-0.08996487984741386,7,0.20725668638778313,11
DeepSeek-R1_2025-01-20,2025-01-20,000001.SH,300253,下游,-0.00011006109384660432,1.9080290408589418,221,-0.00039058836525836076,3,-0.019210456731829195,7,0.005185845350441583,11
DeepSeek-R1_2025-01-20,2025-01-20,000001.SH,300308,上游,0.002211888686028914,1.9177160272624905,221,-0.009527173879116824,3,0.1112854671668565,7,-0.04301158977334757,11
DeepSeek-R1_2025-01-20,2025-01-20,000001.SH,300365,中游,-0.000403614753540014,2.039279672183412,221,-0.012349285644238053,3,-0.08186423366230128,7,-0.01523508519834238,11
DeepSeek-R1_2025-01-20,2025-01-20,000001.SH,300394,上游,0.002440352524226862,1.78548475684471,221,0.07966245311453632,3,0.23757878658470177,7,0.08689111792977416,11
DeepSeek-R1_2025-01-20,2025-01-20,000001.SH,300451,中游,-0.001174161952866991,2.078864409942984,221,-0.0192138149901761,3,-0.0725555237182031,7,-0.04140061943877155,11
DeepSeek-R1_2025-01-20,2025-01-20,000001.SH,300474,上游,0.0008829538707443829,1.9353941938917913,221,-0.01997567329408534,3,-0.07148954936384472,7,-0.14481301264993474,11
DeepSeek-R1_2025-01-20,2025-01-20,000001.SH,300476,上游,0.0036845400194257688,2.272313455226268,221,0.0867136547841095,3,0.1749509393549995,7,0.0030777657271414266,11
DeepSeek-R1_2025-01-20,2025-01-20,000001.SH,300496,中游,-0.001706531777056098,1.8496234539625651,221,0.06644544231603469,3,0.056633372163827966,7,0.1771471265482762,11
DeepSeek-R1_2025-01-20,2025-01-20,000001.SH,300502,上游,0.004134001092685917,1.809438213666266,221,0.10253757230581054,3,0.1689645290232244,7,0.0680801346799853,11
DeepSeek-R1_2025-01-20,2025-01-20,000001.SH,300624,中游,0.0010541238347668452,1.9111140419914356,221,0.017712629713433937,3,-0.0072685253643079446,7,0.12335653814353988,11
DeepSeek-R1_2025-01-20,2025-01-20,000001.SH,300634,中游,0.0005904639061557837,2.1761944494034493,221,0.005112822566325089,3,0.0411732898516861,7,0.398267701179878,11
DeepSeek-R1_2025-01-20,2025-01-20,000001.SH,300781,下游,0.0031052293187463177,2.104702982865236,217,-0.047149771628119654,3,-0.03726378678187873,7,0.08858450997595524,11
DeepSeek-R1_2025-01-20,2025-01-20,000001.SH,300785,下游,0.0018427851045180635,2.2381870647293276,221,-0.03247593659680678,3,-0.03790867575435411,7,0.13274938525603439,11
DeepSeek-R1_2025-01-20,2025-01-20,000001.SH,600183,上游,0.0007643573713765068,1.37733166566383,221,0.1613248736552078,3,0.17055911565975085,7,0.12487618572185274,11
DeepSeek-R1_2025-01-20,2025-01-20,000001.SH,600410,下游,0.00161384473227037,1.2550581493299273,221,-0.07842836527924235,3,0.07434117133911639,7,0.17928566673880367,11
DeepSeek-R1_2025-01-20,2025-01-20,000001.SH,600556,下游,-0.00045041506967850273,1.7636833671489254,221,-0.1449608508452428,3,0.02220748538968854,7,0.050172719660680605,11
DeepSeek-R1_2025-01-20,2025-01-20,000001.SH,600570,下游,0.00025181018842305303,1.4460605388168615,221,0.008531515168906424,3,-0.01038968754917448,7,0.0026196557527863457,11
DeepSeek-R1_2025-01-20,2025-01-20,000001.SH,603019,上游,0.0029433408047730893,1.3144889380216331,221,0.008215559157877998,3,0.0023736871149155937,7,0.0186511220854233,11
DeepSeek-R1_2025-01-20,2025-01-20,000001.SH,603160,中游,0.0008240654805431962,1.1773657939985744,211,0.034730798774604,3,0.02477008739865688,7,0.012856755222422536,11
DeepSeek-R1_2025-01-20,2025-01-20,000001.SH,603986,上游,-0.0003459582969335822,1.5263844233616424,221,0.029286440412277133,3,0.017493749030644684,7,0.028759266841187167,11
DeepSeek-R1_2025-01-20,2025-01-20,000001.SH,688008,上游,0.0003767953855579519,1.6565655711508487,221,0.056260978682357,3,0.057787276819749794,7,0.014718472092538182,11
DeepSeek-R1_2025-01-20,2025-01-20,000001.SH,688012,上游,0.0012319903832954454,1.5745223721528316,221,-0.01289953189577508,3,-0.017362079035895622,7,-0.04698472564693364,11
DeepSeek-R1_2025-01-20,2025-01-20,000001.SH,688023,中游,-0.002186247801552791,1.9726699334386917,221,0.002929929728100608,3,-0.01026785911709589,7,0.06499983698400162,11
DeepSeek-R1_2025-01-20,2025-01-20,000001.SH,688041,上游,0.0021038274605691036,1.5877299960894111,221,-0.007710483882765205,3,-0.10238239883483238,7,-0.19457520490869082,11
DeepSeek-R1_2025-01-20,2025-01-20,000001.SH,688088,中游,-0.0006972677500494858,2.227251215014294,221,0.11858223123880932,3,0.19859942961842927,7,0.25934522065122245,11
DeepSeek-R1_2025-01-20,2025-01-20,000001.SH,688111,中游,-0.00033446324840820645,2.09009317364513,221,0.014794725091911827,3,0.03286770049399849,7,0.1624752638457058,11
DeepSeek-R1_2025-01-20,2025-01-20,000001.SH,688228,下游,-0.0011908829797048434,2.446642346119693,221,-0.029574536587874276,3,-0.0012195373207961185,7,0.1809706647334787,11
DeepSeek-R1_2025-01-20,2025-01-20,000001.SH,688256,上游,0.006550235609649955,1.9041069529233503,221,0.028361868463143904,3,-0.1370330999710798,7,-0.3484789897611389,11
DeepSeek-R1_2025-01-20,2025-01-20,000001.SH,688327,中游,-0.0011034553831045766,2.4166893066324073,221,-0.011274652961023883,3,-0.006210343425894349,7,0.08135872060596919,11
DeepSeek-R1_2025-01-20,2025-01-20,000001.SH,688369,下游,-0.0018546014528286372,2.1623293021573313,221,0.04233505027871058,3,0.0936312184705554,7,0.30963664498754406,11
DeepSeek-R1_2025-01-20,2025-01-20,000001.SH,688981,上游,0.002091966068361834,1.429876331957873,221,0.04571069270589004,3,-0.026446282137435488,7,-0.04695307993099836,11
DeepSeek-V3_2024-12-26,2024-12-26,000300.SH,000977,上游,0.001061167699300695,1.3512795589490894,221,-0.009988514906379968,3,-0.0012423959681843039,7,0.042622225403178546,11
DeepSeek-V3_2024-12-26,2024-12-26,000300.SH,000988,上游,6.0843732552229157e-05,1.4381552046888337,221,0.07627789141596353,3,0.061196300059478695,7,0.11006530320287757,11
DeepSeek-V3_2024-12-26,2024-12-26,000300.SH,000997,中游,-0.0002944859497807645,1.3473439004949748,221,-0.02410992323015591,3,-0.03775458337055221,7,-0.03496136805142757,11
DeepSeek-V3_2024-12-26,2024-12-26,000300.SH,002049,上游,-0.00046429451524180714,1.4012086772850514,221,0.004878201778690097,3,-0.0657845031924803,7,-0.03655786357207182,11
DeepSeek-V3_2024-12-26,2024-12-26,000300.SH,002065,下游,0.0004172474235091707,1.1501357834369712,221,-0.00893541324982727,3,-0.08975922183759724,7,-0.11568983814128156,11
DeepSeek-V3_2024-12-26,2024-12-26,000300.SH,002131,下游,-0.0013599784345729468,1.194515653801077,221,-0.03201177115080515,3,-0.29096313978981686,7,-0.19545957612795195,11
DeepSeek-V3_2024-12-26,2024-12-26,000300.SH,002230,中游,-0.0004263214397251622,1.2619233520060182,221,-0.003922152419663058,3,-0.06674864966348269,7,-0.06751756743328935,11
DeepSeek-V3_2024-12-26,2024-12-26,000300.SH,002236,中游,-0.0011653722195543532,1.330256241200141,221,0.013667064973575943,3,-0.040123515664278755,7,-0.03459465237875388,11
DeepSeek-V3_2024-12-26,2024-12-26,000300.SH,002253,中游,0.0006763276944524488,1.0271571983027172,221,0.007287138827916616,3,-0.17071146026677222,7,-0.18306423772974129,11
DeepSeek-V3_2024-12-26,2024-12-26,000300.SH,002281,上游,0.0012592931321964923,1.631343824047807,221,-0.005187795249170429,3,-0.10334146517761764,7,0.08123192567090666,11
DeepSeek-V3_2024-12-26,2024-12-26,000300.SH,002368,下游,-0.001189757609036376,1.4786181017809419,221,-0.008991552847379838,3,-0.06186011544758897,7,-0.0655322641408872,11
DeepSeek-V3_2024-12-26,2024-12-26,000300.SH,002371,上游,0.0023759382539679757,1.1798535080282564,221,0.0030838195681305303,3,-0.07522992425016642,7,-0.026236901395872335,11
DeepSeek-V3_2024-12-26,2024-12-26,000300.SH,002405,中游,-0.00019681726106386712,1.2483504145391189,221,-0.013453547405347172,3,-0.09553151243986377,7,-0.11617063754659994,11
DeepSeek-V3_2024-12-26,2024-12-26,000300.SH,002415,中游,-0.0009196274651214342,1.0298136197274042,221,0.014067021131879598,3,-0.0011815318967680118,7,-0.01735776338934162,11
DeepSeek-V3_2024-12-26,2024-12-26,000300.SH,002439,下游,-0.002667618905338956,1.5080544302601444,221,0.005049706423511477,3,-0.058442048631563964,7,-0.033862317166253,11
DeepSeek-V3_2024-12-26,2024-12-26,000300.SH,002463,上游,0.002365065630109034,1.1844517073474499,221,0.03923484838026061,3,-0.0009534305919207293,7,0.03011776672315318,11
DeepSeek-V3_2024-12-26,2024-12-26,000300.SH,002607,下游,-0.0014093978692241514,1.1909058488216009,221,-0.020184728433600096,3,-0.1323927504311576,7,-0.25481915511288755,11
DeepSeek-V3_2024-12-26,2024-12-26,000300.SH,002777,中游,-0.0013513228711660235,1.1697406562905233,221,-0.00868150244564057,3,-0.09598501007200597,7,-0.11354253869235464,11
DeepSeek-V3_2024-12-26,2024-12-26,000300.SH,300020,下游,-0.005292489955141148,1.4442294828991302,220,0.02965229404548471,3,-0.0241234157025792,7,0.16733763116762962,11
DeepSeek-V3_2024-12-26,2024-12-26,000300.SH,300033,中游,0.001996621788502643,2.3914284548271114,221,-0.007839948555603177,3,-0.07793456784983724,7,-0.061989080461493866,11
DeepSeek-V3_2024-12-26,2024-12-26,000300.SH,300036,下游,-0.0012155019807175906,1.8457192529104862,221,-0.007973590742890693,3,-0.08259202022910717,7,-0.06445254375550394,11
DeepSeek-V3_2024-12-26,2024-12-26,000300.SH,300058,下游,-0.00039921170848718495,1.8133190627627493,221,-0.009058595157217478,3,-0.12191517321040284,7,-0.15998725225855692,11
DeepSeek-V3_2024-12-26,2024-12-26,000300.SH,300075,下游,-0.0006861839499598266,1.7131458779919024,221,-0.007816359442976747,3,-0.07875219734672409,7,-0.09687532595024809,11
DeepSeek-V3_2024-12-26,2024-12-26,000300.SH,300078,中游,-0.0013546409737466342,1.8312867154565935,221,-0.01592847372765424,3,-0.21379394563555312,7,-0.19267478038791203,11
DeepSeek-V3_2024-12-26,2024-12-26,000300.SH,300168,下游,-0.0011162509197540542,1.6262867068693165,221,0.009567719072333232,3,-0.06962973747048161,7,-0.10932704042749056,11
DeepSeek-V3_2024-12-26,2024-12-26,000300.SH,300170,下游,-0.0004041322870430555,1.7871559700378927,221,-0.004772530735986475,3,-0.2267365769967445,7,-0.11375922364262206,11
DeepSeek-V3_2024-12-26,2024-12-26,000300.SH,300188,下游,-0.0012371625768227443,1.8870424193714423,221,-0.02130174552650002,3,-0.16630652972714188,7,-0.10608394887825942,11
DeepSeek-V3_2024-12-26,2024-12-26,000300.SH,300223,上游,-0.00029937123616382286,1.8483738880132166,221,-0.015494276977540359,3,-0.08646205038452798,7,-0.08600946204748416,11
DeepSeek-V3_2024-12-26,2024-12-26,000300.SH,300229,中游,-0.0014476174268487378,2.111660058918194,221,0.047484397417407696,3,-0.004462125296907954,7,0.017494607941084026,11
DeepSeek-V3_2024-12-26,2024-12-26,000300.SH,300253,下游,-0.0007519656779952855,1.7595873123728805,221,-0.001918332751151739,3,-0.09731906639515395,7,-0.08660419488376304,11
DeepSeek-V3_2024-12-26,2024-12-26,000300.SH,300308,上游,0.00193885745867206,1.8849743969273822,221,0.036106596841219835,3,-0.040859528543803425,7,0.06107075408535763,11
DeepSeek-V3_2024-12-26,2024-12-26,000300.SH,300365,中游,-0.0010546214718122956,1.6506423767761695,221,-0.01148098153630143,3,-0.12747834819550158,7,-0.1000309673445128,11
DeepSeek-V3_2024-12-26,2024-12-26,000300.SH,300394,上游,0.002053172952899618,1.724908279438124,221,0.06140939944103742,3,-0.08617462172781731,7,-0.06105426225992821,11
DeepSeek-V3_2024-12-26,2024-12-26,000300.SH,300451,中游,-0.0021470607533938717,1.8078222252956633,221,-0.006641993444452248,3,-0.14644042354369127,7,-0.1404897760591922,11
DeepSeek-V3_2024-12-26,2024-12-26,000300.SH,300474,上游,0.000272766033715672,1.7655693754461566,221,-0.0314445388056087,3,-0.05936179849897092,7,0.001102045564371705,11
DeepSeek-V3_2024-12-26,2024-12-26,000300.SH,300476,上游,0.00285659901536144,2.0888279891551162,221,0.09514818765200449,3,-0.07549996313762605,7,-0.020045805683113906,11
DeepSeek-V3_2024-12-26,2024-12-26,000300.SH,300496,中游,-0.0023897282837695767,1.7861372033426726,221,0.04626460001577136,3,-0.07951164577725148,7,-0.09063003002244155,11
DeepSeek-V3_2024-12-26,2024-12-26,000300.SH,300502,上游,0.0037629302167284193,1.7212652158675679,221,0.050460987526231,3,-0.13134922454733097,7,-0.06474223560698367,11
DeepSeek-V3_2024-12-26,2024-12-26,000300.SH,300624,中游,-0.0010643052084432995,1.851758403110338,221,0.017383379025086142,3,-0.13925939005994817,7,-0.12191104702076624,11
DeepSeek-V3_2024-12-26,2024-12-26,000300.SH,300634,中游,-0.0006460718264324157,1.9603747198504464,221,-0.013763226934533029,3,-0.12554222476581545,7,-0.06497216958402133,11
DeepSeek-V3_2024-12-26,2024-12-26,000300.SH,300781,下游,0.0025093758431130255,1.7646910357119148,217,-0.04029542560549173,3,-0.18849222974940177,7,-0.17585102970854377,11
DeepSeek-V3_2024-12-26,2024-12-26,000300.SH,300785,下游,0.0005656845033139383,2.0306411623540455,221,-0.13918619541710037,3,-0.2784091898526639,7,-0.13278671855334429,11
DeepSeek-V3_2024-12-26,2024-12-26,000300.SH,600183,上游,-7.179701169637436e-05,1.2994891604289158,221,0.05302657180833276,3,-0.02720921595407754,7,-0.009030979355913857,11
DeepSeek-V3_2024-12-26,2024-12-26,000300.SH,600410,下游,-0.0015008453395697842,1.1366009380937898,221,-0.033754712542190646,3,-0.12753399367065216,7,-0.15181840920247636,11
DeepSeek-V3_2024-12-26,2024-12-26,000300.SH,600556,下游,-0.0021939384458538273,1.4452696692834521,221,-0.006112466683766282,3,-0.16971928283646714,7,-0.2509243579134139,11
DeepSeek-V3_2024-12-26,2024-12-26,000300.SH,600570,下游,-0.0004215768480684409,1.397376361330704,221,-0.005727704607468381,3,-0.06708058302192352,7,-0.09570870985815422,11
DeepSeek-V3_2024-12-26,2024-12-26,000300.SH,603019,上游,0.0023863880953895926,1.2417639037156685,221,-0.03280307028268928,3,-0.0606166320937114,7,-0.07001436944846508,11
DeepSeek-V3_2024-12-26,2024-12-26,000300.SH,603160,中游,0.0004883128482376489,1.1103204377476394,221,-0.0028702155028261277,3,-0.07282777667277587,7,-0.06691613770168198,11
DeepSeek-V3_2024-12-26,2024-12-26,000300.SH,603986,上游,-0.0008976606564193907,1.4533300865795369,221,0.041262621605476155,3,-0.049720460752793516,7,0.0816444926438176,11
DeepSeek-V3_2024-12-26,2024-12-26,000300.SH,688008,上游,-9.723536558636228e-05,1.6134374439631844,221,0.05285200817260183,3,-0.05848190975028872,7,0.03187822908215515,11
DeepSeek-V3_2024-12-26,2024-12-26,000300.SH,688012,上游,0.0009404722806474408,1.5796065891915765,221,-0.01429025978069123,3,-0.04830780149693066,7,-0.008826070904611662,11
DeepSeek-V3_2024-12-26,2024-12-26,000300.SH,688023,中游,-0.0035490392380345694,1.8088715394489931,221,-0.04499552569956308,3,-0.14883744593003764,7,-0.09388523808349598,11
DeepSeek-V3_2024-12-26,2024-12-26,000300.SH,688041,上游,0.0014246275675758825,1.5563707196164325,221,0.09990295875665506,3,0.1285343218528527,7,0.17593121367660525,11
DeepSeek-V3_2024-12-26,2024-12-26,000300.SH,688088,中游,-0.001757154322014313,1.9653030482413016,221,0.0036939509909668447,3,-0.0029450377570064013,7,0.10043925238112432,11
DeepSeek-V3_2024-12-26,2024-12-26,000300.SH,688111,中游,-0.0016374035202948274,2.080244965782683,221,0.03627818466402516,3,-0.04680785702358953,7,-0.07015313247417401,11
DeepSeek-V3_2024-12-26,2024-12-26,000300.SH,688228,下游,-0.0021491810962414475,2.0828741861414395,221,-0.01531177548701965,3,-0.16861837492544227,7,-0.10374442590615095,11
DeepSeek-V3_2024-12-26,2024-12-26,000300.SH,688256,上游,0.004841519295468379,1.7711141202831788,221,-0.024180251669243792,3,-0.061483314349860665,7,0.03375270276800914,11
DeepSeek-V3_2024-12-26,2024-12-26,000300.SH,688327,中游,-0.002684498059419554,2.2030733378139216,221,0.00021365407363477945,3,-0.1398376154727809,7,-0.03667670553211381,11
DeepSeek-V3_2024-12-26,2024-12-26,000300.SH,688369,下游,-0.0033729053537086143,1.9064328896880296,221,-0.029376192505805313,3,-0.13755257269947238,7,-0.06462972174347634,11
DeepSeek-V3_2024-12-26,2024-12-26,000300.SH,688981,上游,0.0019778571177392202,1.4282521046647492,221,0.001888883340366132,3,-0.01147877254280451,7,0.10453820214161746,11
DeepSeek-R1_2025-01-20,2025-01-20,000300.SH,000977,上游,0.0014419074438497329,1.3464498199866777,221,0.03437860591666311,3,0.02316121509404277,7,0.06210231105631155,11
DeepSeek-R1_2025-01-20,2025-01-20,000300.SH,000988,上游,0.0005129452531227893,1.43571056043826,221,0.02126474406504972,3,0.04200826087963277,7,-0.022373799000368788,11
DeepSeek-R1_2025-01-20,2025-01-20,000300.SH,000997,中游,-0.0003727389567026588,1.3773744235805503,221,0.04052972565452247,3,0.006225061339953776,7,0.031758597229041334,11
DeepSeek-R1_2025-01-20,2025-01-20,000300.SH,002049,上游,-0.0004105407977158708,1.3924358214099257,221,0.009795136727139156,3,-0.0013391392753434265,7,-0.01727091018375103,11
DeepSeek-R1_2025-01-20,2025-01-20,000300.SH,002065,下游,0.0009037461957792768,1.0957117278663933,221,-0.01196749772511504,3,-0.011555825452389252,7,0.04302397308028295,11
DeepSeek-R1_2025-01-20,2025-01-20,000300.SH,002131,下游,0.003960993279075782,1.0800672631294264,221,-0.14171740742540473,3,-0.012534269104436821,7,-0.04688589741705826,11
DeepSeek-R1_2025-01-20,2025-01-20,000300.SH,002230,中游,0.0003724273835185922,1.2346963316766666,221,-0.011313318072931013,3,0.010956021407705234,7,0.09411012038885498,11
DeepSeek-R1_2025-01-20,2025-01-20,000300.SH,002236,中游,-0.0007422590921904624,1.3069685494781984,221,0.002476618741842734,3,0.01693813950753649,7,0.03317348644956819,11
DeepSeek-R1_2025-01-20,2025-01-20,000300.SH,002253,中游,0.00114151867960664,1.0539875528613802,221,-0.18058152315945947,3,-0.19466687504272978,7,-0.22189905938802773,11
DeepSeek-R1_2025-01-20,2025-01-20,000300.SH,002281,上游,0.0014109517314312015,1.63265082221437,221,0.011090658332429806,3,0.013247763422688248,7,-0.03939925800934532,11
DeepSeek-R1_2025-01-20,2025-01-20,000300.SH,002368,下游,-0.0007995638976220304,1.5101422896383043,221,0.022135761468099917,3,0.03359044794590046,7,0.0594409312180881,11
DeepSeek-R1_2025-01-20,2025-01-20,000300.SH,002371,上游,0.00178854936252986,1.1793097717036696,221,-0.01200767990844803,3,-0.020946245240692805,7,-0.06272131355840155,11
DeepSeek-R1_2025-01-20,2025-01-20,000300.SH,002405,中游,0.00041092040508634647,1.2636572066194967,221,-0.006283409714899072,3,-0.04277949671206827,7,-0.015313011847205711,11
DeepSeek-R1_2025-01-20,2025-01-20,000300.SH,002415,中游,-0.0008882728393809902,1.0188906207001758,221,0.0032592520728681983,3,0.020177301546523585,7,0.030243177030598194,11
DeepSeek-R1_2025-01-20,2025-01-20,000300.SH,002439,下游,-0.002501144422074709,1.5182495301417882,221,-0.05533643646208428,3,-0.026428296368760186,7,0.07202233218873587,11
DeepSeek-R1_2025-01-20,2025-01-20,000300.SH,002463,上游,0.0024304223183413314,1.227771243251089,221,0.050995544295414405,3,0.0706901328765214,7,-0.0537897017063431,11
DeepSeek-R1_2025-01-20,2025-01-20,000300.SH,002607,下游,0.00010543353936684061,1.2004491115834808,221,-0.0035947239469282695,3,0.03955312792861007,7,0.028112079455480478,11
DeepSeek-R1_2025-01-20,2025-01-20,000300.SH,002777,中游,-0.0008955723485237942,1.2369748611818154,221,-0.012624040492724715,3,0.011750500389848706,7,0.0789742450630762,11
DeepSeek-R1_2025-01-20,2025-01-20,000300.SH,300020,下游,-0.0037048846277213457,1.5396308644329173,220,-0.09881799640625522,3,-0.10579668854355626,7,-0.08747870957110215,11
DeepSeek-R1_2025-01-20,2025-01-20,000300.SH,300033,中游,0.002769161079514811,2.4395644349412584,221,0.008570991683824667,3,0.020190069686576675,7,0.0366735583988477,11
DeepSeek-R1_2025-01-20,2025-01-20,000300.SH,300036,下游,-0.0010457108384996018,1.8539921974974125,221,-0.008135565347991229,3,0.013608805030895262,7,0.025133827363597094,11
DeepSeek-R1_2025-01-20,2025-01-20,000300.SH,300058,下游,0.0017947360510900548,1.7571945665634314,221,-0.05529443700105981,3,-0.020456977353273398,7,0.08324357643974747,11
DeepSeek-R1_2025-01-20,2025-01-20,000300.SH,300075,下游,3.3687107769086e-05,1.7253746257255125,221,-0.014001754939039572,3,-0.009227490321978444,7,-0.013253616419890313,11
DeepSeek-R1_2025-01-20,2025-01-20,000300.SH,300078,中游,-0.00024396093436469907,1.8639747085775231,221,-0.04999302246657454,3,-0.0392657724807585,7,0.006615554186197643,11
DeepSeek-R1_2025-01-20,2025-01-20,000300.SH,300168,下游,0.0001931629466222313,1.6947545662871215,221,-0.02583641607808043,3,-0.04217392259876644,7,0.016029954728661,11
DeepSeek-R1_2025-01-20,2025-01-20,000300.SH,300170,下游,0.00025672774594283256,1.7983715546105414,221,0.11128098591101539,3,0.29671645673290775,7,0.5484590842360937,11
DeepSeek-R1_2025-01-20,2025-01-20,000300.SH,300188,下游,-0.0003248929508020835,1.8910924141039218,221,-0.022691759951698184,3,-0.03811999794585747,7,0.05064522352520935,11
DeepSeek-R1_2025-01-20,2025-01-20,000300.SH,300223,上游,-0.00021440400331831626,1.8556023606763665,221,0.018431892387633566,3,0.026711242589783888,7,0.018793249923694324,11
DeepSeek-R1_2025-01-20,2025-01-20,000300.SH,300229,中游,0.0012471565951550111,1.9344647637316699,221,-0.021008710000056097,3,-0.08840155723004156,7,0.22070532533630494,11
DeepSeek-R1_2025-01-20,2025-01-20,000300.SH,300253,下游,-0.00024033163298356193,1.773502805170082,221,-0.011119000785948173,3,-0.0168543010913463,7,0.01562950313264213,11
DeepSeek-R1_2025-01-20,2025-01-20,000300.SH,300308,上游,0.0020129237515706905,1.8585322857871298,221,-0.020749186654838173,3,0.11445854883065142,7,-0.03350574812748848,11
DeepSeek-R1_2025-01-20,2025-01-20,000300.SH,300365,中游,-0.000316904941536475,1.6430146738676417,221,-0.02235730624677383,3,-0.08201933185693225,7,-0.0007823935963627016,11
DeepSeek-R1_2025-01-20,2025-01-20,000300.SH,300394,上游,0.002250108521858884,1.7359672574344875,221,0.06918196408687029,3,0.24059221482587773,7,0.09566871417492867,11
DeepSeek-R1_2025-01-20,2025-01-20,000300.SH,300451,中游,-0.001233186147631297,1.8396430416913467,221,-0.030367635920326715,3,-0.07096939885161782,7,-0.028814379418497748,11
DeepSeek-R1_2025-01-20,2025-01-20,000300.SH,300474,上游,0.0007669613271423357,1.7808953600052146,221,-0.030753733910662488,3,-0.06929064444578875,7,-0.13398441414003054,11
DeepSeek-R1_2025-01-20,2025-01-20,000300.SH,300476,上游,0.0035316014686968622,2.1096408808790175,221,0.07395117692461746,3,0.1777308650853957,7,0.015547437510062836,11
DeepSeek-R1_2025-01-20,2025-01-20,000300.SH,300496,中游,-0.0018931736831737623,1.7866650529011798,221,0.05565583200358744,3,0.059631570173484416,7,0.1863920262474842,11
DeepSeek-R1_2025-01-20,2025-01-20,000300.SH,300502,上游,0.0039707733246086094,1.726214240674097,221,0.0921073362534503,3,0.17166853129225107,7,0.07740612586859588,11
DeepSeek-R1_2025-01-20,2025-01-20,000300.SH,300624,中游,0.0008993570077857784,1.8035090156704392,221,0.006810114414762351,3,-0.004621213222139037,7,0.13346338353735177,11
DeepSeek-R1_2025-01-20,2025-01-20,000300.SH,300634,中游,0.0005886235935869457,1.8587831235043906,221,-0.0061762654803820365,3,0.04212438090108598,7,0.4123162920204112,11
DeepSeek-R1_2025-01-20,2025-01-20,000300.SH,300781,下游,0.003019350159369903,1.7875539071226922,217,-0.05772969191166869,3,-0.03579919969060813,7,0.1033292197340045,11
DeepSeek-R1_2025-01-20,2025-01-20,000300.SH,300785,下游,0.0018040229324569872,1.9529345603062378,221,-0.04432459469641058,3,-0.0364942535824332,7,0.14666120487149165,11
DeepSeek-R1_2025-01-20,2025-01-20,000300.SH,600183,上游,0.0006566449620182776,1.2955041724555287,221,0.15349218236277526,3,0.1724217367597779,7,0.13221588791715122,11
DeepSeek-R1_2025-01-20,2025-01-20,000300.SH,600410,下游,0.0016473609357477805,1.0333605172368476,221,-0.08471583750476411,3,0.07448056581159238,7,0.18789138141804052,11
DeepSeek-R1_2025-01-20,2025-01-20,000300.SH,600556,下游,-0.0004540902425812325,1.5088795586122896,221,-0.154124117758147,3,0.023004128748759733,7,0.06152650982553516,11
DeepSeek-R1_2025-01-20,2025-01-20,000300.SH,600570,下游,0.00010818165708950885,1.3942790860111176,221,0.0001108377428931549,3,-0.008072758537981178,7,0.009880803758868184,11
DeepSeek-R1_2025-01-20,2025-01-20,000300.SH,603019,上游,0.0028255859004801733,1.2531091079480514,221,0.0006437025012027663,3,0.004328294411677272,7,0.02543810455020788,11
DeepSeek-R1_2025-01-20,2025-01-20,000300.SH,603160,中游,0.000630977562850421,1.122198406508463,211,0.028213275399645382,3,0.027133290518734095,7,0.019903885022788108,11
DeepSeek-R1_2025-01-20,2025-01-20,000300.SH,603986,上游,-0.0004618018175139456,1.4317621619695913,221,0.02062886222869402,3,0.01951622822171087,7,0.0369446042176139,11
DeepSeek-R1_2025-01-20,2025-01-20,000300.SH,688008,上游,0.0001541863635765066,1.662140790611338,221,0.04623965247530462,3,0.06112859334746595,7,0.022190866142989492,11
DeepSeek-R1_2025-01-20,2025-01-20,000300.SH,688012,上游,0.0009892172923224912,1.6146745539617975,221,-0.022625856839470743,3,-0.01381721757554874,7,-0.04033664931904083,11
DeepSeek-R1_2025-01-20,2025-01-20,000300.SH,688023,中游,-0.002249926125119386,1.7542389278527857,221,-0.00770362414139915,3,-0.008672015805342785,7,0.07683143937629676,11
DeepSeek-R1_2025-01-20,2025-01-20,000300.SH,688041,上游,0.0019049649741928146,1.5768740982160365,221,-0.017221822034022338,3,-0.09935144572845997,7,-0.1872021856103885,11
DeepSeek-R1_2025-01-20,2025-01-20,000300.SH,688088,中游,-0.0007661812640591345,1.9772976020049,221,0.10659562573262248,3,0.20036593123581717,7,0.27274718186340924,11
DeepSeek-R1_2025-01-20,2025-01-20,000300.SH,688111,中游,-0.000581550383553778,2.0593798259265124,221,0.00236882618353717,3,0.03668377359551261,7,0.17239516698255175,11
DeepSeek-R1_2025-01-20,2025-01-20,000300.SH,688228,下游,-0.0012116149830946588,2.110640030044686,221,-0.04238704690611126,3,7.057083538732425e-05,7,0.1964933436298208,11
DeepSeek-R1_2025-01-20,2025-01-20,000300.SH,688256,上游,0.006401567110777781,1.7907158207519864,221,0.017535027318142927,3,-0.13446093529085298,7,-0.33832864894501663,11
DeepSeek-R1_2025-01-20,2025-01-20,000300.SH,688327,中游,-0.0011920305268253804,2.160897426249934,221,-0.024369851333520234,3,-0.004130309037022443,7,0.09569959365584245,11
DeepSeek-R1_2025-01-20,2025-01-20,000300.SH,688369,下游,-0.0018881602916967421,1.882398187749054,221,0.030913078970657842,3,0.09495168090773627,7,0.32313360644611977,11
DeepSeek-R1_2025-01-20,2025-01-20,000300.SH,688981,上游,0.0018771915284924749,1.459974920824085,221,0.03691465704127687,3,-0.023294467682768022,7,-0.04083278566243712,11
DeepSeek-V3_2024-12-26,2024-12-26,399001.SZ,000977,上游,0.001291899151295196,1.1672952845487958,221,-0.010377974863620833,3,0.025076182393400648,7,0.059667188616073494,11
DeepSeek-V3_2024-12-26,2024-12-26,399001.SZ,000988,上游,0.00031750601083648433,1.2294289644332643,221,0.0758168005719118,3,0.08885082921943009,7,0.12723238747460608,11
DeepSeek-V3_2024-12-26,2024-12-26,399001.SZ,000997,中游,-6.0877254450678775e-05,1.159765203920183,221,-0.02451315111269054,3,-0.011626558390041824,7,-0.01827749034076953,11
DeepSeek-V3_2024-12-26,2024-12-26,399001.SZ,002049,上游,-0.0002164097104775198,1.2003859124325138,221,0.004438125407620954,3,-0.03877034582097793,7,-0.01964018411062329,11
DeepSeek-V3_2024-12-26,2024-12-26,399001.SZ,002065,下游,0.0005279425630058675,1.093257203193009,221,-0.008907110514483861,3,-0.06460836502072911,7,-0.09366285782584002,11
DeepSeek-V3_2024-12-26,2024-12-26,399001.SZ,002131,下游,-0.0011127564722823722,0.9815361785129524,221,-0.032537676328920996,3,-0.2690860124891445,7,-0.1841878392381433,11
DeepSeek-V3_2024-12-26,2024-12-26,399001.SZ,002230,中游,-0.00018633500709338682,1.0615800476701773,221,-0.004388779313767384,3,-0.04295707720403818,7,-0.053750675478421175,11
DeepSeek-V3_2024-12-26,2024-12-26,399001.SZ,002236,中游,-0.0008529556892476251,1.0498998132093715,221,0.01292562154944105,3,-0.01695096203590402,7,-0.02529759494124869,11
DeepSeek-V3_2024-12-26,2024-12-26,399001.SZ,002253,中游,0.0007994508003470041,0.9481241893433591,221,0.007210537902432521,3,-0.14902852528977567,7,-0.1655216292527809,11
DeepSeek-V3_2024-12-26,2024-12-26,399001.SZ,002281,上游,0.0015556895724644943,1.3884622040568178,221,-0.0057328952405946015,3,-0.07214076598913198,7,0.10024383034180122,11
DeepSeek-V3_2024-12-26,2024-12-26,399001.SZ,002368,下游,-0.0009658832001828504,1.310578056660944,221,-0.009297630568023362,3,-0.032143583417888054,7,-0.04437144632336418,11
DeepSeek-V3_2024-12-26,2024-12-26,399001.SZ,002371,上游,0.0026776690731910137,0.9025248140763356,221,0.002322762628008684,3,-0.05546795672109929,7,-0.020152854280295784,11
DeepSeek-V3_2024-12-26,2024-12-26,399001.SZ,002405,中游,-3.6152562609964464e-05,1.1394651344940157,221,-0.013592945633704973,3,-0.06953315334385836,7,-0.09581797181079692,11
DeepSeek-V3_2024-12-26,2024-12-26,399001.SZ,002415,中游,-0.0006318285883881371,0.7593130053089847,221,0.013300136158659158,3,0.015283079776775977,7,-0.014191861933939731,11
DeepSeek-V3_2024-12-26,2024-12-26,399001.SZ,002439,下游,-0.002409477500458535,1.3019789236735562,221,0.004612371852351647,3,-0.029090557349895206,7,-0.014896015296647736,11
DeepSeek-V3_2024-12-26,2024-12-26,399001.SZ,002463,上游,0.0025955019721549963,0.9903762443688736,221,0.0387751063169463,3,0.021211205562751072,7,0.042584678324038366,11
DeepSeek-V3_2024-12-26,2024-12-26,399001.SZ,002607,下游,-0.0012436977739492844,1.072567865607653,221,-0.02036989594596053,3,-0.10798958860587851,7,-0.2364936340670633,11
DeepSeek-V3_2024-12-26,2024-12-26,399001.SZ,002777,中游,-0.001254743630927958,1.1305150254384322,221,-0.008585526539311867,3,-0.06989189339864102,7,-0.08973587691045185,11
DeepSeek-V3_2024-12-26,2024-12-26,399001.SZ,300020,下游,-0.005095918517505,1.2871092696115658,220,0.029426846146605658,3,0.005207846249247999,7,0.18871179761909046,11
DeepSeek-V3_2024-12-26,2024-12-26,399001.SZ,300033,中游,0.0025819005373440202,1.8599146437128176,221,-0.009272118700847935,3,-0.03703547381865577,7,-0.04735005255982275,11
DeepSeek-V3_2024-12-26,2024-12-26,399001.SZ,300036,下游,-0.0008813790718135348,1.5723437876451183,221,-0.0085851871454766,3,-0.047251976808506686,7,-0.04283495481261318,11
DeepSeek-V3_2024-12-26,2024-12-26,399001.SZ,300058,下游,-7.972562562296476e-05,1.5549499819473869,221,-0.009622626397074773,3,-0.08691400888410264,7,-0.1379794547624293,11
DeepSeek-V3_2024-12-26,2024-12-26,399001.SZ,300075,下游,-0.00038362802099434445,1.4682129264647878,221,-0.008352251670693877,3,-0.04570768272309465,7,-0.07614641515537354,11
DeepSeek-V3_2024-12-26,2024-12-26,399001.SZ,300078,中游,-0.0009284638254978168,1.4498847031018969,221,-0.016932764963813084,3,-0.18176820242534378,7,-0.17953308758909514,11
DeepSeek-V3_2024-12-26,2024-12-26,399001.SZ,300168,下游,-0.000838101856626924,1.40432331365465,221,0.009097066153309097,3,-0.03796966798515496,7,-0.08885352095565438,11
DeepSeek-V3_2024-12-26,2024-12-26,399001.SZ,300170,下游,-9.541039242046107e-05,1.5396767845940271,221,-0.0053025829060638335,3,-0.19204291364115672,7,-0.09152890978151261,11
DeepSeek-V3_2024-12-26,2024-12-26,399001.SZ,300188,下游,-0.0008825224525775644,1.5923756474026767,221,-0.021981771645712724,3,-0.13059363022907655,7,-0.08512631524528566,11
DeepSeek-V3_2024-12-26,2024-12-26,399001.SZ,300223,上游,9.145349361489788e-05,1.5091803599904547,221,-0.016342808802851362,3,-0.0528753777718442,7,-0.06929410062556897,11
DeepSeek-V3_2024-12-26,2024-12-26,399001.SZ,300229,中游,-0.001061935828944993,1.7949194144012746,221,0.04677033408741851,3,0.035860255012264364,7,0.041927176895644985,11
DeepSeek-V3_2024-12-26,2024-12-26,399001.SZ,300253,下游,-0.0003777311109447816,1.4341464648631577,221,-0.0027352715011922783,3,-0.06541578606823126,7,-0.07088331763569977,11
DeepSeek-V3_2024-12-26,2024-12-26,399001.SZ,300308,上游,0.0024564326413250162,1.4005701919354585,221,0.034741569962081234,3,-0.010426995892924694,7,0.06767404478209338,11
DeepSeek-V3_2024-12-26,2024-12-26,399001.SZ,300365,中游,-0.0007567796921778323,1.4072858801739483,221,-0.012023876532580378,3,-0.09584241021586265,7,-0.08061330670359709,11
DeepSeek-V3_2024-12-26,2024-12-26,399001.SZ,300394,上游,0.002473407786925317,1.3437676889358598,221,0.06038445239068086,3,-0.056612999857160805,7,-0.05032686650929015,11
DeepSeek-V3_2024-12-26,2024-12-26,399001.SZ,300451,中游,-0.0018602609365222773,1.5871464522820617,221,-0.007071141674240944,3,-0.11052750367250352,7,-0.11576551100390256,11
DeepSeek-V3_2024-12-26,2024-12-26,399001.SZ,300474,上游,0.0005508165324303462,1.5524324179219149,221,-0.03185506566477408,3,-0.024222580338664302,7,0.025427996682775237,11
DeepSeek-V3_2024-12-26,2024-12-26,399001.SZ,300476,上游,0.0033666823137954117,1.6258925795359143,221,0.09390201146835894,3,-0.03973956851239912,7,-0.007159368906768979,11
DeepSeek-V3_2024-12-26,2024-12-26,399001.SZ,300496,中游,-0.00209977203049443,1.560431937873729,221,0.045812902241269896,3,-0.04424119803604899,7,-0.06678117823691705,11
DeepSeek-V3_2024-12-26,2024-12-26,399001.SZ,300502,上游,0.004182629477886431,1.3405200100455674,221,0.04943672735472579,3,-0.10186133311602556,7,-0.0540683818551672,11
DeepSeek-V3_2024-12-26,2024-12-26,399001.SZ,300624,中游,-0.0007191586270591153,1.5659323842404638,221,0.01672808667294908,3,-0.10412239274222551,7,-0.10109410403448517,11
DeepSeek-V3_2024-12-26,2024-12-26,399001.SZ,300634,中游,-0.00025825835856311906,1.6316907420223548,221,-0.014551099243351151,3,-0.08906378676143191,7,-0.04490168895859392,11
DeepSeek-V3_2024-12-26,2024-12-26,399001.SZ,300781,下游,0.0029486418561782326,1.4499905095460173,217,-0.0412945362364109,3,-0.15669210608025508,7,-0.16001736124369376,11
DeepSeek-V3_2024-12-26,2024-12-26,399001.SZ,300785,下游,0.0010051127532408213,1.646287853040113,221,-0.14016065821239676,3,-0.24183353099895827,7,-0.1153062039678286,11
DeepSeek-V3_2024-12-26,2024-12-26,399001.SZ,600183,上游,0.00024522830870100584,1.0118450740111122,221,0.052252587261305716,3,-0.004952396953956649,7,-0.0009874142425424677,11
DeepSeek-V3_2024-12-26,2024-12-26,399001.SZ,600410,下游,-0.001373829953653201,1.0598838651435856,221,-0.033800736056709066,3,-0.10324465084742582,7,-0.1315970235287398,11
DeepSeek-V3_2024-12-26,2024-12-26,399001.SZ,600556,下游,-0.0019567175552262827,1.2596124278446301,221,-0.006488879063671982,3,-0.1412633081987432,7,-0.23185498741382346,11
DeepSeek-V3_2024-12-26,2024-12-26,399001.SZ,600570,下游,-0.00017487643638844147,1.197692178261038,221,-0.006164451038106308,3,-0.040124057816716734,7,-0.07879286233172132,11
DeepSeek-V3_2024-12-26,2024-12-26,399001.SZ,603019,上游,0.0025808712903867665,1.0931119561390519,221,-0.03308728569100325,3,-0.0358679191549794,7,-0.05281098663405448,11
DeepSeek-V3_2024-12-26,2024-12-26,399001.SZ,603160,中游,0.0006486568570982551,0.9931749616496895,221,-0.003067442427881189,3,-0.05026384934968259,7,-0.050344544266930136,11
DeepSeek-V3_2024-12-26,2024-12-26,399001.SZ,603986,上游,-0.0006100959166219387,1.2095916921227678,221,0.04067828649588698,3,-0.022678914417158948,7,0.09651872005932649,11
DeepSeek-V3_2024-12-26,2024-12-26,399001.SZ,688008,上游,0.00024305178917119488,1.31836005628631,221,0.052114947888204505,3,-0.029136587242603602,7,0.046544636644028546,11
DeepSeek-V3_2024-12-26,2024-12-26,399001.SZ,688012,上游,0.0012699630422437326,1.2949769770891293,221,-0.014996493042041498,3,-0.019460305747423107,7,0.005854071775408219,11
DeepSeek-V3_2024-12-26,2024-12-26,399001.SZ,688023,中游,-0.0033035498759703924,1.636334515443186,221,-0.04525077418733792,3,-0.11157264328171923,7,-0.0655070936034098,11
DeepSeek-V3_2024-12-26,2024-12-26,399001.SZ,688041,上游,0.001806106468979307,1.2097889938693511,221,0.09896848178645742,3,0.1551335815151668,7,0.18540824619070764,11
DeepSeek-V3_2024-12-26,2024-12-26,399001.SZ,688088,中游,-0.0014009393100756437,1.673698554490797,221,0.0030408637112070216,3,0.03467042081292364,7,0.12341845032586278,11
DeepSeek-V3_2024-12-26,2024-12-26,399001.SZ,688111,中游,-0.0011032574978213972,1.5887708382237684,221,0.034927296857336004,3,-0.012033861250260423,7,-0.05961502406772766,11
DeepSeek-V3_2024-12-26,2024-12-26,399001.SZ,688228,下游,-0.001797667002016087,1.804093907664915,221,-0.015894720845771655,3,-0.12791791368814814,7,-0.07710812066522421,11
DeepSeek-V3_2024-12-26,2024-12-26,399001.SZ,688256,上游,0.005192770502446371,1.4731400565525072,221,-0.02489574867623395,3,-0.028554807002603474,7,0.05180843565075761,11
DeepSeek-V3_2024-12-26,2024-12-26,399001.SZ,688327,中游,-0.0022733537121699212,1.862419246266595,221,-0.0005681294921495682,3,-0.09805102057010169,7,-0.011955717541137924,11
DeepSeek-V3_2024-12-26,2024-12-26,399001.SZ,688369,下游,-0.003019986706622571,1.6149822255017539,221,-0.030040677735537622,3,-0.10130051402650826,7,-0.04298591277643739,11
DeepSeek-V3_2024-12-26,2024-12-26,399001.SZ,688981,上游,0.002306167894182942,1.1355288515135766,221,0.0011227169172033378,3,0.013629336181734696,7,0.11514495788837614,11
DeepSeek-R1_2025-01-20,2025-01-20,399001.SZ,000977,上游,0.0015565208114790437,1.1625814504636434,221,0.022029337206124083,3,0.015073474315339636,7,0.04848209006481098,11
DeepSeek-R1_2025-01-20,2025-01-20,399001.SZ,000988,上游,0.0006518521062418202,1.2218505054119462,221,0.008404994683972884,3,0.03328989777202413,7,-0.036419672978068085,11
DeepSeek-R1_2025-01-20,2025-01-20,399001.SZ,000997,中游,-0.00025456470000603777,1.1882929817867096,221,0.027913965034020133,3,-0.0020536879906018577,7,0.017852097206631206,11
DeepSeek-R1_2025-01-20,2025-01-20,399001.SZ,002049,上游,-0.00027942532638501805,1.1888653738786819,221,-0.0027435365952875974,3,-0.009774322830642676,7,-0.030996461048038063,11
DeepSeek-R1_2025-01-20,2025-01-20,399001.SZ,002065,下游,0.0009236747438484997,1.024288133307026,221,-0.02337093644202734,3,-0.017722506050267595,7,0.029843492084150627,11
DeepSeek-R1_2025-01-20,2025-01-20,399001.SZ,002131,下游,0.004063450141035137,0.9213593752645898,221,-0.15142931489066683,3,-0.01908143789853755,7,-0.057510782498575816,11
DeepSeek-R1_2025-01-20,2025-01-20,399001.SZ,002230,中游,0.0004946760138438032,1.0478037053661762,221,-0.022321064374842617,3,0.003442532622256497,7,0.08211057667421165,11
DeepSeek-R1_2025-01-20,2025-01-20,399001.SZ,002236,中游,-0.0005388292503022454,1.0302022743297834,221,-0.007808959451163967,3,0.008566034626499136,7,0.022587753954212066,11
DeepSeek-R1_2025-01-20,2025-01-20,399001.SZ,002253,中游,0.0012043122714391879,0.9387671718669628,221,-0.19074543286730267,3,-0.2008455451590217,7,-0.23333053860760272,11
DeepSeek-R1_2025-01-20,2025-01-20,399001.SZ,002281,上游,0.0015838427834774349,1.3735350482388053,221,-0.003257491999105293,3,0.0032490088549817567,7,-0.054945032598849794,11
DeepSeek-R1_2025-01-20,2025-01-20,399001.SZ,002368,下游,-0.000683584566194847,1.3173217580409442,221,0.008053147225641377,3,0.024590559701559378,7,0.04380556781182666,11
DeepSeek-R1_2025-01-20,2025-01-20,399001.SZ,002371,上游,0.0019995132225333677,0.900355515016741,221,-0.02078273288200816,3,-0.028655646810979735,7,-0.07148966616366763,11
DeepSeek-R1_2025-01-20,2025-01-20,399001.SZ,002405,中游,0.00046609711577073036,1.1469578142508787,221,-0.01884042355513546,3,-0.05007352056386909,7,-0.029593401796791697,11
DeepSeek-R1_2025-01-20,2025-01-20,399001.SZ,002415,中游,-0.0006789669292981094,0.7490499853052109,221,-0.0038230109121576055,3,0.013363613979138787,7,0.023440542532604268,11
DeepSeek-R1_2025-01-20,2025-01-20,399001.SZ,002439,下游,-0.0023669858987758023,1.3056731286058982,221,-0.06917056199580504,3,-0.03557583157424071,7,0.05680492658658625,11
DeepSeek-R1_2025-01-20,2025-01-20,399001.SZ,002463,上游,0.002576262176591133,1.016040188972079,221,0.040497685646229006,3,0.0630814324098957,7,-0.06502792936150728,11
DeepSeek-R1_2025-01-20,2025-01-20,399001.SZ,002607,下游,0.00014973915304365338,1.0982360201322166,221,-0.01567336724906314,3,0.03266984194376382,7,0.014314116998826747,11
DeepSeek-R1_2025-01-20,2025-01-20,399001.SZ,002777,中游,-0.0008981880986345618,1.1831218863881654,221,-0.025961244832475024,3,0.004930875499898384,7,0.06337655659690157,11
DeepSeek-R1_2025-01-20,2025-01-20,399001.SZ,300020,下游,-0.00360287069486891,1.342830102060691,220,-0.1131225843390375,3,-0.11485843619759185,7,-0.10323287077758259,11
DeepSeek-R1_2025-01-20,2025-01-20,399001.SZ,300033,中游,0.00317255100897819,1.8977163925931375,221,-0.010190916693684604,3,0.004428919403512728,7,0.017591120604461954,11
DeepSeek-R1_2025-01-20,2025-01-20,399001.SZ,300036,下游,-0.000865202705752871,1.5766188461580823,221,-0.02472099315121337,3,0.0023440190233769594,7,0.007028172302882843,11
DeepSeek-R1_2025-01-20,2025-01-20,399001.SZ,300058,下游,0.0019353520245222414,1.5267910247379477,221,-0.0715763641424961,3,-0.030961245276847352,7,0.06521222955597061,11
DeepSeek-R1_2025-01-20,2025-01-20,399001.SZ,300075,下游,0.00019120730272879701,1.4784030269783552,221,-0.029629788311768036,3,-0.019651589593412393,7,-0.030402403762324667,11
DeepSeek-R1_2025-01-20,2025-01-20,399001.SZ,300078,中游,3.4626471252595517e-05,1.4815614576847658,221,-0.0648751630244818,3,-0.05114062222102267,7,-0.008811538334073193,11
DeepSeek-R1_2025-01-20,2025-01-20,399001.SZ,300168,下游,0.00033903946453023727,1.4616008424036282,221,-0.04135043645828826,3,-0.05236296546300313,7,-0.0010674414413620256,11
DeepSeek-R1_2025-01-20,2025-01-20,399001.SZ,300170,下游,0.00040736291552613855,1.5553989251062657,221,0.0947416441668126,3,0.28592799512050593,7,0.5301974265871877,11
DeepSeek-R1_2025-01-20,2025-01-20,399001.SZ,300188,下游,-0.0001281822340881218,1.5947432532243495,221,-0.039376660777523886,3,-0.049681437165439796,7,0.03253718462142598,11
DeepSeek-R1_2025-01-20,2025-01-20,399001.SZ,300223,上游,3.856410481093322e-05,1.5008905692997834,221,0.0031667678446639386,3,0.015027598910136924,7,0.002738832985208656,11
DeepSeek-R1_2025-01-20,2025-01-20,399001.SZ,300229,中游,0.0013769799157673788,1.707452163557785,221,-0.039394295687352886,3,-0.09982420051265015,7,0.20014086433401834,11
DeepSeek-R1_2025-01-20,2025-01-20,399001.SZ,300253,下游,-1.2592463692421771e-05,1.4494522644443386,221,-0.02596784617247972,3,-0.027941596215269357,7,-0.00011586938952580159,11
DeepSeek-R1_2025-01-20,2025-01-20,399001.SZ,300308,上游,0.0023767817851009588,1.38544342750244,221,-0.0339987745509603,3,0.10213132811182901,7,-0.04642687539247704,11
DeepSeek-R1_2025-01-20,2025-01-20,399001.SZ,300365,中游,-0.0001653078655501531,1.406130283978992,221,-0.037209880174594964,3,-0.09195487159989053,7,-0.01706696508183132,11
DeepSeek-R1_2025-01-20,2025-01-20,399001.SZ,300394,上游,0.0025341391009636276,1.3536114770865229,221,0.055775497864010856,3,0.22939382435824396,7,0.08200360521205652,11
DeepSeek-R1_2025-01-20,2025-01-20,399001.SZ,300451,中游,-0.001102138905144476,1.6156673333118854,221,-0.04771195097850753,3,-0.08187506619508791,7,-0.048153925164011596,11
DeepSeek-R1_2025-01-20,2025-01-20,399001.SZ,300474,上游,0.0009142438921611354,1.5422978926404667,221,-0.047167216153560246,3,-0.07996357989143099,7,-0.15212260375710274,11
DeepSeek-R1_2025-01-20,2025-01-20,399001.SZ,300476,上游,0.003882149446220104,1.6392461679118109,221,0.057758207859636146,3,0.16409154648660437,7,-0.0009053747744583868,11
DeepSeek-R1_2025-01-20,2025-01-20,399001.SZ,300496,中游,-0.001756338898297049,1.558943946082872,221,0.038987500885557955,3,0.04898586759060632,7,0.1678827570804248,11
DeepSeek-R1_2025-01-20,2025-01-20,399001.SZ,300502,上游,0.004254825652337595,1.3442818688340776,221,0.07880604893121455,3,0.16052390428232827,7,0.06386403014411395,11
DeepSeek-R1_2025-01-20,2025-01-20,399001.SZ,300624,中游,0.0010529016011271162,1.5571987931338116,221,-0.0097307119064754,3,-0.015454520709367571,7,0.11522042835607504,11
DeepSeek-R1_2025-01-20,2025-01-20,399001.SZ,300634,中游,0.0007776922436604983,1.572062236489194,221,-0.022655136582530096,3,0.03078469111758196,7,0.3943952383485013,11
DeepSeek-R1_2025-01-20,2025-01-20,399001.SZ,300781,下游,0.0032926710587903364,1.4922321790489075,217,-0.07345736164036594,3,-0.04732017370359275,7,0.08581565614191927,11
DeepSeek-R1_2025-01-20,2025-01-20,399001.SZ,300785,下游,0.0020441330321519977,1.6074764490012303,221,-0.06087272379440059,3,-0.04864292096996552,7,0.1290177798705245,11
DeepSeek-R1_2025-01-20,2025-01-20,399001.SZ,600183,上游,0.0008799154810331602,0.9981065726879459,221,0.14369602309417398,3,0.16400071999989607,7,0.12234121683530604,11
DeepSeek-R1_2025-01-20,2025-01-20,399001.SZ,600410,下游,0.0016341951287541494,1.0000808416817206,221,-0.09606034960538758,3,0.06884562261759927,7,0.17454726904160178,11
DeepSeek-R1_2025-01-20,2025-01-20,399001.SZ,600556,下游,-0.00032475628519060376,1.3018766934278447,221,-0.16794664178862637,3,0.013935659930584347,7,0.04628876693243586,11
DeepSeek-R1_2025-01-20,2025-01-20,399001.SZ,600570,下游,0.00023887153206778687,1.1910780508997636,221,-0.012455494366954327,3,-0.01651571841281446,7,-0.0038800451062078137,11
DeepSeek-R1_2025-01-20,2025-01-20,399001.SZ,603019,上游,0.0029086381875506606,1.1071687499945841,221,-0.011285412908521962,3,-0.003065163411896051,7,0.01208697464370873,11
DeepSeek-R1_2025-01-20,2025-01-20,399001.SZ,603160,中游,0.000711656646874206,1.0025350723778257,211,0.017289470457551775,3,0.020454210346094456,7,0.0074686691170680625,11
DeepSeek-R1_2025-01-20,2025-01-20,399001.SZ,603986,上游,-0.0002916754435866182,1.1847932578963356,221,0.00838783894413994,3,0.0106430478182434,7,0.02384076480508345,11
DeepSeek-R1_2025-01-20,2025-01-20,399001.SZ,688008,上游,0.0003794572370283999,1.3458215805246732,221,0.03254161353675976,3,0.05067055081652626,7,0.007772423522482901,11
DeepSeek-R1_2025-01-20,2025-01-20,399001.SZ,688012,上游,0.001202961130327002,1.312820244113305,221,-0.03602674979424544,3,-0.023947786620284604,7,-0.05448896206207951,11
DeepSeek-R1_2025-01-20,2025-01-20,399001.SZ,688023,中游,-0.0021784441201014764,1.5976888860863634,221,-0.02523000235402695,3,-0.01876880991221859,7,0.05686082084520294,11
DeepSeek-R1_2025-01-20,2025-01-20,399001.SZ,688041,上游,0.002183336415174134,1.2078377230067556,221,-0.029023604896487438,3,-0.10963881067272925,7,-0.19903260013137467,11
DeepSeek-R1_2025-01-20,2025-01-20,399001.SZ,688088,中游,-0.0005788972304362366,1.6870527844964769,221,0.08881060051433033,3,0.1883815326658895,7,0.2532878615475634,11
DeepSeek-R1_2025-01-20,2025-01-20,399001.SZ,688111,中游,-0.00021438960455282427,1.5735722347144452,221,-0.012977514352328731,3,0.023228161648268582,7,0.15704800252133572,11
DeepSeek-R1_2025-01-20,2025-01-20,399001.SZ,688228,下游,-0.0010387705325731879,1.8296863994046642,221,-0.061871133042374,3,-0.012568863799921622,7,0.17494790644554328,11
DeepSeek-R1_2025-01-20,2025-01-20,399001.SZ,688256,上游,0.006620227663443403,1.4755576896097127,221,0.002333671117195849,3,-0.1455919695893698,7,-0.3545495634611938,11
DeepSeek-R1_2025-01-20,2025-01-20,399001.SZ,688327,中游,-0.0009876573592589644,1.8440231166495886,221,-0.043811840755814103,3,-0.017225803393303013,7,0.07442479667600493,11
DeepSeek-R1_2025-01-20,2025-01-20,399001.SZ,688369,下游,-0.001699818723494196,1.5953712398665698,221,0.01416708754803237,3,0.08348562891492863,7,0.30489541976924867,11
DeepSeek-R1_2025-01-20,2025-01-20,399001.SZ,688981,上游,0.002104490401789218,1.1507505905154927,221,0.025425938500598034,3,-0.03264699515845752,7,-0.052656254958190686,11
