事件,事件日期,基准指数,事件窗口,比较组A,比较组B,比较名称,A组公司数,B组公司数,A组平均CAR,B组平均CAR,A减B差异,差异标准误,Welch_t值,Welch_p值
DeepSeek-V3_2024-12-26,2024-12-26,000001.SH,"[-1,+1]",上游,下游,上游 vs 下游,20,20,0.018891403920266617,-0.022813726491695337,0.04170513041196196,0.01187915722692906,3.5107819195641174,0.0012151101108117054
DeepSeek-V3_2024-12-26,2024-12-26,000001.SH,"[-1,+1]",上游,中游,上游 vs 中游,20,20,0.018891403920266617,-0.003880380697106342,0.022771784617372958,0.010581486973171985,2.152040131515346,0.03971927517877296
DeepSeek-V3_2024-12-26,2024-12-26,000001.SH,"[-1,+1]",中游,下游,中游 vs 下游,20,20,-0.003880380697106342,-0.022813726491695337,0.018933345794588996,0.008988977870555255,2.1062846151405057,0.0427226234625099
DeepSeek-V3_2024-12-26,2024-12-26,000001.SH,"[-3,+3]",上游,下游,上游 vs 下游,20,20,-0.03417152376544376,-0.12162380359120015,0.08745227982575639,0.020724271596526074,4.219799929683206,0.00015699729327749604
DeepSeek-V3_2024-12-26,2024-12-26,000001.SH,"[-3,+3]",上游,中游,上游 vs 中游,20,20,-0.03417152376544376,-0.0816902901201956,0.04751876635475184,0.01838191692057577,2.5850822066093544,0.013699519313136564
DeepSeek-V3_2024-12-26,2024-12-26,000001.SH,"[-3,+3]",中游,下游,中游 vs 下游,20,20,-0.0816902901201956,-0.12162380359120015,0.039933513471004545,0.02085537965484678,1.9147823790263159,0.06340775325253431
DeepSeek-V3_2024-12-26,2024-12-26,000001.SH,"[-5,+5]",上游,下游,上游 vs 下游,20,20,0.03283403442877546,-0.08624033481667981,0.11907436924545527,0.025272225719648607,4.711669267534182,3.6183563558977976e-05
DeepSeek-V3_2024-12-26,2024-12-26,000001.SH,"[-5,+5]",上游,中游,上游 vs 中游,20,20,0.03283403442877546,-0.05322492107332758,0.08605895550210305,0.0214340009863964,4.015067254905998,0.0002712296906733092
DeepSeek-V3_2024-12-26,2024-12-26,000001.SH,"[-5,+5]",中游,下游,中游 vs 下游,20,20,-0.05322492107332758,-0.08624033481667981,0.03301541374335223,0.024715963772617772,1.3357930949845953,0.19024174502691601
DeepSeek-R1_2025-01-20,2025-01-20,000001.SH,"[-1,+1]",上游,下游,上游 vs 下游,20,20,0.037139106402109136,-0.023641782371241496,0.06078088877335063,0.016785102134722535,3.6211211755224375,0.0009156308696194663
DeepSeek-R1_2025-01-20,2025-01-20,000001.SH,"[-1,+1]",上游,中游,上游 vs 中游,20,20,0.037139106402109136,0.003988137035273063,0.03315096936683607,0.015725183026359963,2.108145215942189,0.04189942682350371
DeepSeek-R1_2025-01-20,2025-01-20,000001.SH,"[-1,+1]",中游,下游,中游 vs 下游,20,20,0.003988137035273063,-0.023641782371241496,0.02762991940651456,0.018093608210580075,1.5270541444772867,0.13512038226650144
DeepSeek-R1_2025-01-20,2025-01-20,000001.SH,"[-3,+3]",上游,下游,上游 vs 下游,20,20,0.03624748910650417,0.009488113252808957,0.02675937585369521,0.028138160117174113,0.9509994876090935,0.34781413408725487
DeepSeek-R1_2025-01-20,2025-01-20,000001.SH,"[-3,+3]",上游,中游,上游 vs 中游,20,20,0.03624748910650417,-0.005874001084460269,0.042121490190964436,0.027415109705063747,1.5364333991041565,0.13321679088696856
DeepSeek-R1_2025-01-20,2025-01-20,000001.SH,"[-3,+3]",中游,下游,中游 vs 下游,20,20,-0.005874001084460269,0.009488113252808957,-0.015362114337269226,0.024633406013981562,-0.6236293238762806,0.5366130254075553
DeepSeek-R1_2025-01-20,2025-01-20,000001.SH,"[-5,+5]",上游,下游,上游 vs 下游,20,20,-0.032534281589012705,0.07952091809399409,-0.11205519968300678,0.03927179328508603,-2.853325257381643,0.007203533345987473
DeepSeek-R1_2025-01-20,2025-01-20,000001.SH,"[-5,+5]",上游,中游,上游 vs 中游,20,20,-0.032534281589012705,0.07105348450526286,-0.10358776609427556,0.037463208871336987,-2.7650532139421276,0.008885737105733267
DeepSeek-R1_2025-01-20,2025-01-20,000001.SH,"[-5,+5]",中游,下游,中游 vs 下游,20,20,0.07105348450526286,0.07952091809399409,-0.008467433588731227,0.04291413772355571,-0.1973110503414222,0.8446417154903877
DeepSeek-V3_2024-12-26,2024-12-26,000300.SH,"[-1,+1]",上游,下游,上游 vs 下游,20,20,0.02410721343078228,-0.01742296866729243,0.041530182098074714,0.011861360374966597,3.5013000857577996,0.0012530792308551883
DeepSeek-V3_2024-12-26,2024-12-26,000300.SH,"[-1,+1]",上游,中游,上游 vs 中游,20,20,0.02410721343078228,0.0016325950109262043,0.022474618419856075,0.01062922300583973,2.114417809044786,0.04303351659534475
DeepSeek-V3_2024-12-26,2024-12-26,000300.SH,"[-1,+1]",中游,下游,中游 vs 下游,20,20,0.0016325950109262043,-0.01742296866729243,0.019055563678218635,0.008956978557915439,2.1274544261779993,0.04072798996212678
DeepSeek-V3_2024-12-26,2024-12-26,000300.SH,"[-3,+3]",上游,下游,上游 vs 下游,20,20,-0.04269131955242908,-0.13190991099860414,0.08921859144617506,0.02086200762625694,4.276606213770359,0.000132539221544785
DeepSeek-V3_2024-12-26,2024-12-26,000300.SH,"[-3,+3]",上游,中游,上游 vs 中游,20,20,-0.04269131955242908,-0.09168573336772101,0.04899441381529193,0.018575376489839545,2.637600042297455,0.01203368441580158
DeepSeek-V3_2024-12-26,2024-12-26,000300.SH,"[-3,+3]",中游,下游,中游 vs 下游,20,20,-0.09168573336772101,-0.13190991099860414,0.04022417763088312,0.021047097511314995,1.911150818266436,0.06386540618153555
DeepSeek-V3_2024-12-26,2024-12-26,000300.SH,"[-5,+5]",上游,下游,上游 vs 下游,20,20,0.01857184553438026,-0.11052892111018178,0.12910076664456205,0.025071345971518524,5.149335292617425,9.468381861583129e-06
DeepSeek-V3_2024-12-26,2024-12-26,000300.SH,"[-5,+5]",上游,中游,上游 vs 中游,20,20,0.01857184553438026,-0.07448019847855528,0.09305204401293554,0.02151920005671109,4.3241404776993955,0.00010702226092995903
DeepSeek-V3_2024-12-26,2024-12-26,000300.SH,"[-5,+5]",中游,下游,中游 vs 下游,20,20,-0.07448019847855528,-0.11052892111018178,0.036048722631626506,0.024670202943610917,1.4612252162669137,0.1527779453104507
DeepSeek-R1_2025-01-20,2025-01-20,000300.SH,"[-1,+1]",上游,下游,上游 vs 下游,20,20,0.027664643178461124,-0.03336768103770201,0.061032324216163135,0.016672339217266956,3.6606935248146883,0.0008149486559301871
DeepSeek-R1_2025-01-20,2025-01-20,000300.SH,"[-1,+1]",上游,中游,上游 vs 中游,20,20,0.027664643178461124,-0.005914922257091699,0.03357956543555282,0.015617163142797773,2.15017062500489,0.03816353764202588
DeepSeek-R1_2025-01-20,2025-01-20,000300.SH,"[-1,+1]",中游,下游,中游 vs 下游,20,20,-0.005914922257091699,-0.03336768103770201,0.027452758780610313,0.017889346497152604,1.5345870116037994,0.13326362412202045
DeepSeek-R1_2025-01-20,2025-01-20,000300.SH,"[-3,+3]",上游,下游,上游 vs 下游,20,20,0.03875817661990112,0.010623090167520107,0.028135086452381015,0.02812623888632079,1.0003145662701647,0.3236988455992367
DeepSeek-R1_2025-01-20,2025-01-20,000300.SH,"[-3,+3]",上游,中游,上游 vs 中游,20,20,0.03875817661990112,-0.004167496496793687,0.04292567311669481,0.027508259907006612,1.5604648662549985,0.1274076251437914
DeepSeek-R1_2025-01-20,2025-01-20,000300.SH,"[-3,+3]",中游,下游,中游 vs 下游,20,20,-0.004167496496793687,0.010623090167520107,-0.014790586664313793,0.024719660931736644,-0.5983329101947639,0.5531789076620398
DeepSeek-R1_2025-01-20,2025-01-20,000300.SH,"[-5,+5]",上游,下游,上游 vs 下游,20,20,-0.024171905645052807,0.0911519165822184,-0.11532382222727121,0.03940348564563014,-2.926741640686822,0.0059803857695521975
DeepSeek-R1_2025-01-20,2025-01-20,000300.SH,"[-5,+5]",上游,中游,上游 vs 中游,20,20,-0.024171905645052807,0.08175970942692654,-0.10593161507197935,0.03755383319813552,-2.820793672727893,0.0077236865323466915
DeepSeek-R1_2025-01-20,2025-01-20,000300.SH,"[-5,+5]",中游,下游,中游 vs 下游,20,20,0.08175970942692654,0.0911519165822184,-0.009392207155291862,0.04316442667700398,-0.21759137971582507,0.8289184544480658
DeepSeek-V3_2024-12-26,2024-12-26,399001.SZ,"[-1,+1]",上游,下游,上游 vs 下游,20,20,0.023383315223413643,-0.017920018982997034,0.04130333420641068,0.011852667275944433,3.4847290694000845,0.0013090532553877447
DeepSeek-V3_2024-12-26,2024-12-26,399001.SZ,"[-1,+1]",上游,中游,上游 vs 中游,20,20,0.023383315223413643,0.0010449014679518157,0.022338413755461826,0.010587895516050957,2.109806780922366,0.04346500650857971
DeepSeek-V3_2024-12-26,2024-12-26,399001.SZ,"[-1,+1]",中游,下游,中游 vs 下游,20,20,0.0010449014679518157,-0.017920018982997034,0.01896492045094885,0.00896690249396777,2.114991265234228,0.04188529073138379
DeepSeek-V3_2024-12-26,2024-12-26,399001.SZ,"[-3,+3]",上游,下游,上游 vs 下游,20,20,-0.014443385983323492,-0.10079910043151832,0.08635571444819483,0.02062925146590673,4.186080846942606,0.00017513854863807608
DeepSeek-V3_2024-12-26,2024-12-26,399001.SZ,"[-3,+3]",上游,中游,上游 vs 中游,20,20,-0.014443385983323492,-0.06043483780920657,0.04599145182588307,0.018245865233830216,2.5206506370883917,0.016036044731479532
DeepSeek-V3_2024-12-26,2024-12-26,399001.SZ,"[-3,+3]",中游,下游,中游 vs 下游,20,20,-0.06043483780920657,-0.10079910043151832,0.040364262622311756,0.02086974869063551,1.9341039137871197,0.060913550470613594
DeepSeek-V3_2024-12-26,2024-12-26,399001.SZ,"[-5,+5]",上游,下游,上游 vs 下游,20,20,0.03248345186328405,-0.09079576777040024,0.1232792196336843,0.02524638435276939,4.883044554463548,2.1660313217853807e-05
DeepSeek-V3_2024-12-26,2024-12-26,399001.SZ,"[-5,+5]",上游,中游,上游 vs 中游,20,20,0.03248345186328405,-0.05603543910062601,0.08851889096391005,0.021517352217537596,4.1138375237341345,0.0002015614801361669
DeepSeek-V3_2024-12-26,2024-12-26,399001.SZ,"[-5,+5]",中游,下游,中游 vs 下游,20,20,-0.05603543910062601,-0.09079576777040024,0.034760328669774236,0.024879913454842105,1.3971241794255203,0.17112054125763318
DeepSeek-R1_2025-01-20,2025-01-20,399001.SZ,"[-1,+1]",上游,下游,上游 vs 下游,20,20,0.014726905272427131,-0.04805453396139958,0.06278143923382672,0.016581526586113827,3.7862279391333566,0.0005643148700513963
DeepSeek-R1_2025-01-20,2025-01-20,399001.SZ,"[-1,+1]",上游,中游,上游 vs 中游,20,20,0.014726905272427131,-0.020514300580570716,0.03524120585299785,0.015556952873519922,2.2653026038912314,0.029413069989592675
DeepSeek-R1_2025-01-20,2025-01-20,399001.SZ,"[-1,+1]",中游,下游,中游 vs 下游,20,20,-0.020514300580570716,-0.04805453396139958,0.027540233380828866,0.017647071832865138,1.5606120744371388,0.12699819005194685
DeepSeek-R1_2025-01-20,2025-01-20,399001.SZ,"[-3,+3]",上游,下游,上游 vs 下游,20,20,0.02889460295751294,0.000945730246570712,0.02794887271094223,0.028059143962917317,0.996070042189426,0.3257171917916869
DeepSeek-R1_2025-01-20,2025-01-20,399001.SZ,"[-3,+3]",上游,中游,上游 vs 中游,20,20,0.02889460295751294,-0.014132510437864338,0.04302711339537728,0.02733503253228854,1.5740648321728912,0.12424659040696626
DeepSeek-R1_2025-01-20,2025-01-20,399001.SZ,"[-3,+3]",中游,下游,中游 vs 下游,20,20,-0.014132510437864338,0.000945730246570712,-0.01507824068443505,0.024624017391200962,-0.6123387766052766,0.543976595887805
DeepSeek-R1_2025-01-20,2025-01-20,399001.SZ,"[-5,+5]",上游,下游,上游 vs 下游,20,20,-0.037796552923711826,0.0749523250887276,-0.11274887801243942,0.03929586353532343,-2.869230190375849,0.0069100564134442636
DeepSeek-R1_2025-01-20,2025-01-20,399001.SZ,"[-5,+5]",上游,中游,上游 vs 中游,20,20,-0.037796552923711826,0.06583658587054533,-0.10363313879425716,0.03733952613803794,-2.7754272620156692,0.008640715677432001
DeepSeek-R1_2025-01-20,2025-01-20,399001.SZ,"[-5,+5]",中游,下游,中游 vs 下游,20,20,0.06583658587054533,0.0749523250887276,-0.009115739218182262,0.04273300741003255,-0.21331845733942267,0.8322266060026041
