股票代码,原始Layer,证券简称,公司全称,交易所,东方财富行业,证监会行业,公司简介,经营范围,公司官网,基础信息来源URL,抓取日期,抓取状态,抓取错误,原始Layer来源,是否属于事件前分类证据
000977,上游,浪潮信息,浪潮电子信息产业股份有限公司,深圳证券交易所,信息技术-计算机硬件-PC、服务器及硬件,制造业-计算机、通信和其他电子设备制造业,"    浪潮电子信息产业股份有限公司(股票代码SZ000977)是全球领先的IT基础设施产品、方案和服务提供商,为客户提供云计算、大数据、人工智能等各类创新IT产品和解决方案。浪潮信息秉承“计算力是生产力、智算力是创新力”的理念,推动世界智能进化,让人们生活更美好,企业经营更高效,社会治理更完善,人与自然更和谐。浪潮信息坚持“以应用为导向,以系统为核心”,全面推进算法、算力、数据和互连技术的创新,加速“人工智能+”的落地。算法方面,积极探索各类大模型算法,持续提升模型算力效率,探索智能边界;算力方面,发展新一代以系统为核心的计算架构,打造开放、多元、绿色的元脑智算产品和方案,为人工智能的创新和应用,提供强大算力平台;数据方面,持续发展高吞吐、低延迟的新一代融合存储技术,为AI全流程海量数据管理提供存储平台支撑;互连方面,创新端网协同的新一代超级AI以太网,为大规模AI系统提供高效的互连方案。浪潮信息的业务遍及全球主要国家和地区,拥有8个研发中心、11个生产基地、50个业务分支机构,服务器出货量全球第二,存储装机容量全球第三。浪潮信息一直致力于建设开放融合的全球计算生态。通过深化产业链上下游的开放合作,推动开放标准的制定和普及,让更多组织、个人参与到人工智能的技术创新和应用中,共同加速行业智能化转型、开创全新发展局面。","一般项目:计算机软硬件及外围设备制造;计算机软硬件及辅助设备批发;计算机软硬件及辅助设备零售;互联网设备销售;互联网设备制造;软件开发;软件销售;通信设备制造;通信设备销售;通用设备制造(不含特种设备制造);电子专用材料制造;电子专用材料研发;电子专用材料销售;制冷、空调设备制造;制冷、空调设备销售;钟表与计时仪器制造;钟表与计时仪器销售;计算器设备销售;玩具制造;玩具销售;教学用模型及教具制造;教学用模型及教具销售;技术服务、技术开发、技术咨询、技术交流、技术转让、技术推广;计算机及通讯设备租赁;计算机及办公设备维修;非居住房地产租赁;工程和技术研究和试验发展;工程管理服务;信息系统集成服务;变压器、整流器和电感器制造;配电开关控制设备制造;配电开关控制设备销售;电池制造;电池销售;锻件及粉末冶金制品制造;锻件及粉末冶金制品销售;金属结构制造;金属结构销售;玻璃制造;金属材料制造;金属材料销售;喷涂加工;云计算设备制造;云计算设备销售;信息技术咨询服务;网络技术服务;智能控制系统集成;信息安全设备制造;信息安全设备销售;网络与信息安全软件开发;数字视频监控系统制造;数字视频监控系统销售(除依法须经批准的项目外,凭营业执照依法自主开展经营活动)许可项目:进出口代理;技术进出口;货物进出口;各类工程建设活动;建设工程设计;建筑智能化系统设计;建筑智能化工程施工(依法须经批准的项目,经相关部门批准后方可开展经营活动,具体经营项目以审批结果为准)。",www.ieisystem.com,https://emweb.securities.eastmoney.com/PC_HSF10/CompanySurvey/PageAjax?code=SZ000977,2026-07-27,成功,,04_code/60gupiao.py与04_code/financialtest60.py中的硬编码名单,否（当前公司概况仅用于补齐基础信息）
000988,上游,华工科技,华工科技产业股份有限公司,深圳证券交易所,电子设备-电子设备制造-电子设备制造,制造业-计算机、通信和其他电子设备制造业,"    华工科技产业股份有限公司成立于1999年,诞生于“中国光谷”腹地,经过多年的技术、产品积淀,已构建起三大核心业务格局:以信息通信技术为重要支撑的联接业务、以敏感电子技术为重要支撑的感知业务、以激光加工技术、软件算法为重要支撑的智能制造业务。公司是中国最大的激光装备制造商之一、全球领先的“激光+智能制造”系统解决方案提供商,光模块业务位列全球Top10(全球光通信权威机构Light Counting发布),全球领先的传感器解决方案提供商。在海外设立能力中心,联合共建激光加工国家工程研究中心、国家防伪工程研究中心、敏感陶瓷国家重点实验室等国家级平台,形成产学研用一体化创新体系。公司坚持高强度研发投入,牵头承担国家“863”计划、科技支撑计划、国家重大科技专项等50余项,攻克高端光芯片、硅光、超快激光等关键核心技术,创造70余项国内行业“第一”,牵头制定中国激光行业首个国际标准,斩获5项国家科技进步奖,培育了3家国家专精特新小巨人企业、3款旗舰产品入选国家制造业单项冠军产品。产品与解决方案广泛应用于汽车、消费电子、轨道交通、船舶制造、低空经济、AI算力、未来能源等国民经济关键领域,助力产业数字化、智能化升级,远销90多个国家和地区,具备全球竞争力。面向未来,公司以国家战略为指引,以光电子为根基、AI为引擎、场景为牵引,坚持有组织创新与自由探索式创新双轮驱动,做强核心赛道、拓展前沿布局,拉长创新长板、攻坚关键技术,致力打造全球领先的“感传知用”全栈AI能力赋能者,在双循环新发展格局中彰显国家竞争力,为高质量发展与制造强国建设持续贡献力量。",一般项目:智能基础制造装备制造;金属切割及焊接设备制造;光通信设备制造;光电子器件制造;电子元器件制造;集成电路芯片及产品制造;移动终端设备制造;智能车载设备制造;新型膜材料制造;光学仪器制造;光学玻璃制造;汽车零部件及配件制造;计算机软硬件及外围设备制造;专用设备制造(不含许可类专业设备制造);通用设备制造(不含特种设备制造);第一类医疗器械生产;工程和技术研究和试验发展;机械设备研发;电子专用材料研发;新兴能源技术研发;激光打标加工;金属表面处理及热处理加工;淬火加工;人工智能行业应用系统集成服务;软件开发;信息系统集成服务;工业互联网数据服务;工业设计服务;物联网应用服务;5G通信技术服务;创业投资(限投资未上市企业);私募股权投资基金管理、创业投资基金管理服务(须在中国证券投资基金业协会完成登记备案后方可从事经营活动);自有资金投资的资产管理服务;融资咨询服务;智能基础制造装备销售;电子元器件与机电组件设备销售;技术玻璃制品销售;包装材料及制品销售;新型膜材料销售;第二类医疗器械销售;第一类医疗器械销售;货物进出口;技术进出口;进出口代理;国内贸易代理;销售代理;采购代理服务;技术服务、技术开发、技术咨询、技术交流、技术转让、技术推广。许可项目:包装装潢印刷品印刷;国家秘密载体技术服务;第三类医疗器械经营;第三类医疗器械生产;第二类医疗器械生产。,www.hgtech.com.cn,https://emweb.securities.eastmoney.com/PC_HSF10/CompanySurvey/PageAjax?code=SZ000988,2026-07-27,成功,,04_code/60gupiao.py与04_code/financialtest60.py中的硬编码名单,否（当前公司概况仅用于补齐基础信息）
000997,中游,新大陆,新大陆数字技术股份有限公司,深圳证券交易所,信息技术-计算机硬件-专用计算机设备,信息传输、软件和信息技术服务业-软件和信息技术服务业,"    新大陆数字技术股份有限公司1994年成立于福建省福州市,是新大陆科技集团下属企业,2000年于深交所主板上市,以“成为数字中国建设的先锋企业”为目标,致力于以科技创新赋能数字经济产业发展。新大陆始终坚持创新、坚守实业,致力于科技创新成果转化,多次主持或参与制定物联网、人工智能国家、行业标准,拥有完全自主知识产权的条码核心技术、行业芯片设计技术,在人工智能领域,图像算法和边缘智能取得重大成果,具备电信级可靠、金融级安全、智能化融合的复杂数字化场景建设能力,已成为一家以数字技术为核心,拥有从物联网终端、系统平台到大数据应用全产业链能力的数字化高科技产业集团。","一般项目:数据处理和存储支持服务;数据处理服务;大数据服务;互联网数据服务;信息系统运行维护服务;工业互联网数据服务;物联网技术研发;物联网设备制造;物联网设备销售;物联网技术服务;软件开发;人工智能理论与算法软件开发;人工智能基础软件开发;人工智能应用软件开发;人工智能行业应用系统集成服务;软件销售;区块链技术相关软件和服务;技术服务、技术开发、技术咨询、技术交流、技术转让、技术推广;计算机软硬件及外围设备制造;计算机软硬件及辅助设备批发;计算机软硬件及辅助设备零售;信息系统集成服务;集成电路芯片及产品制造;集成电路芯片及产品销售;信息技术咨询服务;计算机系统服务;云计算装备技术服务;智能控制系统集成;网络与信息安全软件开发;网络技术服务;移动终端设备制造;移动终端设备销售;移动通信设备制造;移动通信设备销售;电子元器件与机电组件设备制造;工业工程设计服务;安全技术防范系统设计施工服务;安全系统监控服务;承接总公司工程建设业务;工程和技术研究和试验发展;工业设计服务;货物进出口;货币专用设备制造;货币专用设备销售;通信设备制造;数字内容制作服务(不含出版发行);教学专用仪器制造;教学专用仪器销售;数字视频监控系统销售;数字视频监控系统制造;电子产品销售;机械设备销售;机械电气设备销售。(除依法须经批准的项目外,凭营业执照依法自主开展经营活动)许可项目:建设工程施工;建设工程施工(除核电站建设经营、民用机场建设);建设工程设计;输电、供电、受电电力设施的安装、维修和试验;建筑智能化系统设计;电气安装服务;第二类增值电信业务;检验检测服务。(依法须经批准的项目,经相关部门批准后方可开展经营活动,具体经营项目以相关部门批准文件或许可证件为准)",dt.newland.com.cn,https://emweb.securities.eastmoney.com/PC_HSF10/CompanySurvey/PageAjax?code=SZ000997,2026-07-27,成功,,04_code/60gupiao.py与04_code/financialtest60.py中的硬编码名单,否（当前公司概况仅用于补齐基础信息）
002049,上游,紫光国微,紫光国芯微电子股份有限公司,深圳证券交易所,电子设备-半导体-集成电路,制造业-计算机、通信和其他电子设备制造业,"    紫光国芯微电子股份有限公司(股票代码:002049.SZ)隶属新紫光集团旗下,是国内领先的综合性半导体上市企业,亦是中证100指数成份股企业。在新紫光集团具有全球竞争力的智能科技产业布局下,紫光国微积极践行新紫光“志高行远、创造价值”的价值观,聚焦特种集成电路、智能安全芯片两大主业,并涵盖石英晶体频率器件、功率半导体等重要业务,以芯片、系统解决方案赋能千行百业,产品深度布局移动通信、金融、政务、汽车、工业、物联网等领域,为数字经济高质量发展提供坚实的基础支撑。经过数十载的深耕,紫光国微积累了深厚的技术经验与卓越的研发能力,在主要业务领域拥有相关核心技术,曾获国家科技进步一等奖、二等奖,国家技术发明二等奖等权威奖项,旗下主要产业均为高新技术企业,并获国家企业技术中心、国家级“专精特新”小巨人企业认定。",集成电路芯片设计及服务;集成电路设计;集成电路芯片及产品销售;集成电路销售;电子元器件制造;电子产品销售;电子专用材料制造;电子专用材料销售;技术服务、技术开发、技术咨询、技术交流、技术转让、技术推广;技术进出口;货物进出口;进出口代理;软件开发;软件销售;信息系统集成服务。,www.gosinoic.com,https://emweb.securities.eastmoney.com/PC_HSF10/CompanySurvey/PageAjax?code=SZ002049,2026-07-27,成功,,04_code/60gupiao.py与04_code/financialtest60.py中的硬编码名单,否（当前公司概况仅用于补齐基础信息）
002065,下游,东华软件,东华软件股份公司,深圳证券交易所,信息技术-计算机软件-行业应用软件,信息传输、软件和信息技术服务业-软件和信息技术服务业,"    东华软件股份公司2001年1月成立,总部位于北京中关村,东华软件是国家规划布局内重点软件企业、国家火炬计划重点高新技术企业、计算机服务及软件特大型企业。东华软件于2006年8月在深圳主板上市,股票代码002065。东华软件自成立以来,不断加大技术创新、产品创新和业务模式创新的力度,已为数千个用户提供了优秀的软件和信息系统解决方案,涵盖多种应用与技术平台,用户涉及医疗、金融、政务、能源、水利、公安、电信等多个行业,成功完成了国家电网公司、中石油股份公司、中国科学院、水利部、国家气象局、国家工商总局、中国人民银行、华夏银行、中国人寿保险公司、北京协和医院、四川大学华西医院、山西移动通信公司、贵阳市公安局、江苏中烟工业公司、中国国际航空公司等重要客户的应用软件开发和计算机信息系统集成项目。东华软件十分注重同业界各类知名IT厂商建立和保持良好的合作关系,通过共享市场资源与技术资源跟踪最新的技术发展趋势与市场动态,把国内外先进的技术和产品用一流的服务带给用户。多年良好的业绩及服务已经得到众多厂家的信任与认可。目前,东华已成为数十家国际国内知名IT企业的增值代理商、系统集成商或战略合作伙伴,为用户提供了全面的解决方案和优质高效的服务。2020年1月,腾讯14.4亿元入股东华软件,双方强强联合,在市场拓展、技术研发、企业管理和生态建设等方面的合作持续深入。","一般项目:技术服务、技术开发、技术咨询、技术交流、技术转让、技术推广;信息系统集成服务;计算机系统服务;数据处理服务;软件开发;网络与信息安全软件开发;软件销售:计算机软硬件及外围设备制造;计算机软硬件及辅助设备批发;软件外包服务;通讯设备销售;第二类医疗器械销售;工业控制计算机及系统销售:工业自动控制系统装置销售;物联网技术服务;智能控制系统集成;对外承包工程;数据处理和存储支持服务:货物进出口:技术进出口;进出口代理;网络设备销售;汽车销售;人工智能行业应用系统集成服务:人工智能硬件销售:人工智能基础软件开发:人工智能应用软件开发。(除依法须经批准的项目外,凭营业执照依法自主开展经营活动)许可项目:基础电信业务;第一类增值电信业务;第二类增值电信业务;出版物零售;职业中介活动、广告发布。(依法须经批准的项目,经相关部门批准后方可开展经营活动,具体经营项目以相关部门批准文件或许可证件为准)(不得从事国家和本市产业政策禁止和限制类项目的经营活动)。",www.dhcc.com.cn,https://emweb.securities.eastmoney.com/PC_HSF10/CompanySurvey/PageAjax?code=SZ002065,2026-07-27,成功,,04_code/60gupiao.py与04_code/financialtest60.py中的硬编码名单,否（当前公司概况仅用于补齐基础信息）
002131,下游,利欧股份,利欧集团股份有限公司,深圳证券交易所,文化传媒-营销服务-营销服务,租赁和商务服务业-商务服务业,"    利欧集团股份有限公司(股票代码002131)是中国泵行业上市公司,也是中国A股的数字营销公司,公司已经构建完成了“机械制造+数字传播”双业务平台产业发展格局。机械制造是公司的传统业务,产品在民用给排水、农业灌溉、水务工程、工业水处理、水利建设、电力电站、石油化工、园林保护等关键领域发挥着至关重要的作用。公司系国家级高新技术企业,国家智能制造试点示范企业,拥有国家认定的企业技术中心。利欧数字初创于2014年,总部位于上海,并在北京、深圳、广州、南京设有分支机构,现旗下设有四大业务单元,分别为琥珀集团、氩氮集团、媒介业务群和多元业务群,致力于成为全球领先的数字集团,以数字化驱动重构传播,为客户提供数字策略和数据、数字创意、数字媒体、数字流量、数字电视、社会化媒体和娱乐内容营销以及电子商务为一体的“数字化商业转型”解决方案。","泵、园林机械、清洁机械设备、电机、汽油机、阀门、模具、五金工具、电气控制柜、成套供水设备、农业机械、机械设备、环保设备、电器零部件及相关配件的生产、销售,设计、制作、代理、发布国内各类广告,企业营销策划,进出口经营业务,实业投资。(依法须经批准的项目,经相关部门批准后方可开展经营活动)",www.leoglobal.com,https://emweb.securities.eastmoney.com/PC_HSF10/CompanySurvey/PageAjax?code=SZ002131,2026-07-27,成功,,04_code/60gupiao.py与04_code/financialtest60.py中的硬编码名单,否（当前公司概况仅用于补齐基础信息）
002230,中游,科大讯飞,科大讯飞股份有限公司,深圳证券交易所,信息技术-计算机软件-行业应用软件,信息传输、软件和信息技术服务业-软件和信息技术服务业,"    科大讯飞股份有限公司成立于1999年,是亚太地区知名的智能语音和人工智能上市企业。自成立以来,一直从事智能语音、计算机视觉、自然语言处理、认知智能等人工智能核心技术研究并保持国际前沿水平。科大讯飞积极推动人工智能源头核心技术研发和产业化落地,致力于“让机器能听会说,能理解会思考,用人工智能建设美好世界”。2008年公司在深圳证券交易所挂牌上市(股票代码:002230)。作为中国人工智能“国家队”,科大讯飞承建了中国唯一的认知智能全国重点实验室和语音及语言信息处理国家工程研究中心,同时是中国语音产业联盟理事长单位、中科院人工智能产学研创新联盟理事长单位、长三角人工智能产业链联盟理事长单位。","增值电信业务;专业技术人员培训;计算机软、硬件开发、生产和销售及技术服务;系统工程、信息服务;电子产品、计算机通讯设备研发、生产、销售;移动通信设备的研发、销售;二类、三类医疗器械研发、制造与销售;图书、电子出版物销售;进出口业务(国家限定和禁止经营的除外);安全技术防范工程;商用房及住宅房租赁;物业管理;设计、制作、代理、发布广告。(依法须经批准的项目,经相关部门批准后方可开展经营活动)",www.iflytek.com,https://emweb.securities.eastmoney.com/PC_HSF10/CompanySurvey/PageAjax?code=SZ002230,2026-07-27,成功,,04_code/60gupiao.py与04_code/financialtest60.py中的硬编码名单,否（当前公司概况仅用于补齐基础信息）
002236,中游,大华股份,浙江大华技术股份有限公司,深圳证券交易所,信息技术-计算机硬件-PC、服务器及硬件,制造业-计算机、通信和其他电子设备制造业,"    浙江大华技术股份有限公司,是全球领先的以视频为核心的智慧物联解决方案提供商和运营服务商。围绕城市、企业的数智化创新与转型,从智能到融合智能,公司深入践行DahuaThink#2.0战略,推动城市业务从改善城市管理到城市高效治理、保障运行有序到城市运行自治、提升公共安全到安全体系升级、生态环境监测到生态协同治理,企业业务从优化安全体系到构建大安全体系、提高生产效率到构铸数智生产力、辅助经营管理到提升经营决断力,致力于让社会更智能,让生活更美好。大华股份始终坚持技术创新,建立了先进技术研究院、数据空间研究院、中央研究院、网络安全研究院和产品工程院。依托对智慧物联的深入洞察与布局,公司持续探索新兴业务,延展了华睿、华感、华锐捷、华视智检、华消等创新业务。大华股份积极完善全球营销和服务网络建设,在全球各大洲的主要国家建立了75个海外分子公司,在国内设立了200多个办事处,产品与解决方案服务覆盖全球180多个国家和地区,广泛应用于智慧城市、交通、民生、制造、教育、能源、金融、环保等多个领域,为客户提供快速、优质的服务。公司参与了北京冬奥会、中国国际进口博览会、G20杭州峰会、里约奥运会、厦门金砖国家峰会、上海世博会、广州亚运会、港珠澳大桥等重大工程项目。大华股份作为国家高新技术企业,2008年5月成功在A股上市(股票代码:002236),公司拥有国家级博士后科研工作站、是国家认定企业技术中心、国家技术创新示范企业。2008-2024年连续17年被列入国家软件企业百强;连续18年入选《a&s》“全球安防50强”;获评国家级工业设计中心、浙江省人民政府质量奖、高质量发展领军企业、国家卓越级智能工厂等荣誉,在Omdia2025发布的报告中全球视频监控市场占有率排名第二位,是智慧物联与安防生态领域最具成长性企业。大华股份将秉承“成就客户,成就奋斗者”的核心价值观,践行“让社会更智能,让生活更美好”的使命,以卓越品质与服务立足市场,为客户创造更多价值,为构建安全、低碳、美好、和谐的世界不懈努力。","一般项目:软件开发;数字视频监控系统制造;数字视频监控系统销售;安防设备制造;安防设备销售;物联网设备制造;物联网设备销售;物联网技术研发;物联网技术服务;物联网应用服务;大数据服务;5G通信技术服务;计算机软硬件及外围设备制造;计算机软硬件及辅助设备批发;计算机软硬件及辅助设备零售;云计算设备制造;云计算设备销售;云计算装备技术服务;通信设备制造;通信设备销售;移动通信设备制造;移动通信设备销售;网络设备制造;网络设备销售;显示器件制造;显示器件销售;智能无人飞行器制造;智能无人飞行器销售;通用设备制造(不含特种设备制造);雷达及配套设备制造;配电开关控制设备研发;配电开关控制设备制造;配电开关控制设备销售;仪器仪表制造;仪器仪表销售;电子元器件制造;电子元器件批发;电子元器件零售;光伏设备及元器件制造;光伏设备及元器件销售;安全、消防用金属制品制造;照明器具制造;照明器具销售;机械设备研发;机械设备销售;机械电气设备制造;机械电气设备销售;电子产品销售;可穿戴智能设备制造;可穿戴智能设备销售;金属结构制造;金属结构销售;音响设备制造;音响设备销售;环境保护专用设备制造;环境保护专用设备销售;特种劳动防护用品生产;特种劳动防护用品销售;虚拟现实设备制造;互联网销售(除销售需要许可的商品);技术服务、技术开发、技术咨询、技术交流、技术转让、技术推广;信息系统集成服务;智能控制系统集成;人工智能公共数据平台;人工智能行业应用系统集成服务;计算机系统服务;互联网数据服务;数据处理和存储支持服务;安全系统监控服务;电子、机械设备维护(不含特种设备);租赁服务(不含许可类租赁服务);停车场服务;环境保护监测;货物进出口;技术进出口;充电桩销售;输配电及控制设备制造;智能输配电及控制设备销售;业务培训(不含教育培训、职业技能培训等需取得许可的培训)(除依法须经批准的项目外,凭营业执照依法自主开展经营活动)。许可项目:Ⅱ、Ⅲ类射线装置销售;放射性同位素生产(除正电子发射计算机断层扫描用放射性药物);Ⅱ、Ⅲ、Ⅳ、Ⅴ类放射源销售;建设工程设计;Ⅱ、Ⅲ类射线装置生产;测绘服务;第二类增值电信业务(依法须经批准的项目,经相关部门批准后方可开展经营活动,具体经营项目以审批结果为准)。",www.dahuatech.com,https://emweb.securities.eastmoney.com/PC_HSF10/CompanySurvey/PageAjax?code=SZ002236,2026-07-27,成功,,04_code/60gupiao.py与04_code/financialtest60.py中的硬编码名单,否（当前公司概况仅用于补齐基础信息）
002253,中游,川大智胜,四川川大智胜软件股份有限公司,深圳证券交易所,信息技术-计算机软件-行业应用软件,信息传输、软件和信息技术服务业-软件和信息技术服务业,"    四川川大智胜软件股份有限公司(Wisesoft Co.,Ltd.)成立于2000年11月,2008年6月在深圳证券交易所挂牌上市。公司长期坚持自主创新,将图形图像技术、人工智能技术应用到三维测量与人脸识别、航空与空中交通管理、飞行模拟等领域。经过多年的技术沉淀,公司已是国内领先的三维人脸识别系统及空中交通管制系统的产品开发、系统集成和服务供应商。公司先后获得国家科技进步一等奖1项、二等奖4项,国家技术发明二等奖1项,省部级科技进步一等奖8项、二等奖9项。公司是视觉合成图形图像技术国防重点学科实验室的试验基地和技术支撑单位。公司将依托自主创新和平台优势,在现有主要业务持续增长的基础上,努力开拓新的利润增长点,实现公司业绩的稳健快速增长。建成:积淀深厚、产品质量优秀、管理体系健全、盈利能力强劲、奖惩分明、绩效激励、员工待遇优厚的自主创新型集团公司。","一般项目:软件开发;人工智能公共服务平台技术咨询服务;信息系统集成服务;人工智能通用应用系统;人工智能行业应用系统集成服务;信息系统运行维护服务;数据处理和存储支持服务;信息技术咨询服务;数字内容制作服务(不含出版发行);数据处理服务;计算机系统服务;云计算装备技术服务;技术服务、技术开发、技术咨询、技术交流、技术转让、技术推广;业务培训(不含教育培训、职业技能培训等需取得许可的培训);租赁服务(不含许可类租赁服务);信息咨询服务(不含许可类信息咨询服务);安全系统监控服务;知识产权服务(专利代理服务除外);通信设备销售。(除依法须经批准的项目外,凭营业执照依法自主开展经营活动)许可项目:计算机信息系统安全专用产品销售;通用航空服务。(依法须经批准的项目,经相关部门批准后方可开展经营活动,具体经营项目以相关部门批准文件或许可证件为准)。",www.wisesoft.com.cn,https://emweb.securities.eastmoney.com/PC_HSF10/CompanySurvey/PageAjax?code=SZ002253,2026-07-27,成功,,04_code/60gupiao.py与04_code/financialtest60.py中的硬编码名单,否（当前公司概况仅用于补齐基础信息）
002281,上游,光迅科技,武汉光迅科技股份有限公司,深圳证券交易所,信息技术-通信设备-通信传输设备,制造业-计算机、通信和其他电子设备制造业,"    武汉光迅科技股份有限公司(简称光迅科技)是光电器件、模块研发及产业化全球先行者;专注于光通信领域近50年,多项""第一""由此诞生,是""国家认定企业技术中心""""国家技术创新示范企业""""光纤通信技术和网络国家重点实验室"",具备光电子芯片、器件、模块及子系统产品的战略研发和规模量产能力。光迅科技源于1976年成立的邮电部固体器件研究所,2001年改制,2009年登陆深圳证券交易所,成为国内首家上市的通信光电子器件公司,连续十八年入选""中国光器件与辅助设备及原材料最具竞争力企业10强(榜首)""""全球光器件最具竞争力企业10强""。光迅科技产品涵盖全系列光通信模块(Optical Transceivers)、无源光器件/模块(Passive assemblies/modules)、光波导集成器件、光纤放大器(Optical Fiber Amplifier),广泛应用于骨干网、城域网、宽带接入(FTTX)、无线通信(4G/5G)、数据中心(Data Center)、物联网。光迅科技拥有自主研发并规模生产的PLC、FP、DFB、EML、VCSEL、APD等芯片技术及平台,形成了半导体材料生长、半导体工艺与平面光波导、光学设计与封装、高频仿真与设计、热分析与机械设计、软件控制与子系统开发六大核心技术工艺平台,具备从芯片到器件、模块、子系统的垂直整合能力。光迅科技在光通信传输网、接入网和数据中心等领域构筑了全方位的综合解决方案及柔性制造与高质量交付能力,并以产业数字化为引领,建立了稳定高效的供应保障体系、过程可追溯质量体系,产品年出货量行业前三。光迅科技始终以客户为中心,提供客户全面所需系列产品和多维技术支持,已成为多家电信设备集成商、互联网服务提供商、电信运营商的合作伙伴,产品全面覆盖全球顶级通信设备商,完善的销售网络持续为运营商及互联网厂商提供优质服务,持续为客户创造价值。光迅科技秉承""坚持技术领先,专注品质第一,致力服务卓越,持续顾客满意""的质量方针,产品严格执行行业相关标准,于1999年和2005年、2023年先后通过了ISO9001质量管理体系、TL9000通讯行业质量管理体系、IATF16949汽车行业质量管理体系认证,还导入QC080000有害物质过程管理体系和CSR企业社会责任管理体系,持续为客户提供高质量的产品和服务。","信息科技领域光、电器件技术及产品的研制、生产、销售和相关技术服务;信息系统的工程设计、施工、系统集成;信息咨询服务;计算机软、硬件研制、开发、系统集成;网络及数据通信产品的开发、生产、销售;软件开发与技术服务;安全技术防范产品的生产、销售;货物进出口、技术进出口、代理进出口。(依法须经批准的项目,经相关部门批准后方可开展经营活动)",www.accelink.com,https://emweb.securities.eastmoney.com/PC_HSF10/CompanySurvey/PageAjax?code=SZ002281,2026-07-27,成功,,04_code/60gupiao.py与04_code/financialtest60.py中的硬编码名单,否（当前公司概况仅用于补齐基础信息）
002368,下游,太极股份,太极计算机股份有限公司,深圳证券交易所,信息技术-计算机软件-其他软件服务,信息传输、软件和信息技术服务业-软件和信息技术服务业,"    太极计算机股份有限公司(以下简称“太极股份”)是国内电子政务、智慧城市和关键行业信息化的领军企业,2010年在深圳证券交易所上市。公司以“做中国最优秀的数字化服务提供商”为愿景,致力于成为“自主可控的主力军,数据运营的国家队,智能应用的引领者,员工价值的成就者”,腊准数字政府、数字企业、数字国防,着力打造自主通用产品,提升数据运营服务能力,推动行业智能创新应用,助推国家治理体系和治理能力现代化建设,成为网络强国、数字中国、智慧社会建设的中坚力量成立三十余年来,低砺奋进、精耕细作,太极股份以客户需求为导向,成为国家重大信息系统总体设计和工程建设的主要承担者,国家电子政务、网络信息安全以及关键行业政策和相关标准制定的倡导者与积极参与者,为党的领导和国防、外交、公共安全、宏观经济、金融、民生服务、工业生产等提供重要的信息化支撑作用。在持续为中央部委、地方政府、大型集团企业客户创造数字化价值过程中,公司树立了可信赖的“国家队”形象作为中国电子科技集团有限公司软件与信息服务龙头企业、自主可控总体单位、智慧城市与数字政府牵头单位,太极股份坚持创新驱动被列为国家科技部和中关村科技园区创新试点示范单位,连续多年被认定为国家规划布局内重点软件企业和全国软件产业收入前百家企业。此外,公司还是中国软件行业协会副理事长单位、中国智慧城市产业技术创新战略联盟副理事长单位、北京软件和信息服务业协会会长单位、智慧北京促进联盟理事长单位、信息技术应用创新工作委员会理事单位、WG12公共数据运营工作组成员单位,以及多个行业学协会的发起者和重要参与单位,携手合作伙伴和产业机构,共创和谐生态环境进入数字化时代,太极股份坚持以“数据驱动、云领未来、网安天下”为核心战略指引,聚焦数字政府、数字企业、数字国防等领域,加大布局云与数据服务、自主软件产品及数字基础设施等战略性新兴产业,探索数据开发利用的标准规范与创新思路,着力打造数字化咨询、数字技术与核心产品创新、资本与产业融合等核心能力,推进公司数字化转型,推动“数字中国”建设。创新融合,让我们的世界更智慧。","电子计算机及外部设备、集成电路、软件及通信设备化技术开发、设计、制造、销售、维护;承接计算机网络及应用工程;信息系统集成、电子系统工程、建筑智能化工程的设计、技术咨询及安装;专业承包;安全防范工程的设计与安装;提供信息系统规划、设计、测评、咨询;自营和代理各类商品和技术的进出口,但国家限定公司经营的或禁止的进出口商品和技术除外;物业管理;机动车公共停车场服务;医疗软件开发;销售医疗器械Ⅱ类;电力供应;经营电信业务;互联网信息服务。(市场主体依法自主选择经营项目,开展经营活动;电力供应、经营电信业务、互联网信息服务以及依法须经批准的项目,经相关部门批准后依批准的内容开展经营活动;不得从事国家和本市产业政策禁止和限制类项目的经营活动。)",www.taiji.com.cn,https://emweb.securities.eastmoney.com/PC_HSF10/CompanySurvey/PageAjax?code=SZ002368,2026-07-27,成功,,04_code/60gupiao.py与04_code/financialtest60.py中的硬编码名单,否（当前公司概况仅用于补齐基础信息）
002371,上游,北方华创,北方华创科技集团股份有限公司,深圳证券交易所,电子设备-半导体-半导体材料,制造业-专用设备制造业,"    北方华创科技集团股份有限公司(以下简称“北方华创”)成立于2001年9月,2010年在深圳证券交易所上市,股票代码002371,是目前国内集成电路高端工艺装备的先进企业。北方华创以科技创新为基点,着眼未来,致力于加快推进北方华创向新型制造业的战略转型;致力于成为半导体基础产品领域值得信赖的引领者;致力于提升人类智能生活品质;致力于实现中国“智造强国”的梦想蓝图。北方华创主营半导体装备、真空及锂电装备、精密元器件业务,为半导体、新能源、新材料等领域提供解决方案。公司现有六大研发生产基地,营销服务体系覆盖欧、美、亚等全球主要国家和地区。未来的北方华创,将以半导体基础产品领域先进企业的姿态登上世界舞台,深耕发展,引领未来,坚持以客户为中心,以价值创造者为本,持续创新,推动产业进步,创造无限可能。",许可经营项目:组装生产集成电路设备、光伏设备、TFT设备、真空设备、锂离子电池设备、流量计、电子元器件;一般经营项目:销售集成电路设备、光伏设备、TFT设备、真空设备、锂离子电池设备、流量计、电子元器件;技术咨询;技术开发;技术转让;经济贸易咨询;投资及投资管理;货物进出口;技术及出口;代理进出口。,www.naura.com,https://emweb.securities.eastmoney.com/PC_HSF10/CompanySurvey/PageAjax?code=SZ002371,2026-07-27,成功,,04_code/60gupiao.py与04_code/financialtest60.py中的硬编码名单,否（当前公司概况仅用于补齐基础信息）
002405,中游,四维图新,北京四维图新科技股份有限公司,深圳证券交易所,信息技术-计算机软件-行业应用软件,信息传输、软件和信息技术服务业-软件和信息技术服务业,"    北京四维图新科技股份有限公司(股票代码:SZ002405)是聚焦汽车智能化领域的领军企业,2002年成立,2010年于深交所挂牌上市。公司从早期的位置服务提供商,逐步转型为以智能辅助驾驶为核心,覆盖智能座舱、车规级芯片、全球数据合规服务、高精度定位等业务的汽车智能化软硬一体全栈解决方案新型Tier1。2025年英文品牌焕新为SEEWAY.AI,标志着公司完成从“地图人”到“汽车人”再到“AI人”的战略跃迁。目前,公司智能辅助驾驶解决方案已实现从入门级到中高阶产品的全覆盖,2024-2025年累计斩获超600万套智能辅助驾驶方案新增定点,覆盖20+主流车企、120+定点车型;车规级芯片累计出货量超3亿颗。数据合规与地图平台已拓展至车联网全场景,为“国车出海”筑牢数据基座;同时提供全球定位服务、定位模组及P+V定位方案,支撑智能辅助驾驶、低空经济、具身智能等多行业的精准定位需求。公司拥有甲级测绘资质等多项权威认证与海量专利,客户覆盖全球主流车企。未来,公司将持续提升智驾规模化交付能力,拓展全球市场,以软硬一体、可持续迭代的解决方案,向舱驾协同一站式服务新阶段迈进,践行“赋能智慧出行,助力美好生活”的使命。",智能车载设备制造;智能车载设备销售;信息系统集成服务;人工智能行业应用系统集成服务;导航终端制造;导航终端销售;电子产品销售;汽车零配件零售;汽车零部件研发;汽车零部件及配件制造;卫星遥感应用系统集成;卫星通信服务;卫星遥感数据处理;卫星导航多模增强应用服务系统集成;卫星技术综合应用系统集成;卫星导航服务;地理遥感信息服务;测绘服务;人工智能基础资源与技术平台;数字文化创意内容应用服务;数字内容制作服务(不含出版发行);人工智能公共数据平台;信息安全设备制造;信息安全设备销售;集成电路销售;集成电路芯片及产品销售;导航、测绘、气象及海洋专用仪器制造;导航、测绘、气象及海洋专用仪器销售;数据处理和存储支持服务;数据处理服务;云计算装备技术服务;工业互联网数据服务;广告发布;卫星移动通信终端销售;软件开发;软件销售;人工智能应用软件开发;计算机软硬件及辅助设备零售;计算机软硬件及外围设备制造;信息系统运行维护服务;智能控制系统集成;计算机系统服务;技术服务、技术开发、技术咨询、技术交流、技术转让、技术推广;信息技术咨询服务;单用途商业预付卡代理销售;技术进出口;货物进出口;电动汽车充电基础设施运营;充电桩销售;集中式快速充电站;机动车充电销售;智能输配电及控制设备销售;第一类增值电信业务;第二类增值电信业务;互联网直播技术服务;互联网信息服务;在线数据处理与交易处理业务(经营类电子商务);呼叫中心;互联网数据服务;物联网应用服务;物联网技术服务;网络技术服务。,www.seewayai.com,https://emweb.securities.eastmoney.com/PC_HSF10/CompanySurvey/PageAjax?code=SZ002405,2026-07-27,成功,,04_code/60gupiao.py与04_code/financialtest60.py中的硬编码名单,否（当前公司概况仅用于补齐基础信息）
002415,中游,海康威视,杭州海康威视数字技术股份有限公司,深圳证券交易所,信息技术-计算机硬件-PC、服务器及硬件,制造业-计算机、通信和其他电子设备制造业,"    杭州海康威视数字技术股份有限公司成立于2001年,是一家专注技术创新的科技公司。秉承“专业、厚实、诚信”的经营理念,践行“成就客户、价值为本、诚信务实、追求卓越”的核心价值观,二十余年来,海康威视以视频技术为起点,逐步构建和完善以物联感知、人工智能、大数据为核心的智能物联(AIoT)技术体系,为千行百业提供安防和场景数字化产品与服务。公司的产品和技术,已在杭州亚运会、G20杭州峰会、北京奥运会、上海世博会、APEC会议、北京大兴机场、港珠澳大桥等重大项目中发挥了重要作用。海康威视致力于将物联感知、人工智能、大数据技术服务于千行百业,引领智能物联新未来:以全面的感知技术,帮助人、物更好地链接,构筑智能世界的基础;以丰富的智能产品,洞察和满足多样化需求,让智能触手可及;以创新的智能物联应用,建设便捷、高效、安心的智能世界,助力人人享有美好未来。","许可项目:Ⅱ、Ⅲ类射线装置生产;Ⅱ、Ⅲ类射线装置销售;放射性同位素生产(除正电子发射计算机断层扫描用放射性药物);Ⅱ、Ⅲ、Ⅳ、Ⅴ类放射源销售;建设工程施工;第二类增值电信业务;在线数据处理与交易处理业务(经营类电子商务);互联网信息服务;通用航空服务(依法须经批准的项目,经相关部门批准后方可开展经营活动,具体经营项目以审批结果为准)。一般项目:数字视频监控系统制造;数字视频监控系统销售;安防设备制造;安防设备销售;物联网设备制造;物联网设备销售;智能无人飞行器制造;智能无人飞行器销售;计算机软硬件及外围设备制造;计算机软硬件及辅助设备批发;通信设备制造;通信设备销售;网络设备制造;网络设备销售;显示器件制造;显示器件销售;仪器仪表制造;仪器仪表销售;智能仪器仪表制造;智能仪器仪表销售;智能车载设备制造;智能车载设备销售;汽车零部件及配件制造;汽车零配件批发;电气信号设备装置制造;电气信号设备装置销售;机械电气设备制造;机械电气设备销售;特种劳动防护用品生产;特种劳动防护用品销售;商用密码产品生产;电子产品销售;数字文化创意技术装备销售;充电桩销售;第二类医疗器械销售;软件开发;网络与信息安全软件开发;软件销售;信息系统集成服务;计算机系统服务;物联网技术研发;物联网技术服务;物联网应用服务;大数据服务;数据处理和存储支持服务;安全系统监控服务;安全技术防范系统设计施工服务;环境保护监测;集中式快速充电站;停车场服务;电子、机械设备维护(不含特种设备);通用设备修理;仪器仪表修理;数字文化创意内容应用服务;健康咨询服务(不含诊疗服务);市场营销策划;技术服务、技术开发、技术咨询、技术交流、技术转让、技术推广;业务培训(不含教育培训、职业技能培训等需取得许可的培训);货物进出口;技术进出口(除依法须经批准的项目外,凭营业执照依法自主开展经营活动)。(以公司登记机关核定的经营范围为准)。",www.hikvision.com,https://emweb.securities.eastmoney.com/PC_HSF10/CompanySurvey/PageAjax?code=SZ002415,2026-07-27,成功,,04_code/60gupiao.py与04_code/financialtest60.py中的硬编码名单,否（当前公司概况仅用于补齐基础信息）
002439,下游,启明星辰,启明星辰信息技术集团股份有限公司,深圳证券交易所,信息技术-计算机软件-其他软件服务,信息传输、软件和信息技术服务业-软件和信息技术服务业,"    启明星辰信息技术集团股份有限公司成立于1996年,2010年在深交所中小板挂牌上市(股票代码:002439),2024年正式成为中国移动专责网信安全专业子公司,全面开启高质量可持续发展的新阶段。在中国移动的引领下,启明星辰全面贯彻“总体国家安全观”,发挥国资央企“科技创新、产业控制、安全支撑”三大作用,肩负起中国移动“安全核心技术攻坚者、安全产品服务引领者、安全运营体系支撑者”三大角色。启明星辰锚定“成为世界一流网信安全科技创新公司”的总体目标,坚守主责主业、坚持守正创新,勇当中国网信安全的国家队和主力军。公司秉持“技术原生化、创新场景化、交付运营化、服务数智化”的安全理念,从“能力、产品、解决方案、用户场景、生命周期和体验”六个维度,打造七大类安全产品,形成场景驱动、结果导向、反馈闭环的安全业务价值交付模式,构建健康可持续的安全生态。多年来,启明星辰持续深耕网信安全领域,是唯一全部参与等保2.0四个标准起草的安全企业,也是支撑工信部、中国信息安全测评中心运营NVDB、CNNVD两个国家级漏洞库的安全厂商。公司始终以用户的需求为根本动力,将场景化安全思维融入到客户的实际业务环境中,不断地进行创新实践,帮助客户建立起完善的安全保障体系,逐渐成为政府、金融、能源、运营商、税务、交通、制造等企业级客户的首选品牌。公司在基础安全、工控安全、数据安全、安全运营、物联网安全、应用安全等领域,已有二十余款拳头产品获得国际/国内多家权威机构高度认可,持续多年保持业内第一品牌。作为2008年北京奥组委核心信息安全产品、服务及解决方案提供商,启明星辰得到了国家主管部门的高度认可。之后,公司历经世博会、亚运会、G20峰会、一带一路峰会、上合峰会、博鳌亚洲论坛、国庆70周年、建党100周年以及嫦娥号、天宫号、玉兔号等众多国家级重大安保项目洗礼,积累了丰富的实战经验,成为国家网络安全事业不可或缺的主力军。2000年公司成立党组织,2010年升格为党委,下设14个党支部。公司于2006年被中共中央组织部授予“全国先进基层党组织”称号,并连续25年被评为中关村优秀基层党组织。“党旗引领发展,星光引航成长”,公司始终坚持党建引领发展,将党建融入企业创新实践,构筑独具特色的创新生态,为保卫国家网信安全持续贡献力量。同时,启明星辰积极践行社会责任,规范公司治理,自2024年起每年发布可持续发展ESG报告。凭借在ESG管理、实践和信息披露等方面的优异表现,公司成为国内网信安全行业唯一入选中央广播电视总台""中国ESG上市公司央企先锋100(2025)""和“中国ESG上市公司科技创新先锋30(2024)”榜单的企业,并连续两年入选""中国ESG上市公司京津冀先锋50""榜单,获多项权威认可。公司总部位于北京市海淀区中关村软件园启明星辰大厦,并在各省、市、自治区设立了研发中心及分支机构,拥有覆盖全国的渠道和服务体系,为国家、用户提供高水平安全服务、高质量安全产品、高安全供给能力。","货物进出口;技术进出口;代理进出口;技术开发、技术转让、技术咨询、技术服务;信息咨询(中介除外);投资咨询;销售针纺织品、计算机软硬件、机械设备、电器设备、仪器仪表(涉及配额许可证管理、专项规定管理的商品按照国家有关规定办理);出租办公用房;计算机设备租赁;计算机技术培训。(市场主体依法自主选择经营项目,开展经营活动;依法须经批准的项目,经相关部门批准后依批准的内容开展经营活动;不得从事国家和本市产业政策禁止和限制类项目的经营活动。)",www.venustech.com.cn,https://emweb.securities.eastmoney.com/PC_HSF10/CompanySurvey/PageAjax?code=SZ002439,2026-07-27,成功,,04_code/60gupiao.py与04_code/financialtest60.py中的硬编码名单,否（当前公司概况仅用于补齐基础信息）
002463,上游,沪电股份,沪士电子股份有限公司,深圳证券交易所,电子设备-电子元件-电子元件,制造业-计算机、通信和其他电子设备制造业,"    沪士电子股份有限公司(以下简称“公司”)于1992年在江苏省昆山市设立,并于2010年在深圳证券交易所中小企业板挂牌上市,股票代码为:002463,股票简称为:沪电股份。公司自成立以来一直立足于印制电路板的研发设计和生产制造,秉持“成长、长青、共利”的经营理念,专注执行既定的“聚焦PCB主业、精益求精”的稳定成长战略,在全体员工的努力下,经过多年的市场拓展和品牌经营,现已发展成为印制电路板行业内的重要品牌之一,在行业内享有盛誉。公司主导产品广泛应用于通讯设备、汽车、工业设备、数据中心、网通、微波射频、半导体芯片测试等多个领域。","生产单、双面及多层电路板、高密度互连积层板(HDI)、电路板组装产品、电子设备使用的连接线和连接器等产品并销售自产产品,从事与本企业生产同类和相关产品的批发、进出口业务,公司产品售后维修及技术服务,普通货物道路运输,工业机器人制造,工业机器人销售;住房租赁。",www.wustec.com,https://emweb.securities.eastmoney.com/PC_HSF10/CompanySurvey/PageAjax?code=SZ002463,2026-07-27,成功,,04_code/60gupiao.py与04_code/financialtest60.py中的硬编码名单,否（当前公司概况仅用于补齐基础信息）
002607,下游,中公教育,中公教育科技股份有限公司,深圳证券交易所,文化传媒-教育-成人教育,教育-教育,"    中公教育科技股份有限公司是国内大型的公共就业与再就业服务提供商,公司勇担时代使命,持续创造新的市场,以友善利他之心服务社会。面向广大知识型人群,中公教育主营业务横跨公共服务岗位招录考试培训、学历提升、职业资格和职业能力培训等3大板块,主要服务于18岁—45岁的大学生、大学毕业生和各类职业专才等知识型就业人群。公司汇聚了近万名员工,同时具备全职教研团队,并在全国各地设有直营分支机构。近年来,公司积极拓展业务版图,已进入产教融合、乡村振兴人才培训、人力资源服务等领域,旨在更好为各类就业群体服务,助力实现高质量就业。","教育科技领域内的技术开发、技术服务、技术推广、技术转让、技术咨询,教育培训(仅限分支机构开展此业务);承办展览展示服务;组织文化艺术交流活动(不含演出);会议服务;企业管理咨询。(依法须经批准的项目,经相关部门批准后方可开展经营活动)",www.offcn.com,https://emweb.securities.eastmoney.com/PC_HSF10/CompanySurvey/PageAjax?code=SZ002607,2026-07-27,成功,,04_code/60gupiao.py与04_code/financialtest60.py中的硬编码名单,否（当前公司概况仅用于补齐基础信息）
002777,中游,久远银海,四川久远银海软件股份有限公司,深圳证券交易所,信息技术-计算机软件-其他软件服务,信息传输、软件和信息技术服务业-软件和信息技术服务业,"    四川久远银海软件股份有限公司是智慧民生的服务商,股票代码002777。在30余年的发展历程中,铸实奋斗底色,践行国企担当。秉承""科技服务民生""的使命,弘扬""创新、奋斗、共赢""的企业精神,专注民生领域的信息化服务与创新,为客户和社会创造价值。公司是深耕健康中国、数字中国国家战略的高新技术企业,具备CMMI5、ITSS、信息安全服务等行业一级资质,参与了50余项国际国家标准、行业标准及地方标准的制定,拥有2100余项具备自主知识产权的软件产品和软件著作权。公司聚焦医疗医保、数字政务、智慧城市三大战略方向,面向政府部门和行业生态主体,以四川、西南、华东、华南、华中、华北、西北、东北8大区域及全国30余个分支机构为服务网络,利用大数据、云计算、区块链、人工智能及移动互联等技术,实现科技赋能民生。","一般项目:软件开发;信息系统运行维护服务;信息系统集成服务;网络与信息安全软件开发;网络技术服务;大数据服务;数据处理服务;数据处理和存储支持服务;人工智能公共数据平台;人工智能基础软件开发;人工智能应用软件开发;人工智能理论与算法软件开发;人工智能通用应用系统;人工智能行业应用系统集成服务;智能机器人的研发;云计算装备技术服务;物联网技术服务;互联网数据服务;计算机系统服务;信息技术咨询服务;技术服务、技术开发、技术咨询、技术交流、技术转让、技术推广;集成电路设计;计算机软硬件及外围设备制造;计算机软硬件及辅助设备零售;计算机软硬件及辅助设备批发;计算机及通讯设备租赁;网络设备制造;网络设备销售;通讯设备销售;电子产品销售;文化、办公用设备制造;办公设备销售;办公设备租赁服务;货币专用设备制造;货币专用设备销售;第二类医疗器械销售;软件外包服务;货物进出口;技术进出口;教育咨询服务(不含涉许可审批的教育培训活动);健康咨询服务(不含诊疗服务);非居住房地产租赁。(除依法须经批准的项目外,凭营业执照依法自主开展经营活动)许可项目:第二类增值电信业务;建筑智能化系统设计;药品零售。(依法须经批准的项目,经相关部门批准后方可开展经营活动,具体经营项目以相关部门批准文件或许可证件为准)",www.yinhai.com,https://emweb.securities.eastmoney.com/PC_HSF10/CompanySurvey/PageAjax?code=SZ002777,2026-07-27,成功,,04_code/60gupiao.py与04_code/financialtest60.py中的硬编码名单,否（当前公司概况仅用于补齐基础信息）
300020,下游,ST银江,银江技术股份有限公司,深圳证券交易所,信息技术-计算机软件-其他软件服务,信息传输、软件和信息技术服务业-软件和信息技术服务业,"    银江技术股份有限公司是中国领先的数字城市建设运营服务商,中国第一批创业板上市企业,股票代码:300020。公司率先在国内提出智慧城市理念,以人工智能、大数据、物联网等新一代信息技术构建城市大脑,秉承“软件设计、系统交付、数据运营”三位一体的经营策略,推动城市建设、社会治理、民生服务,赋能智慧治理、智慧交通、智慧健康等领域高质量发展。","一般项目:交通、医疗、建筑、环境、能源、教育智能化及信息化技术开发、技术服务、成果转让、设计,工业自动化工程及产品、电力、电子工程及产品、机电工程及产品的设计、技术开发、技术服务、成果转让,停车服务,城市给排水系统设施的建设、运营、管理,城市地下综合管廊工程的施工、运营、管理,安全技术防范工程的设计、施工、维护,智慧城市信息化的技术研发与咨询服务,计算机系统集成及技术服务,数据处理技术服务,软件开发,电子产品、计算机软硬件及设备的销售,从事进出口业务,实业投资。许可经营:第一类增值电信业务,第二类增值电信业务。(依法须经批准的项目,经相关部门批准后方可开展经营活动)",www.enjoyor.net,https://emweb.securities.eastmoney.com/PC_HSF10/CompanySurvey/PageAjax?code=SZ300020,2026-07-27,成功,,04_code/60gupiao.py与04_code/financialtest60.py中的硬编码名单,否（当前公司概况仅用于补齐基础信息）
300033,中游,同花顺,浙江核新同花顺网络信息股份有限公司,深圳证券交易所,互联网-互联网金融-其他互联网金融,金融业-其他金融业,"    浙江核新同花顺网络信息股份有限公司(300033)公司成立于2001年,总部位于杭州未来科技城,是国内第一家互联网金融信息服务业上市公司,是业内唯一一家国家信息化试点工程单位。技术创新作为公司的驱动力,公司长期坚持技术创新,实践“让投资变得更简单”的理念。公司是国内领先的互联网金融信息服务提供商,也是最大的网上证券交易系统供应商之一。公司深耕金融信息服务行业近三十年,在产品、客户、商业模式、品牌、技术、数据等方面具有独特而明显的优势。公司拥有面向产业链上下游构建的产品及服务体系,可提供形式多样、品种丰富的产品及服务,有效满足不同类型不同层次客户的需求;公司拥有庞大而活跃的用户群,有利于构建基于产业链的生态圈,打造领先而灵活的商业模式;公司拥有良好的品牌形象,近三十年的持续稳健经营与优质服务,在证券市场中已取得较高的知名度和美誉度;公司每年投入大量资源用于新产品、新技术的研究开发与应用,深入探索前沿技术在行业中的应用,特别是在人工智能技术应用方面,已取得一定成效;同时,公司拥有来源丰富的海量金融数据资源,并具有高效的数据处理与服务能力,为公司进行差异化竞争奠定良好的基础。1、产品优势公司拥有完整的产品及服务体系,提供产品和服务内容主要包括:为机构客户提供网上交易软件及系统维护,金融数据、智能推广等产品及服务;为个人投资者提供金融资讯和信息服务、投资理财分析工具、理财产品交易服务、投资社区交流服务等。产品结构合理,品种多样,可以有效满足产业链上下游不同层次客户的需求。基于公司丰富的行业经验与领先,公司已在大模型+金融投顾、大模型+智能客服、大模型+智能投研、大模型+代码生成、大模型+法律咨询、大模型+办公助手、大模型+翻译、大模型+医疗等多个领域推出了产品。经过多年的沉淀,公司产品具备了较好用户体验度和较强用户黏性,深受广大客户好评,形成了明显的竞争优势。2、客户资源公司业务平台覆盖了证券市场中的多种客户群体。在机构客户方面,已服务国内90%以上的证券公司,并扩展至大量公募基金、私募基金、银行、保险公司、政府、科研院所及上市公司等机构。个人用户方面,公司拥有庞大且活跃的用户群体。凭借广泛的机构客户和活跃的个人投资者,公司的互联网金融信息服务生态圈得以快速发展,推动产品与服务的创新和迭代,确保市场快速接受,展现出明显的客户资源优势。3、技术优势公司是国内领先的互联网金融信息服务提供商及金融智能化解决方案供应商,始终保持技术与应用的创新,近三年研发经费占公司总收入的25%以上。公司积极与国内外知名院校开展产学研合作,建立了多个研发平台,包括国家级博士后工作站、省级重点企业研究院和高新技术企业研发中心等。凭借持续的技术积累与探索,公司在技术储备和研发能力方面处于行业领先地位。公司较早布局移动互联网、云计算、大数据、智能搜索、语音语义、图形图像及生成式人工智能等领域,拥有一支成熟、稳定的技术研发团队。强大的技术实力使公司在行业中保持领先地位,并引领行业高质量发展。公司是行业内率先完成人工智能大模型备案的公司,并已完成7项生成式算法备案。4、人力资源优势公司十分重视人力资源建设,注重人才的引进、培养和开发,通过内部培养和外部引进相结合的方式,不断扩充和优化人才,形成了一支专业素质过硬、朝气蓬勃的人才队伍。公司的研发团队,具有丰富的工作经验,有较强的稳定性和凝聚力,对市场现状、客户需求、核心技术和发展趋势有着深刻的了解,可以准确把握市场动向,确保公司的长期稳健发展。公司人才队伍不断壮大,人才结构不断升级。公司研发人员帮助公司解决金融信息服务创新、人工智能技术研发关键问题,引领公司技术创新,人力资源优势明显。5、数据资源优势公司拥有业内领先、规模庞大、历史数据丰富的数据库资源,涵盖了互联网用户数据、新闻资讯、宏观经济数据、行业经济数据、企业研究报告、企业信息、上市公司信息披露、招投标等结构化和非结构化数据,以及交易所、信息公司、政府部门、科研机构、高等院校、宏观经济研究机构和专业行业数据公司等机构提供的授权数据。这些数据不仅满足了客户多样化的需求,还为公司人工智能算法训练、AI大模型训练提供了数据基础。6、品牌优势作为中国最早从事互联网金融信息服务的企业之一,公司通过多年的技术、经验和客户资源积累,较为准确地把握了市场发展趋势和客户需求,开发出了拥有较高市场影响力和广泛客户基础的优势产品。公司一直持续稳健的经营,坚持为市场提供优质服务,在业内积累了较高的口碑和知名度,树立了良好的品牌形象。行业新进入者难以在短时间内树立品牌优势并获得客户的认可。","许可经营项目:第二类增值电信业务中的信息服务业务(不含固定网电话信息服务)(具体内容详见许可证)。一般经营项目:计算机、电子产品的技术开发、技术服务、成果转让,计算机软硬件的销售,设计、制作、发布、代理国内外各类广告。(上述经营范围不含国家法律法规规定禁止、限制和许可经营的项目)。",www.10jqka.com.cn,https://emweb.securities.eastmoney.com/PC_HSF10/CompanySurvey/PageAjax?code=SZ300033,2026-07-27,成功,,04_code/60gupiao.py与04_code/financialtest60.py中的硬编码名单,否（当前公司概况仅用于补齐基础信息）
300036,下游,超图软件,北京超图软件股份有限公司,深圳证券交易所,信息技术-计算机软件-行业应用软件,信息传输、软件和信息技术服务业-软件和信息技术服务业,"    北京超图软件股份有限公司(股票代码:300036)成立于1997年,是聚焦地理信息软件(Geographic Information Software,广义GIS)和空间智能(Geospatial Intelligence,GI)领域的基础软件与应用软件厂商,是信创、时空大数据、人工智能、虚拟现实等领域的重要参与者。旗下SuperMap软件是亚洲第一大、全球第二大GIS软件,是数字中国、数字政府、企业数字化、数字孪生、元宇宙、智慧城市的重要技术底座。超图软件旗下拥有超图信息、南京国图、上海数慧、上海南康、世纪安图、地图慧等子品牌,目前在国内115个地级及以上城市、海外20多个国家有常驻员工,50多个国家有代理商,100多个国家有用户。超图软件以“创新空间智能,升维IT价值”为企业使命,以“用空间智能点亮世界每个角落”为企业愿景,致力于为全球更多用户打造领先的GI&GIS技术和产品。","一般项目:技术服务、技术开发、技术咨询、技术交流、技术转让、技术推广;地理遥感信息服务;卫星遥感应用系统集成;信息系统集成服务;软件开发;软件销售;技术进出口;货物进出口;贸易经纪;信息技术咨询服务;非居住房地产租赁;会议及展览服务;组织文化艺术交流活动。(除依法须经批准的项目外,凭营业执照依法自主开展经营活动)许可项目:第二类增值电信业务;建设工程施工。(依法须经批准的项目,经相关部门批准后方可开展经营活动,具体经营项目以相关部门批准文件或许可证件为准)(不得从事国家和本市产业政策禁止和限制类项目的经营活动。)","www.supermap.com.cn,www.supermap.com",https://emweb.securities.eastmoney.com/PC_HSF10/CompanySurvey/PageAjax?code=SZ300036,2026-07-27,成功,,04_code/60gupiao.py与04_code/financialtest60.py中的硬编码名单,否（当前公司概况仅用于补齐基础信息）
300058,下游,蓝色光标,北京蓝色光标数据科技集团股份有限公司,深圳证券交易所,文化传媒-营销服务-营销服务,租赁和商务服务业-商务服务业,"    北京蓝色光标数据科技集团股份有限公司是一家为企业智慧经营全面赋能的营销科技公司。蓝色光标及其旗下子公司的主营业务包括:全案推广服务(数字营销、公共关系、活动管理等)、全案广告代理(数字广告投放、中国企业出海广告投放以及智能电视广告业务代理等)以及元宇宙营销(虚拟人、虚拟物品以及虚拟空间),服务内容涵盖营销传播整个产业链,以及基于营销科技的智慧经营服务,服务地域基本覆盖全球主要市场。蓝色光标业务的历史最早可以追溯至1996年。蓝色光标于2010年在深圳证券交易所创业板上市(股票代码:300058)。公司总部位于北京,在中国各大区域设有分支机构,并在北美、欧洲以及亚太其他国家和地区拥有国际业务网络。蓝色光标持续服务于约3,000个国内外品牌客户,其中财富500强企业100多个。客户涵盖游戏、汽车、互联网及应用、电子商务、高科技产品、消费品、房地产以及金融八大行业的知名品牌。蓝色光标位列北京民营企业百强第16名,北京民营企业文化产业百强,《财富》中国500强企业,中国民营企业500强第195位,是首都文化企业30强单位、北京文化产业投融资协会联席会长单位、首都文化产业协会常务理事单位、中国广告协会副会长单位、中国4A协会副理事长单位。蓝色光标不断探索营销新技术新方法,累计拥有超百项技术专利及软件著作权,同时不断推动文化科技融合、引领行业变革,被北京市科委认定为“众创空间”和“北京市设计创新中心”。","大数据、计算机软件、网络、系统集成的技术开发、技术转让、技术服务、技术咨询;企业策划;企业形象策划;营销信息咨询;公关咨询;会议服务;公共关系专业培训;设计、制作、代理、发布广告;货物进出口、代理进出口、技术进出口。(市场主体依法自主选择经营项目,开展经营活动。以及依法须经批准的项目,经相关部门批准后依批准的内容开展经营活动;不得从事国家和本市产业政策禁止和限制类项目的经营活动。)",www.bluefocusgroup.com,https://emweb.securities.eastmoney.com/PC_HSF10/CompanySurvey/PageAjax?code=SZ300058,2026-07-27,成功,,04_code/60gupiao.py与04_code/financialtest60.py中的硬编码名单,否（当前公司概况仅用于补齐基础信息）
300075,下游,数字政通,北京数字政通科技股份有限公司,深圳证券交易所,信息技术-计算机软件-行业应用软件,信息传输、软件和信息技术服务业-软件和信息技术服务业,"    北京数字政通科技股份有限公司是新型智慧城市核心应用与运营服务提供商,致力于以“网格化管理模式”推动城市治理、政府管理和服务的数字化进程,以技术路径催生管理变革和服务模式创新,助力数字经济发展和数字政府建设。公司成立于2001年,2010年在深圳证券交易所上市(股票代码:300075),是国家规划布局内重点软件企业、北京市高新技术企业和甲级测绘资质企业。公司致力于城市运行一网统管、城市管理精细化、社会治理现代化、城市生命线安全运行监测智能化、智算中心建设运营以及新型智慧城市运营服务等核心业务领域。公司总部位于北京,设有北京、武汉、长沙三大研发中心。","技术开发、技术转让、技术服务、技术咨询、技术推广;基础软件服务、应用软件服务、产品设计;计算机系统服务;数据处理;出租办公用房;机械设备租赁;经济贸易咨询;投资咨询;项目投资;投资管理;资产管理;货物进出口、技术进出口、代理进出口;销售通讯设备、电子产品、计算机、软件及辅助设备、汽车;专业承包。(企业依法自主选择经营项目,开展经营活动;依法须经批准的项目,经相关部门批准后依批准的内容开展经营活动;不得从事本市产业政策禁止和限制类项目的经营活动。)",www.egova.com.cn,https://emweb.securities.eastmoney.com/PC_HSF10/CompanySurvey/PageAjax?code=SZ300075,2026-07-27,成功,,04_code/60gupiao.py与04_code/financialtest60.py中的硬编码名单,否（当前公司概况仅用于补齐基础信息）
300078,中游,思创智联,思创智联科技股份有限公司,深圳证券交易所,电子设备-电子设备制造-电子设备制造,制造业-计算机、通信和其他电子设备制造业,"    思创智联科技股份有限公司成立于2003年,2010年4月在深交所创业板上市(股票代码300078)。思创智联是行业优秀的物联网应用整体解决方案服务商,是集科研、生产、服务于一体的高新技术企业,公司物联网应用业务以研发生产为基础,以物联网应用开放平台为生态体系,依托物联网、大数据等技术在终端、网络、平台等层面融合创新,打造了智慧零售、智慧仓储、智能制造、资产管理、防伪溯源等行业深度应用的物联网解决方案,全方位支持并实现数字化零售、供应链全流程管理等数字变革场景下的产品与服务需求,产品出口遍及欧洲、美洲、中东、东南亚等70多个国家及地区。在智慧商业领域,思创智联曾与中科院RFID技术研发中心等科研机构合作,拥有EAS、ESL、RFID开发与应用一体化平台,凭借从天线设计、标签封装到系统集成的全产业链优势,产品覆盖EAS标签、RFIDinlay、特种标签、读写设备及应用软件,为客户提供一站式商业智能解决方案,荣获百强零售连锁品牌的信赖与选择,产品出口70多个国家及地区,遍布欧洲、美洲、中东、东南亚等区域,与全球300多家客户及代理商建立长期稳定的合作关系。","一般项目:电子元器件制造;电子元器件批发;电子元器件零售;集成电路芯片及产品制造;集成电路芯片及产品销售;物联网设备制造;物联网设备销售;移动终端设备制造;移动终端设备销售;计算机软硬件及外围设备制造;其他电子器件制造;物联网技术研发;物联网技术服务;物联网应用服务;安防设备制造;安防设备销售;橡胶制品制造;橡胶制品销售;塑料制品制造;塑料制品销售;五金产品研发;五金产品制造;五金产品批发;五金产品零售;塑料包装箱及容器制造;包装材料及制品销售;金属包装容器及材料制造;金属包装容器及材料销售;信息系统集成服务;货物进出口;商业、饮食、服务专用设备制造;非居住房地产租赁;办公设备租赁服务;机械设备租赁;租赁服务(不含许可类租赁服务);技术服务、技术开发、技术咨询、技术交流、技术转让、技术推广;软件开发;信息技术咨询服务;洗染服务;针纺织品销售;日用化学产品销售;日用百货销售;第一类医疗器械销售;第二类医疗器械销售(除依法须经批准的项目外,凭营业执照依法自主开展经营活动)。许可项目:第三类医疗器械经营(依法须经批准的项目,经相关部门批准后方可开展经营活动,具体经营项目以审批结果为准)。",www.sichuangzhilian.com.cn,https://emweb.securities.eastmoney.com/PC_HSF10/CompanySurvey/PageAjax?code=SZ300078,2026-07-27,成功,,04_code/60gupiao.py与04_code/financialtest60.py中的硬编码名单,否（当前公司概况仅用于补齐基础信息）
300168,下游,万达信息,万达信息股份有限公司,深圳证券交易所,信息技术-计算机软件-行业应用软件,信息传输、软件和信息技术服务业-软件和信息技术服务业,"    万达信息股份有限公司(简称“万达信息”,股票代码300168)成立于1995年12月,前身为“上海计算机软件实验室”,是国内领先的智慧城市整体解决方案提供商。万达信息拥有国际一流的资质,是全国首家整体通过CMMI5(软件能力成熟度模型最高等级)认证的企业。万达信息的业务领域涵盖医疗卫生、智慧政务、市场监管、民生保障、城市安全、智慧教育、ICT信息科技创新、健康管理和智慧城市公共平台的建设与运营。凭借在丰富行业实践中形成的自主创新核心技术,万达信息承担了多项国家重大科技攻关课题,承建了多个国家级创新平台,是国家级企业技术中心。万达信息主持和参与了70余项国家信息技术服务、数字化转型、企业综合能力评估、软件工程、云计算、大数据、人工智能、智慧城市、智慧医卫、健康管理等国家、行业、团体及地方标准规范的研制;并先后获得2项国家科技进步二等奖、1项教育部科技进步一等奖、7项上海市科技进步一等奖等20余项国家及省部级科技进步奖和200余项行业类成果荣誉,为企业的可持续创新能力提供了坚强动力。公司总部设在上海,目前已在北京、成都、青岛、武汉、长沙、南京、广州、银川、哈尔滨、鄂尔多斯等地开设了三十余家分支机构,形成了覆盖全国的服务体系。2019年,中国人寿成为万达信息的第一大股东,作为中国人寿推行“科技化创新”战略的重要组成部分,万达信息在中国人寿的大力支持下,已进入转型升级新时代。未来,在党建引领下,公司董事会和总裁室明晰发展路径,带领全体员工,紧跟“数字中国”和“健康中国”发展战略,坚持“稳中求进、以进促稳、先立后破”工作总基调,坚持先做强再做大,努力推动技术成果与民生福祉有机融合,努力成为国内一流的软件应用开发商。","从事计算机科技、计算机网络科技专业领域内技术开发、技术转让、技术咨询、技术服务、技术交流、技术推广;软件开发;网络与信息安全软件开发;信息系统集成服务;互联网信息服务;互联网数据服务;云计算装备技术服务;远程健康管理服务;健康咨询服务(不含诊疗服务);信息咨询服务(不含许可类信息咨询服务);人力资源服务(不含职业中介活动,劳务派遣服务);专业设计服务;数字内容制作服务(不含出版发行);数字文化创意软件开发;会议及展览服务;票务代理服务;广告制作;广告发布(非广播电台、电视台、报刊出版单位);广告设计、代理;计算机软硬件及辅助设备零售;计算机软硬件及辅助设备批发;机械设备租赁;机械设备销售;电子产品销售;电器机械设备销售;电力电子元器件销售;通讯设备销售;信息安全设备销售;安防设备销售;办公用品销售;日用百货销售;化妆品零售;化妆品批发;卫生用品和一次性使用医疗用品销售;厨具卫具及日用杂品批发;厨具卫具及日用杂品零售;体育用品及器材批发;体育用品及器材零售;家用电器销售;家居用品销售;工艺美术品及礼仪用品销售(象牙及其制品除外);互联网销售(除销售需要许可的商品);食用农产品批发;食用农产品零售;第一类医疗器械销售;第二类医疗器械销售;建筑智能化系统设计;建筑智能化工程施工;建设工程设计;各类工程建设活动;第一类增值电信业务;第二类增值电信业务;检验检测服务;医疗服务;旅游业务;药品互联网信息服务;货物进出口;技术进出口;信息网络传播视听节目;网络文化经营;第三类医疗器械经营;食品经营;保健食品销售;药品零售。依法须经批准的项目,经相关部门批准后方可开展经营活动。",www.wondersgroup.com,https://emweb.securities.eastmoney.com/PC_HSF10/CompanySurvey/PageAjax?code=SZ300168,2026-07-27,成功,,04_code/60gupiao.py与04_code/financialtest60.py中的硬编码名单,否（当前公司概况仅用于补齐基础信息）
300170,下游,汉得信息,上海汉得信息技术股份有限公司,深圳证券交易所,信息技术-计算机软件-其他软件服务,信息传输、软件和信息技术服务业-软件和信息技术服务业,"    上海汉得信息技术股份有限公司(以下简称“汉得”),其前身可以追溯到1996年成立的“上海汉得计算机服务有限公司”,并于2011年在深圳证券交易所创业板上市(证券代码:300170,证券简称:汉得信息),成为A股市场首家以ERP咨询实施为主营业务的上市公司。汉得已由最初的信息化软件实施商,历经解决方案服务商,发展成为企业数字化综合服务商,公司业务领域也进一步扩展至企业级数字化产品体系+全面综合服务。我们始终致力于成为连接企业管理与数字化技术的桥梁,不断提升交付质量和效率,努力为客户带来更好体验。数字化,放心交给我!","许可项目:货物进出口;技术进出口;代理记账。(依法须经批准的项目,经相关部门批准后方可开展经营活动,具体经营项目以相关部门批准文件或许可证件为准)一般项目:软件开发;计算机系统服务;信息系统集成服务;技术服务、技术开发、技术咨询、技术交流、技术转让、技术推广;信息技术咨询服务;信息系统运行维护服务;软件销售;计算机软硬件及辅助设备零售;网络设备销售;销售代理;软件外包服务;非居住房地产租赁;计算机及通讯设备租赁;办公设备租赁服务。(除依法须经批准的项目外,凭营业执照依法自主开展经营活动)",www.hand-china.com,https://emweb.securities.eastmoney.com/PC_HSF10/CompanySurvey/PageAjax?code=SZ300170,2026-07-27,成功,,04_code/60gupiao.py与04_code/financialtest60.py中的硬编码名单,否（当前公司概况仅用于补齐基础信息）
300188,下游,国投智能,国投智能信息科技股份有限公司,深圳证券交易所,信息技术-计算机软件-其他软件服务,信息传输、软件和信息技术服务业-软件和信息技术服务业,"    国投智能信息科技股份有限公司(股票代码:300188)成立于1999年9月22日,曾用名“厦门市美亚柏科信息股份有限公司”,2011年3月16日在深交所上市,2023年12月28日正式更名,由国家开发投资集团有限公司控股并直接管理,国务院国资委为公司实际控制人,是国内电子数据取证行业龙头企业、网络空间安全与社会治理领域国家队。先后被美国商务部、财政部、国防部列入制裁清单。国投智能拥有多个知名业务(子公司)品牌,包括美亚柏科(电子数据取证与公共安全大数据)、国投云网(企业数字化)、税软(税务稽查)、新德汇(刑事侦查)、中检美亚(市场监管)、安胜网络(网络安全)、国投智能(南京)信息科技(纪检监察)等。国投智能拥有自主技术内核,以自主研发的大数据操作系统为技术基座,以美亚“天擎”公共安全大模型为能力引擎,布局“电子数据取证、公共安全大数据、新网络空间安全、数字政务与企业数字化”四大业务,致力于应用数字化、信息化技术,向政府机关、企事业单位提供公共安全、行政执法、社会治理及数字化转型服务。公司业务范围遍布全国各省、市、自治区及部分共建“一带一路”国家,电子数据取证业务中国市场份额连续十余年排名第一,公共安全大数据业务市占率2025年升至行业第一,成为行业“双龙头”,目前已是服务国内执法部门,最核心的数字化厂商。产品中自主研发的“美亚鉴真平台”微信小程序是全国唯一接入各类政务平台以及覆盖最广的深度合成生成内容检测小程序。创新是国投智能发展的主要引擎。公司坚持“创新即研发、研发即投资”。被认定为“国家高新技术企业”“国家规划布局内重点软件企业”“国家知识产权示范企业”“中国软件和信息技术服务综合竞争力百强企业”“全国网络安全企业50强”等;获评“国家科学技术进步奖二等奖”“公安部科学技术奖一等奖”“福建省科技进步奖一等奖”“福建省质量奖”等;设立“国家企业技术中心”“博士后工作站”“福建省重点实验室”“厦门市技术创新中心”等机构;承担“国家发改委高技术产业化专项”“国家重点研发专项”“国家‘十二五’科技支撑计划项目”等科技计划项目共60余项。国投智能具备一流的网络与信息安全技术能力和丰富的安全攻防经验,拥有一支百余人的国家级网络安全保障实战团队。曾作为网络安全核心保障单位参与全国两会、厦门金砖会晤、北京“一带一路”高峰论坛、杭州G20峰会、北京奥运会、北京冬奥会、世界互联网大会、成都大运会、杭州亚运会等国家大型活动的信息安全保障工作。在打击治理电信网络诈骗犯罪等重大案事件中提供技术协助,得到国家相关部门的高度评价;多位国家领导人莅临公司,对公司取得的成绩给予高度肯定。作为国投集团参与国家数字经济安全稳定发展平台,国投智能秉承“数据更智能、网络更安全”的企业使命,坚守“以客户为中心,以结果为导向,家国情怀、艰苦奋斗、持续创新、极致执行、协作共赢”的企业价值观,持续深入学习贯彻习近平总书记关于数字经济发展重要指示精神,锻造推动数字经济发展的新质生产力,在保持电子数据取证和公共安全大数据稳健发展的同时,积极培育新网络空间安全和数字政务与企业数字化两大战略性新兴业务,塑造高质量发展新动能新优势,服务国家“网络空间安全”和“数字中国”战略,打造世界一流数据智能与安全服务企业。","一般项目:信息系统集成服务;软件开发;信息技术咨询服务;计算机软硬件及辅助设备批发;计算机软硬件及辅助设备零售;数据处理和存储支持服务;5G通信技术服务;计算机及通讯设备租赁;广播影视设备销售;通信设备销售;移动通信设备销售;数字内容制作服务(不含出版发行);互联网安全服务;技术进出口;货物进出口;商用密码产品生产;商用密码产品销售;安防设备销售;安防设备制造;金属链条及其他金属制品销售;金属制品销售;照明器具制造;可穿戴智能设备销售;技术服务、技术开发、技术咨询、技术交流、技术转让、技术推广;计算机软硬件及外围设备制造;移动通信设备制造;通信设备制造;互联网设备制造;大数据服务;人工智能公共数据平台;信息安全设备销售;信息安全设备制造;网络与信息安全软件开发;智能机器人销售;智能机器人的研发;计算机系统服务;信息系统运行维护服务;电子产品销售;云计算装备技术服务;人工智能通用应用系统;智能基础制造装备销售;智能基础制造装备制造;教育咨询服务(不含涉许可审批的教育培训活动)。(除依法须经批准的项目外,凭营业执照依法自主开展经营活动)许可项目:建筑智能化系统设计;互联网信息服务;电子出版物出版;电子出版物制作;出版物零售;出版物批发;建设工程施工;计算机信息系统安全专用产品销售;司法鉴定服务。(依法须经批准的项目,经相关部门批准后方可开展经营活动,具体经营项目以相关部门批准文件或许可证件为准)",www.300188.cn,https://emweb.securities.eastmoney.com/PC_HSF10/CompanySurvey/PageAjax?code=SZ300188,2026-07-27,成功,,04_code/60gupiao.py与04_code/financialtest60.py中的硬编码名单,否（当前公司概况仅用于补齐基础信息）
300223,上游,北京君正,北京君正集成电路股份有限公司,深圳证券交易所,电子设备-半导体-集成电路,制造业-计算机、通信和其他电子设备制造业,"    北京君正集成电路股份有限公司成立于2005年,基于创始团队创新的CPU设计技术,迅速在消费电子市场实现SoC芯片产业化,2011年5月公司在深圳创业板上市(300223)。君正在处理器技术、多媒体技术和AI技术等计算技术领域持续投入,其芯片在智能视频监控、AIoT、工业和消费、生物识别及教育电子领域获得了稳健和广阔的市场。2020年,君正完成对美国ISSI的收购。ISSI面向汽车、工业和医疗等领域提供高品质、高可靠性的存储器产品,包括SRAM、DRAM、NORFlash、2DNANDFlash和eMMC,客户遍布全球。君正将整合其积累十几年的计算技术,及ISSI三十余年的存储、模拟和互联技术,利用公司拥有的完整车规芯片质量和服务体系,为汽车、工业、AIoT等行业的发展持续做出贡献。","研发、设计、委托加工、销售半导体集成电路芯片;计算机软硬件及计算机网络软硬件产品的设计、开发;销售计算机软、硬件及其辅助设备、电子元器件、通讯设备;技术开发、技术转让、技术咨询、技术服务、技术培训;技术检测;货物进出口、技术进出口、代理进出口;出租办公用房、商业用房。(市场主体依法自主选择经营项目,开展经营活动;依法须经批准的项目,经相关部门批准后依批准的内容开展经营活动;不得从事国家和本市产业政策禁止和限制类项目的经营活动。)",www.ingenic.com,https://emweb.securities.eastmoney.com/PC_HSF10/CompanySurvey/PageAjax?code=SZ300223,2026-07-27,成功,,04_code/60gupiao.py与04_code/financialtest60.py中的硬编码名单,否（当前公司概况仅用于补齐基础信息）
300229,中游,拓尔思,拓尔思信息技术股份有限公司,深圳证券交易所,信息技术-计算机软件-其他软件服务,信息传输、软件和信息技术服务业-软件和信息技术服务业,"    拓尔思信息技术股份有限公司(简称“拓尔思”)成立于1993年,是中文全文检索技术的始创者,领先的人工智能、大数据和数据安全产品及服务提供商。公司2011年在深圳证券交易所创业板上市,股票代码300229。自成立以来,拓尔思始终坚持核心技术自主研发,公司产品曾获得国家科技进步二等奖、上海市科技进步一等奖、中国电子学会一等奖、北京市科技进步二等奖、教育部科技进步二等奖、王选新闻科技特等奖等多项重要荣誉。拓尔思以“数据+智能”为核心战略,致力于通过自主可控的技术、优质的数据资产与全栈的解决方案,赋能千行百业实现数智化升级。公司深度参与国家级关键数据基础设施建设,成功服务了中国政府网、国家企业信用信息公示系统、信用中国、国家知识产权检索系统、GA云搜索、人民日报国际传播工程等重大项目,成为政务、公安、媒体等行业的核心数智化赋能者。公司沉淀了高质量、高密度、高价值的数据资产,推出了覆盖舆情、媒资、产业、开源情报、全球资讯洞察5大细分领域的大数据服务平台,牵头参与了中文互联网语料库CCI的共建。公司自主研发的拓天大模型一体化平台,已实现了AI技术在媒体、金融、政务、舆情、安全等关键领域的规模化落地,积极推动产业智能化变革。目前,拓尔思已成为金融科技、数字政府门户、融媒体、舆情监测、边界安全和开源情报等业务领域数智化服务的头部厂商,公司的数智化产品与服务已被国内外多家企业级用户广泛使用。面向未来,拓尔思将持续运营高质量数据,深化拓天大模型在各行各业的场景化落地,加大自主智能体协同与跨链推理的技术研发,推动AI技术与行业需求的深度融合。同时,依托“一带一路”数字化机遇,公司将聚焦全球资讯洞察、事件智能推演和预测、智能体在线开发、中企海外利益护航四大出海业务矩阵,加速拓展海外市场,为全球客户提供领先的AI解决方案。","一般项目:软件开发;技术服务、技术开发、技术咨询、技术交流、技术转让、技术推广;以自有资金从事投资活动;计算机系统服务;数据处理服务;计算机及办公设备维修;计算机软硬件及辅助设备批发;计算机软硬件及辅助设备零售;电子产品销售;通讯设备销售。(除依法须经批准的项目外,凭营业执照依法自主开展经营活动)(不得从事国家和本市产业政策禁止和限制类项目的经营活动。)",www.trs.com.cn,https://emweb.securities.eastmoney.com/PC_HSF10/CompanySurvey/PageAjax?code=SZ300229,2026-07-27,成功,,04_code/60gupiao.py与04_code/financialtest60.py中的硬编码名单,否（当前公司概况仅用于补齐基础信息）
300253,下游,卫宁健康,卫宁健康科技集团股份有限公司,深圳证券交易所,信息技术-计算机软件-行业应用软件,信息传输、软件和信息技术服务业-软件和信息技术服务业,"    卫宁健康科技集团股份有限公司(股票简称:卫宁健康,股票代码:300253)始于1994年,以“科技赋能,提升人们健康水平”为使命,业务覆盖智慧医院,智慧区域卫生,互联网+医疗健康等,致力于成为“数字健康领域值得信赖的服务提供者”。2020年4月,卫宁健康发布了具有行业引领意义的新一代产品WiNEX。2021年4月发布WiNEX2021系列、智慧医院、智慧公卫等多个应用场景智慧解决方案。2022年6月发布医护移动工作平台WiNEX MY,助力医生个人成长。卫宁健康在AI+医疗领域布局深远,于2017年成立卫宁健康人工智能实验室,2023年10月重磅发布基于通用模型的医疗垂直领域大模型WiNGPT与医疗智能助手WiNEX Copilot。2024年发布WiNGPT2.6,并在北京大学人民医院、上海市肺科医院、上海市同济医院等多家三甲医院落地应用。2025年初发布WiNGPT2.8和医护智能助手WiNEXCopilot2.1,支持覆盖诊前、诊中、诊后和医疗管理30多个场景,并全面对接DeepSeek,WiNEX以AI增强为新的动力,正逐步成为医护人员不可或缺的智能诊疗助手。卫宁健康注重技术创新与人才培养,常年与全国顶级高等院校及科研机构保持“产学研”紧密合作,先后与上海交通大学合作建立了“上海交大-卫宁健康人工智能联合实验室”;与合肥工业大学、安徽医科大学第一附属医院、中国科学院大学经济与管理学院共同成立了""医疗健康管理联合研究中心"";与上海健康医学院共建“健康-卫宁未来医院发展研究中心”;与复旦大学数学科学学院建立了战略合作关系,分别开展对AI、大数据、云计算、物联网、移动互联网等方面的前沿研究。","一般项目:软件开发;软件销售;计算机软硬件及外围设备制造;计算机软硬件及辅助设备零售;计算机软硬件及辅助设备批发;信息系统集成服务;信息系统运行维护服务;信息技术咨询服务;第二类医疗器械销售;互联网数据服务;以自有资金从事投资活动;非居住房地产租赁;技术服务、技术开发、技术咨询、技术交流、技术转让、技术推广;人工智能应用软件开发;人工智能基础软件开发;人工智能理论与算法软件开发;人工智能通用应用系统;人工智能行业应用系统集成服务;大数据服务;人工智能公共服务平台技术咨询服务;人工智能基础资源与技术平台;人工智能公共数据平台。(除依法须经批准的项目外,凭营业执照依法自主开展经营活动)许可项目:第二类医疗器械生产;第三类医疗器械经营。(依法须经批准的项目,经相关部门批准后方可开展经营活动,具体经营项目以相关部门批准文件或许可证件为准)",www.winning.com.cn,https://emweb.securities.eastmoney.com/PC_HSF10/CompanySurvey/PageAjax?code=SZ300253,2026-07-27,成功,,04_code/60gupiao.py与04_code/financialtest60.py中的硬编码名单,否（当前公司概况仅用于补齐基础信息）
300308,上游,中际旭创,中际旭创股份有限公司,深圳证券交易所,信息技术-通信设备-通信传输设备,制造业-计算机、通信和其他电子设备制造业,"    中际旭创股份有限公司(SZ:300308)是领先的高速光互联解决方案提供商,专注于高端光模块与光通信技术创新,服务全球云计算与AI算力基础设施建设。公司在高速率光模块领域具备领先优势,是推动新一代算力网络和数字基础设施升级的重要参与者。凭借持续的技术创新、领先的产品性能和稳定的规模化交付能力,中际旭创在业内建立了稳固的市场地位和良好的品牌声誉。公司坚持以技术创新为核心驱动力,持续强化研发投入与产业链协同,并积极拓展光电技术应用边界,探索车载智能系统领域,力求为更多客户创造更多价值。","一般项目:通信设备制造;光通信设备制造;光通信设备销售;电子元器件制造;电子元器件零售;光电子器件制造;光电子器件销售;集成电路芯片及产品制造;技术服务、技术开发、技术咨询、技术交流、技术转让、技术推广;货物进出口;以自有资金从事投资活动;企业管理;非居住房地产租赁。(除依法须经批准的项目外,凭营业执照依法自主开展经营活动)",www.zj-innolight.com,https://emweb.securities.eastmoney.com/PC_HSF10/CompanySurvey/PageAjax?code=SZ300308,2026-07-27,成功,,04_code/60gupiao.py与04_code/financialtest60.py中的硬编码名单,否（当前公司概况仅用于补齐基础信息）
300365,中游,恒华科技,北京恒华伟业科技股份有限公司,深圳证券交易所,信息技术-计算机软件-其他软件服务,信息传输、软件和信息技术服务业-软件和信息技术服务业,"    北京恒华伟业科技股份有限公司(简称:恒华科技,股票代码:300365.SZ)创立于2000年,属于国家重点高新技术企业、国家规划布局内重点软件企业。2014年在深圳证券交易所A股(创业板)上市。恒华科技作为BIM平台软件及行业数字化应用和运营服务商,凭借雄厚的软件研发实力、卓越的信息技术服务能力、丰富的工程设计与工程管理经验,应用云计算、物联网、大数据、移动互联网、人工智能等信息技术,服务于智能电网、智慧能源、智慧水利、智慧交通等行业领域。公司业务体系以BIM平台及软件研发为核心,以设计咨询业务为技术支撑和工程示范,以行业数字孪生应用为载体,同时积极拓展大数据应用、数字教育等相关业务,为电力、水利、交通等行业信息化、数字化、智能化发展赋能。公司以北京为总部,建立了覆盖全国的营销服务网络,与能源、水利、交通等行业龙头企业建立了良好的合作关系。公司紧跟国家“一带一路”政策,设立海外办事处,将公司的产品及服务拓展至海外市场。","一般项目:技术服务、技术开发、技术咨询、技术交流、技术转让、技术推广;企业征信业务;货物进出口;技术进出口;劳务服务(不含劳务派遣)。(除依法须经批准的项目外,凭营业执照依法自主开展经营活动)许可项目:互联网信息服务。(依法须经批准的项目,经相关部门批准后方可开展经营活动,具体经营项目以相关部门批准文件或许可证件为准)(不得从事国家和本市产业政策禁止和限制类项目的经营活动。)",www.ieforever.com,https://emweb.securities.eastmoney.com/PC_HSF10/CompanySurvey/PageAjax?code=SZ300365,2026-07-27,成功,,04_code/60gupiao.py与04_code/financialtest60.py中的硬编码名单,否（当前公司概况仅用于补齐基础信息）
300394,上游,天孚通信,苏州天孚光通信股份有限公司,深圳证券交易所,电子设备-光电子器件-光学元件,制造业-计算机、通信和其他电子设备制造业,"    苏州天孚光通信股份有限公司是业界领先的光器件整体解决方案提供商和光电先进封装制造服务商,致力于高速光器件的研发、生产和销售。公司2005年成立,2015年在中国创业板上市。产品广泛应用于人工智能、数据中心、光纤通信、光学传感等领域。公司通过自主研发和外延并购,经过二十年发展,形成两大核心业务板块,包括无源光器件整体解决方案业务和光电先进封装业务。公司积极推进国际化战略,形成双总部、双生产基地、多地研发中心的产业布局:在苏州和新加坡分别设立海内外总部;在日本、深圳、苏州设立研发中心;在江西和泰国建立量产基地,为客户提供多元化选择和本地化技术支持与服务。天孚通信致力于成为全球领先的光器件企业,为客户创造价值,助力光子集成。","光电子器件制造;光电子器件销售;电子元器件制造;电子元器件零售;电子元器件与机电组件设备制造;电子元器件与机电组件设备销售;光通信设备制造;光通信设备销售;模具制造;模具销售;机械零件、零部件加工;机械零件、零部件销售;通用零部件制造;货物进出口;技术进出口;进出口代理;技术服务、技术开发、技术咨询、技术交流、技术转让、技术推广;非居住房地产租赁;以自有资金从事投资活动(除依法须经批准的项目外,凭营业执照依法自主开展经营活动)",www.tfcsz.com,https://emweb.securities.eastmoney.com/PC_HSF10/CompanySurvey/PageAjax?code=SZ300394,2026-07-27,成功,,04_code/60gupiao.py与04_code/financialtest60.py中的硬编码名单,否（当前公司概况仅用于补齐基础信息）
300451,中游,创业慧康,创业慧康科技股份有限公司,深圳证券交易所,信息技术-计算机软件-行业应用软件,信息传输、软件和信息技术服务业-软件和信息技术服务业,"    创业慧康科技股份有限公司(股票代码:300451)始创于1997年。近三十年来,公司始终恪守“创造智慧医卫、服务健康事业”的企业使命,深耕医疗卫生信息化领域,以创新为驱动,构建涵盖智慧医疗、智慧卫生、智慧医保、医疗互联及人工智能等多场景、全业务的产品矩阵。公司总部坐落于杭州,在全国设立二十余处分支机构,业务辐射三十多个省、自治区及直辖市,累计服务用户近7000家,形成覆盖广泛、运营稳健的全国性服务体系。近年来,创业慧康持续推进战略升级,稳步实现从科技云生态企业向智能云生态企业的跨越。公司致力于构建协同共生的行业云生态价值网络,以尖端技术重塑医疗信息化未来,为医疗机构、政府主管部门及产业合作伙伴提供更智能、更安全、更高效的整体解决方案。在“健康中国”战略指引下,创业慧康正以行业领军者之姿,赋能医疗健康产业数字化转型,引领智慧医疗新生态,矢志成为健康中国卓越领跑者。","一般项目:软件开发;物联网技术研发;物联网技术服务;物联网应用服务;物联网设备销售;信息系统集成服务;数据处理和存储支持服务;信息系统运行维护服务;信息技术咨询服务;技术服务、技术开发、技术咨询、技术交流、技术转让、技术推广;大数据服务;区块链技术相关软件和服务;互联网数据服务;人工智能公共服务平台技术咨询服务;人工智能基础资源与技术平台;人工智能行业应用系统集成服务;人工智能公共数据平台;安全技术防范系统设计施工服务;网络与信息安全软件开发;第一类医疗器械销售;第二类医疗器械销售;计算机软硬件及辅助设备零售;计算机软硬件及辅助设备批发;电子专用设备销售;云计算设备销售;网络设备销售;接受金融机构委托从事信息技术和流程外包服务(不含金融信息服务)(除依法须经批准的项目外,凭营业执照依法自主开展经营活动)。许可项目:互联网信息服务;药品互联网信息服务;依托实体医院的互联网医院服务;第二类增值电信业务;第二类医疗器械生产;第三类医疗器械经营;建筑智能化工程施工;消防设施工程施工;建设工程设计;各类工程建设活动;出版物互联网销售;出版物批发;出版物零售;网络文化经营;信息网络传播视听节目;保健食品销售;食品经营(销售散装食品);药品批发;药品零售;货物进出口(依法须经批准的项目,经相关部门批准后方可开展经营活动,具体经营项目以审批结果为准)。",www.bsoft.com.cn,https://emweb.securities.eastmoney.com/PC_HSF10/CompanySurvey/PageAjax?code=SZ300451,2026-07-27,成功,,04_code/60gupiao.py与04_code/financialtest60.py中的硬编码名单,否（当前公司概况仅用于补齐基础信息）
300474,上游,景嘉微,长沙景嘉微电子股份有限公司,深圳证券交易所,电子设备-电子设备制造-电子设备制造,制造业-计算机、通信和其他电子设备制造业,"    长沙景嘉微电子股份有限公司致力于信息探测、处理与传递领域的高新技术开发和综合应用,主要从事高可靠电子产品的研发、生产和销售,能够为客户提供GPU芯片、图形显控模块、无线通信系统、小型化雷达、计算存储设备等产品与服务,产品涵盖芯片、模块、整机、系统等多种形态。景嘉微是国家重点高新技术企业、国家重点集成电路设计企业、国家技术创新示范企业、国家专精特新""小巨人""企业,建设有""国家企业技术中心""等国家级创新平台。积极推动产学研用合作,是国防科技大学、中南大学、湖南大学等多所高校的实习教学基地,与高校共建多个研究生拔尖创新人才联合培养基地,并联合组建了多个科研协同创新平台。公司于2016年3月在深交所创业板成功上市,股票代码300474。","电子产品(不含电子出版物)、计算机软件的研究、开发、生产和销售及其相关的技术服务,集成电路设计,微电子产品的研究、开发;电子产品(不含电子出版物)的维修;集成电路的研发、生产、销售及相关的技术服务;微电子产品生产、销售及相关的技术服务;计算机及辅助设备的研究、开发、生产、销售、维修及相关的技术服务;图形图像、信号处理系统及配套产品的研究、开发、生产、销售、维修及相关的技术服务;存储和计算设备、系统及其配套产品的研究、开发、生产、销售、维修及相关的技术服务;微波射频、功放设备及其配套产品的研究、开发、生产、销售、维修及相关的技术服务;通信设备、系统及配套产品研发、生产、销售、维修及相关的技术服务;信息感知、处理、控制设备及系统的研发、制造、销售、维修及技术服务;信息系统集成研发、生产、销售、维修及相关的技术服务;软件研究、开发、销售及技术服务;电子应用技术研究、光机电一体技术研究、开发、生产、销售及技术服务;试验检测、模拟仿真及技术服务。(依法须经批准的项目,经相关部门批准后方可开展经营活动)",www.jingjiamicro.com,https://emweb.securities.eastmoney.com/PC_HSF10/CompanySurvey/PageAjax?code=SZ300474,2026-07-27,成功,,04_code/60gupiao.py与04_code/financialtest60.py中的硬编码名单,否（当前公司概况仅用于补齐基础信息）
300476,上游,胜宏科技,胜宏科技(惠州)股份有限公司,深圳证券交易所,电子设备-电子元件-电子元件,制造业-计算机、通信和其他电子设备制造业,"    胜宏科技(惠州)股份有限公司于2006年7月落户广东省惠州市惠阳区淡水街道行诚科技园,在职员工1万人(全球约1.6万人)。2015年6月在深交所创业板上市,股票代码:300476。公司是全球领先的人工智能及高性能计算PCB供应商,专注于高阶HDI、高多层PCB的研发、生产和销售,产品广泛应用于人工智能、新能源汽车、高速网络通信等高增长领域。凭借前瞻性的战略布局及卓越的技术转化能力,不断突破PCB前沿技术、打造了多元化产品组合,构建了覆盖单层及双层PCB、高多层PCB、高阶HDI及FPC的全品类产品组合,服务超过350家需求庞大的全球客户。公司是CPCA副理事长单位,行业标准的制定单位之一,拥有省级工程技术研发中心和省级企业技术中心,拥有线路板领域有效专利,连续四年获“中国专利优秀奖”。先后通过ISO9001、QC080000、IATF16949、UL2799及ISO27001等多项体系认证,获评“国家高新技术企业”、“国家知识产权优势企业”、“国家级绿色工厂”、“广东省创新型企业”、“优秀民族品牌企业”等荣誉称号。公司通过实施智慧工厂、绿色制造、高技术/高品质/高质量服务的“三大战略”,推进观念、科技、人才和资本“四个创新”,成功打造同行业中国第一家新一代工业互联网智慧工厂。公司积极参与客户产品预研,深化与全球头部科技行业客户战略合作。凭借战略优势、技术优势和品质优势,已成为众多海外及中国头部科技企业的核心合作伙伴,在AI算力、AI机器人、无人驾驶、虚拟现实等领域取得领先优势,在行业内树立了标杆地位。","一般项目:电子元器件制造;电子元器件批发;电子元器件零售;电子专用材料研发(除依法须经批准的项目外,凭营业执照依法自主开展经营活动)(以上项目不涉及外商投资准入特别管理措施)",www.shpcb.com,https://emweb.securities.eastmoney.com/PC_HSF10/CompanySurvey/PageAjax?code=SZ300476,2026-07-27,成功,,04_code/60gupiao.py与04_code/financialtest60.py中的硬编码名单,否（当前公司概况仅用于补齐基础信息）
300496,中游,中科创达,中科创达软件股份有限公司,深圳证券交易所,信息技术-计算机软件-其他软件服务,信息传输、软件和信息技术服务业-软件和信息技术服务业,"    中科创达软件股份有限公司作为全球领先的智能操作系统产品和技术提供商,自2008年成立以来,一直以操作系统为核心不断进行技术积累与创新,业务领域也从最初的智能终端逐步拓展到智能汽车、智能物联网、智能行业等领域,并于2015年成功上市,成为中国首家成功上市的智能操作系统技术企业。随着智能产业的发展,计算、通信、数据、连接、多媒体、图形图像、AI等通用性技术的积累沉淀,以及底层硬件和上层应用的持续创新和优化,都会导致操作系统日趋复杂,操作系统的产品和技术服务具备高度的技术壁垒。我们自创业伊始,持续在技术领域进行大量投资,目前已拥有操作系统全栈技术和深度技术的优势,引领产业创新发展。我们在全栈式操作系统技术领域,已实现从芯片层、系统层、应用层到云端的全面技术覆盖。在深度技术领域,已覆盖多个关键领域。操作系统提供硬件的虚拟化和应用的运行环境,处于产业中承上启下的核心位置,连接着智能产业的每一个环节。随着智能化应用场景的日益丰富,智能产业链各个环节之间愈发紧密相连,底层硬件和上层应用的协同创新已经成为主流模式。在此模式下,底层硬件的创新需要经由操作系统赋能上层应用,而上层应用的创新依托操作系统调用底层硬件的基础算力。因此,操作系统作为连接底层硬件和上层应用的桥梁,成为支撑整个智能产业发展的核心基础设施。基于操作系统所处的核心位置,我们作为智能操作系统产品和技术提供商,需要触达产业链各个环节的合作伙伴,推动生态建设方能实现智能产业链的协同创新。目前,我们已经建立了深入且广泛的生态网络,已与多家芯片厂商、云厂商等业务伙伴建立紧密的战略合作关系。卡位及生态优势有助于我们精准理解技术的发展趋势,提升技术前瞻布局能力;通过把握规模化应用的节奏,更好地持续进行业务拓展,提高全球化布局的能力。同时,我们技术能力的提升、业务以及全球化布局的成功,将进一步推动我们构建新的生态,强化我们和生态伙伴的战略合作关系。我们起源于正处在智能产业高速发展时期的中国,得益于中国庞大的手机、汽车、物联网市场及完备的供应链体系,在不断与生态伙伴加速协同创新中,构筑起以智能操作系统产品和技术为核心的高技术壁垒,致力于承担起全球智能产业中不可或缺的“技术基座提供商”角色;面向未来,我们将一如既往地立足于中国的广大市场,与全球产业头部合作伙伴深化生态网络建设,与世界前沿科技不断交互融合,持续为客户创造价值。同时,我们将致力于帮助中国企业出海,促进全球智能产业的融合与进步。我们将通过全球化生态、全球化技术、全球化业务拓展、全球化人才、全球化投资,进一步赋能全球智能产业,保持我们的核心地位与战略卡位。",开发计算机软件;销售自行开发的产品;技术咨询、技术服务;计算机软件技术培训;商务咨询;从事通讯设备、电子产品的批发及进出口(不涉及国营贸易管理商品;涉及配额、许可证管理商品的按国家有关规定办理申请手续);计算机系统服务。,www.thundersoft.com,https://emweb.securities.eastmoney.com/PC_HSF10/CompanySurvey/PageAjax?code=SZ300496,2026-07-27,成功,,04_code/60gupiao.py与04_code/financialtest60.py中的硬编码名单,否（当前公司概况仅用于补齐基础信息）
300502,上游,新易盛,成都新易盛通信技术股份有限公司,深圳证券交易所,信息技术-通信设备-通信传输设备,制造业-计算机、通信和其他电子设备制造业,"    成都新易盛通信技术股份有限公司(简称“新易盛”),2008年成立于中国成都,并于2010年被认证为国家高新技术企业,是一家领先的光模块解决方案与服务提供商。新易盛一直专注于研发、生产和销售多种类的高性能光模块和光器件,产品可广泛应用于数据中心、电信网络(FTTx、LTE和传输)、安全监控以及智能电网等ICT行业。公司拥有3000多种产品,严格遵从TUV、CE、UL、FCC、FDA、RoHS、REACH和EMC等国际标准,产品已服务于来自全球60多个国家和地区的超过300个客户。2016年,新易盛在深圳成功上市(股票代码:300502.SZ),开启公司发展的新篇章。目前,新易盛拥有1100多名员工,致力于通过不断创新构建一个高速的光通信世界。","一般项目:光通信设备制造;光通信设备销售;电子元器件制造;电子元器件批发;电子元器件零售;通讯设备销售;机械设备研发;电子产品销售;专用设备制造(不含许可类专业设备制造);技术进出口;货物进出口;技术服务、技术开发、技术咨询、技术交流、技术转让、技术推广。(除依法须经批准的项目外,凭营业执照依法自主开展经营活动)(涉及国家规定实施准入特别管理措施的除外)",www.eoptolink.com,https://emweb.securities.eastmoney.com/PC_HSF10/CompanySurvey/PageAjax?code=SZ300502,2026-07-27,成功,,04_code/60gupiao.py与04_code/financialtest60.py中的硬编码名单,否（当前公司概况仅用于补齐基础信息）
300624,中游,万兴科技,万兴科技集团股份有限公司,深圳证券交易所,信息技术-计算机软件-其他软件服务,信息传输、软件和信息技术服务业-软件和信息技术服务业,"    万兴科技集团股份有限公司(300624.SZ)AIGC软件A股上市公司,全球领先的新生代数字创意赋能者,致力于成为全世界范围内有特色、有影响力的百年软件老店。公司以“让世界更有创意”为使命,面向全球海量新生代用户提供简单高效的数字创意软件、潮流时尚的创意资源和丰富多元的生态化服务,赋能人们在数字时代与众不同地进行创意表达,帮助每一个新生代创作者将头脑中的灵感变为可见的现实。万兴科技也是中国政府认定的“国家规划布局内重点软件企业”,跻身“德勤高科技高成长亚太区500强”、“福布斯中国最具发展潜力企业”等荣誉榜。当前,万兴科技深耕数字创意软件领域,坚定以AI技术驱动产品创新,旗下已推出多款AIGC创意应用软件,涵盖万兴喵影、万兴播爆、万兴录演、万兴优转等视频创意软件,Wondershare SelfyzAI、Wondershare Pixpic等图片创意软件,万兴图示、万兴脑图等绘图创意软件,以及万兴PDF等文档创意软件。公司正以前瞻的视野推进全球化布局,在深圳设立研发总部,并在长沙、北京、杭州、温哥华、东京等地设立运营中心,业务范围遍及全球200多个国家和地区。","电子计算机软件、网络、硬件及外部设备的技术开发、技术咨询(不含限制项目);电子计算机软件、硬件、外部设备及计算机耗材的代理、销售(不含专营、专控、专卖商品);家庭智能集成设备、移动智能设备的技术开发、技术咨询、技术服务;家庭智能集成设备、移动智能设备及耗材的销售(生产项目另行申办营业执照),经营进出口业务;信息服务业务;【依法须经批准的项目,经相关部门批准后方可开展经营活动。】",www.wondershare.cn,https://emweb.securities.eastmoney.com/PC_HSF10/CompanySurvey/PageAjax?code=SZ300624,2026-07-27,成功,,04_code/60gupiao.py与04_code/financialtest60.py中的硬编码名单,否（当前公司概况仅用于补齐基础信息）
300634,中游,彩讯股份,彩讯科技股份有限公司,深圳证券交易所,信息技术-计算机软件-其他软件服务,信息传输、软件和信息技术服务业-软件和信息技术服务业,"    彩讯科技股份有限公司(股票代码:300634)是国家高新技术企业,国家鼓励的重点软件企业,致力于成为一流的智能数字化专家。目前拥有北京、广州、深圳、杭州、成都五处研发基地以及覆盖全国的运营网络。彩讯自2004年创立后一直专注于企业数字化转型赛道,主营协同办公、智慧渠道、智算服务与数据智能三大产品线。公司基于多年积累的丰富的业务应用场景,结合全面AI战略,构建从AI原生云计算解决方案RichAICloud、一站式AI应用开发平台RichAIBox到垂直行业大模型应用解决方案的AI全栈服务体系,覆盖企业大模型应用开发全生命周期,助力AI技术的普及与深入应用。公司业务覆盖电信、能源、金融、交通等多行业的大中型央国企。主要客户包括:中国移动、中国联通、国家电网、南方电网、中国银行、中国人寿、中国国际航空、南方航空等各行业头部企业。","一般经营项目是:计算机软、硬件通信设备的技术开发、计算机系统集成及相关技术服务、信息技术咨询;软件销售(以上均不含限制项目);信息服务业务(仅限互联网信息服务和移动网信息服务业务);经营第二类增值电信业务中的国内呼叫中心业务、信息服务业务(不含固定网电话信息服务和互联网信息服务);设计、制作、代理、发布各类广告;自有物业租赁;物业管理;计算机软件及技术服务外包;IT系统及通信设备运维;为科技企业提供共享设施、技术服务、创业辅导服务;商务信息咨询(不含限制项目),企业管理咨询(不含限制项目),企业形象设计,会展会务服务;市场营销策划,图文设计制作,市场调研与研究(不含限制项目),信息监测及数据处理;通信业务代理;数字化营销服务;能源管理和能效监控技术开发;物联网、工业互联网相关技术开发和服务;动漫游戏开发;安全技术防范系统设计施工服务;接受委托从事通信网络维修维护;虚拟现实技术应用;数字化展览展示;云计算、大数据、虚拟化产品的技术开发与应用;摄像及视频制作服务;策划创意服务;安全系统监控服务、信息安全管理的硬件和软件的设计开发、服务和维护;网上贸易。智能无人飞行器制造;智能无人飞行器销售;数字文化创意技术装备销售;数字文化创意内容应用服务;智能控制系统集成;人工智能行业应用系统集成服务;可穿戴智能设备制造;可穿戴智能设备销售;智能基础制造装备制造;智能基础制造装备销售;人工智能应用软件开发;人工智能理论与算法软件开发;人工智能通用应用系统;物联网设备制造;物联网设备销售;物联网应用服务;物联网技术服务;物联网技术研发;工业互联网数据服务;数据处理和存储支持服务;计算机软硬件及辅助设备零售;计算机软硬件及辅助设备批发;云计算设备制造;云计算设备销售;电子产品销售;通讯设备销售;计算机及通讯设备租赁;云计算装备技术服务;信息安全设备销售;计算机系统服务;智能机器人的研发;智能机器人销售;工业机器人销售;服务消费机器人销售;人工智能硬件销售;货物进出口;技术进出口;进出口代理。(除依法须经批准的项目外,凭营业执照依法自主开展经营活动)。许可经营项目是:电信业务经营;售电业务(电力销售服务、电力购售电贸易、新能源贸易、电力电商、电力客户专业服务);配电网投资与运营;电力项目投资;电力工程设计安装;节能技术服务;承装(修、试、维护)电力设施;电力数据处理和分析服务;能源管理及技术咨询服务;新能源技术开发与技术服务、充电设备销售、建设运营;建筑智能化工程设计与施工;停车场服务;经营性互联网文化活动、网络音乐。劳务派遣服务;人力资源服务(不含职业中介活动、劳务派遣服务);第二类医疗器械销售;食品互联网销售(仅销售预包装食品);食品销售(仅销售预包装食品);第一类增值电信业务。(依法须经批准的项目,经相关部门批准后方可开展经营活动,具体经营项目以相关部门批准文件或许可证件为准)。",www.richinfo.cn,https://emweb.securities.eastmoney.com/PC_HSF10/CompanySurvey/PageAjax?code=SZ300634,2026-07-27,成功,,04_code/60gupiao.py与04_code/financialtest60.py中的硬编码名单,否（当前公司概况仅用于补齐基础信息）
300781,下游,因赛集团,广东因赛品牌营销集团股份有限公司,深圳证券交易所,文化传媒-营销服务-营销服务,租赁和商务服务业-商务服务业,"    广东因赛品牌营销集团股份有限公司自2002年成立以来,通过持续的努力奋斗和变革创新,在品牌管理和营销传播智慧服务领域走出了一条将国际化的专业优势和本地化的服务优势相结合的快速发展之路。因赛集团的发展历程伴随着中国广告传播的兴起和发展:第一阶段梦想启航2001年,中国加入WTO以后,本土品牌和广告公司面临外资品牌和跨国广告集团的很大冲击和竞争。外资广告公司由于具有专业技术优势,很多本土客户也开始寻求与外资广告公司合作,使当时本土广告公司的发展面临很大的挑战。在这样的大背景下,因赛集团董事长王建朝认为,本土广告行业要与跨国广告集团抗衡竞争,就必须要把这两类广告公司的优势相结合,做到既有外资广告公司的专业系统性,又具有本土广告公司对本地市场和消费者的深入洞察以及对本土客户的本地化贴身服务优势。2001年,王建朝离开奥美,创办了因赛品牌顾问公司,2002年与李明经营多年的旭日广告公司(创办于1994年)团队合并,创立因赛广告公司。从2002年至2010年,王建朝和李明尝试建立一家能够将国际广告公司的专业优势和本土广告公司的服务优势相融合的新型广告公司,并将其概括为“国际智慧、本地洞察”和“国际化专业、本地化服务”。第二阶段梦想展翅从2007年开始,因赛集团感觉到市场环境正在发生根本性的变化,客户的需求也从广告传播为主转变为整合营销传播。在这样的情况下,因赛开始往业务多元化和经营集团化的方向发展,逐步设立了不同领域的专业子公司(包括品牌战略咨询、品牌视觉设计、公关传播、数字营销、影视制作以及媒介代理等)。在这个阶段,因赛主要通过几个重要的变革推动公司的快速发展。第一,专业理念和方法工具的进化转变。2007年,因赛在行业内率先提出全新的营销传播理论“品牌摄众营销传播”,推动营销传播模式从传统的单向信息传播转变为双向的、互动的、受众参与和扩散的新型传播模式。第二,内部作业和服务体系的转变。从2012年开始,因赛集团将内部团队作业体制变革为事业群体制,通过简化流程提高效率。第三,业绩考核与激励机制的转变。主要是建立了基于业绩考核的及时激励机制和基于业绩贡献的事业伙伴激励计划。通过这三大转变,推动了公司的加速发展,人员规模从不到200人发展到近500人,业绩每年保持快速增长,培育出一批业务规模比较大的重量级客户。这些客户都是在各自领域的龙头企业,其市场业绩持续高速增长,对品牌管理和营销传播专业服务的需求也持续扩大和提升。第三阶段梦想腾飞在十多年的发展历程中,因赛集团通过在专业方法体系、管理机制、经营模式等多个方面的不断变革与创新,在国内较早地发展成为具有专业和规模领先优势的综合型品牌管理与整合营销传播代理服务集团,建立起来了核心竞争力,包括专业技术、人才团队、客户资源、综合服务和经营管理等五个方面的独特竞争优势:在专业技术方面,因赛集团形成了一整套系统的专业工具和独特的技术支撑平台以及国际化的品质管理标准,获得了备受认可的专业和行业声誉。在人才团队方面,因赛集团汇聚了一大批行业内优秀的精英人才,建立了健全的人才吸纳、培训、培养体系以及一套独特有效的激励机制,推动人才团队的不断发展壮大,确保事业发展永葆勃勃生机。在客户资源方面,因赛集团长期服务一批行业龙头企业和市场领导品牌,其中有8个世界500强品牌和40多个行业领导品牌,因赛集团与绝大多数客户的合作时间都在5年以上,最长的达15年。在综合服务方面,因赛集团建立了全方位的品牌管理和营销传播专业服务体系与资源,为客户量身定制服务团队,快速灵活地响应客户的品牌营销服务需求。在经营管理方面,因赛集团建立了一套集约高效的经营管理与服务平台,实现公司资源的优化利用和集约化发展,从而有效支撑公司业务经营的快速发展。2013年,因赛在中国广告传播业率先提出“广告传播业的中国梦”。“广告传播业的中国梦”有三个目标:第一是品牌的中国梦,未来应该出现一批能够走向全球市场的中国品牌;第二是行业的中国梦,中国未来应该出现一批能够跟跨国广告营销传播集团相抗衡的营销传播服务集团;第三是专业的中国梦,中国的广告营销传播业应该在世界上赢得专业的尊重和荣耀。第四阶段梦想翱翔2019年6月6日上午,因赛集团A股股票在深圳证券交易所挂牌上市,股票代码300781。因赛集团成为中国广告营销传播专业服务行业的一家以品牌管理为核心主营业务的A股上市企业。上市后,因赛集团基于营销服务行业未来发展的大趋势以及公司自身长期积累的专业优势与基础,制定了公司新的战略定位和未来的中长期发展战略规划:因赛集团新的战略定位:公司致力于发展成为“一家世界级的营销科技与营销智慧服务集团,以基于深刻洞察力的品牌营销智慧,结合智能化的数字营销技术,为客户的品牌发展和品牌营销全面赋能”。公司的长期发展远景目标是:成为一家世界级的营销科技与营销智慧服务集团,在全球范围内为一批中国的行业龙头企业客户提供营销科技赋能与全链条品牌营销智慧服务,助力和陪伴中国的行业龙头企业打造世界级的品牌,为中国品牌的全球化崛起,为中国营销服务行业的高质量发展做出实质性的贡献,并力争发展成为千亿市值的上市企业。为实现公司2030远景发展战略目标,公司制定了“335”发展战略规划:2020-2022年(第一阶段):构建全链条品牌营销智慧服务体系阶段;2023-2025年(第二阶段):构建智能营销科技及品牌元宇宙产业发展平台阶段;2026-2030年(第三阶段):全球化扩张发展阶段。目前,“335”战略规划第一阶段已圆满结束,在这一阶段,因赛集团发挥了自身在行业领先的专业优势以及上市公司的资源整合优势,通过业务创新和投资并购的方式整合了一批营销服务行业细分领域的顶尖公司和团队,初步构建了从战略咨询、品牌内容与整合营销、媒介触达、DTC及电商运营到营销科技及智慧资产等方面专业服务能力的全链条品牌营销智慧服务体系。在“335”战略规划第二阶段,基于对AI人工智能、大数据和元宇宙等科技发展在营销领域应用的趋势洞察与把握,因赛集团制定了在web3.0时代的智能营销科技与品牌元宇宙技术营销发展战略,将以基于深刻洞察力的品牌营销智慧、融合人工智能、大数据和元宇宙等智能化的营销科技,打造引领web3.0时代智能营销科技发展的平台和生态体系,为客户的品牌发展和技术营销全面赋能,为中国品牌的全球化发展做出独特的贡献。让品牌赢在人心,是因赛集团在未来希望承担的神圣使命;助力中国行业龙头企业的品牌全球化发展,成为一家世界级的营销科技与营销智慧服务集团,推动中国营销服务行业的高质量发展,在专业上赢得世界的尊重与荣耀是因赛集团始终追寻实现的梦想和目标。无论面对何种挑战,因赛人都将勇往无前,不忘初心、不负梦想、不辱使命,为实现广告传播业的中国梦奉献自己的一份力量。",企业形象策划;会议及展览服务;礼仪服务;社会经济咨询服务;市场营销策划;咨询策划服务;广告制作;广告发布;广告设计、代理;网络技术服务;技术服务、技术开发、技术咨询、技术交流、技术转让、技术推广;数据处理和存储支持服务;信息技术咨询服务;软件开发;数字技术服务;互联网信息服务;第一类增值电信业务;第二类增值电信业务。,www.gdinsight.com,https://emweb.securities.eastmoney.com/PC_HSF10/CompanySurvey/PageAjax?code=SZ300781,2026-07-27,成功,,04_code/60gupiao.py与04_code/financialtest60.py中的硬编码名单,否（当前公司概况仅用于补齐基础信息）
300785,下游,值得买,北京值得买科技股份有限公司,深圳证券交易所,互联网-互联网商务-网上购物,信息传输、软件和信息技术服务业-互联网和相关服务,"    北京值得买科技股份有限公司是一家AI与内容驱动的数字消费服务集团,2011年成立于北京,2019年登陆深交所上市。公司以“让每一次消费产生幸福感”为使命,以“成为全球最懂消费的科技公司,创造人人因消费而幸福的美好世界”为愿景,以“理想主义,求真务实,创新驱动,极客精神”为价值观,并以“科技驱动消费进步”为Slogan。自创立以来,秉持“连接创造价值”的经营哲学,公司始终致力于在电商、品牌商与用户之间,不断创造连接机会、创新连接形式、提升连接效率。目前,公司已深入布局消费内容、智能营销与消费数据三大业务板块:凭借消费内容为全网用户提供高效、精准、专业的消费决策支持;通过智能营销帮助电商、品牌商获取用户,扩大品牌影响力;同时沉淀来自消费内容和智能营销业务的数据资源,形成涵盖人、货、场、媒等多种维度的底层数据体系,在支持自身业务发展的同时,对外输出各类数据产品和服务,赋能合作伙伴乃至整个消费行业。2024年,公司在继续坚持既定发展战略,围绕消费内容、智能营销和消费数据三大核心板块推进业务发展的同时,不断加大对人工智能技术的投入,并积极推进相关业务场景与人工智能技术的融合,推动人工智能对相关业务场景商业生态的重塑。","一般项目:技术服务、技术开发、技术咨询、技术交流、技术转让、技术推广;广告发布;社会经济咨询服务;市场调查(不含涉外调查);计算机系统服务;数据处理服务;国内货物运输代理;以自有资金从事投资活动;摄影扩印服务;技术进出口;货物进出口;进出口代理;计算机软硬件及辅助设备零售;通信设备销售;电子产品销售;文具用品零售;日用品销售;工艺美术品及收藏品零售(象牙及其制品除外);珠宝首饰零售;机械设备销售;家用电器销售;服装服饰零售;鞋帽零售;化妆品零售;钟表销售;针纺织品销售;汽车零配件零售;体育用品及器材零售;卫生用品和一次性使用医疗用品销售;信息咨询服务(不含许可类信息咨询服务);组织文化艺术交流活动;第一类医疗器械销售;第二类医疗器械销售;人工智能应用软件开发;人工智能基础软件开发;数字内容制作服务(不含出版发行);租赁服务(不含许可类租赁服务);数字文化创意软件开发;网络技术服务。(除依法须经批准的项目外,凭营业执照依法自主开展经营活动)许可项目:演出经纪;食品销售;基础电信业务;网络文化经营;第三类医疗器械经营。(依法须经批准的项目,经相关部门批准后方可开展经营活动,具体经营项目以相关部门批准文件或许可证件为准)(不得从事国家和本市产业政策禁止和限制类项目的经营活动。)",www.zhidemai.com,https://emweb.securities.eastmoney.com/PC_HSF10/CompanySurvey/PageAjax?code=SZ300785,2026-07-27,成功,,04_code/60gupiao.py与04_code/financialtest60.py中的硬编码名单,否（当前公司概况仅用于补齐基础信息）
600183,上游,生益科技,广东生益科技股份有限公司,上海证券交易所,电子设备-电子元件-电子元件,制造业-计算机、通信和其他电子设备制造业,"    广东生益科技股份有限公司创始于1985年,是集研发、生产、销售、服务为一体的全球电子电路基材核心供应商。经过三十余年的发展,通过生益人的不断努力,生益覆铜板板材产量从建厂之初的年产60万平方米发展到2023年度的1.2亿平方米。根据美国Prismark调研机构对于全球硬质覆铜板的统计和排名,从2013年至今,生益科技硬质覆铜板销售总额已持续保持全球第二。生益科技集团总部坐落于中国最具经济活力的城市--广东东莞。先后在咸阳、苏州、香港、台湾、常熟、南通和九江等地建立了全资子公司和控股子公司,集团员工10000余人。生益科技始终立足于高标准、高品质、高性能、高可靠性,自主生产覆铜板、半固化片、绝缘层压板、金属基覆铜箔板、涂树脂铜箔、覆盖膜类等高端电子材料。产品主要供制作单、双面线路板及高多层线路板,广泛应用于高算力、AI服务器、5G天线、新一代通讯基站、大型计算机、高端服务器、航空航天工业、芯片封装、汽车电子、智能家居、工控医疗设备、家电、消费类终端以及各种中高档电子产品中。公司的主导产品已获得博世、联想、索尼、飞利浦等国际、国内知名企业的认证,拥有较大的竞争优势,产品销美洲、欧洲、韩国、日本、东南亚等世界多个国家和地区。生益科技技术力量雄厚,先后开发出多种在世界范围内广泛应用的高科技产品,由国家科技部于2011年批准组建""国家电子电路基材工程技术研究中心"",并于2011年获得""国家认定企业技术中心""之荣誉。同时,公司还设立了博士后科研工作站,积极主导制定相关国际标准、国家标准和行业标准。展望未来,生益科技将继续保持对市场的敏锐反应,始终以前瞻的眼光、先进的技术水平和创新的精神适应不断变化的市场,并及时提供满足客户要求的产品和服务,持续为客户创造更大价值。","设计、生产和销售覆铜板和粘结片、陶瓷电子元件、液晶产品、电子级玻璃布、环氧树脂、铜箔、电子用挠性材料、显示材料、封装材料、绝缘材料,自有房屋出租。从事非配额许可证管理、非专营商品的收购出口业务。提供产品服务、技术服务、咨询服务、加工服务和佣金代理(拍卖除外)。",www.syst.com.cn,https://emweb.securities.eastmoney.com/PC_HSF10/CompanySurvey/PageAjax?code=SH600183,2026-07-27,成功,,04_code/60gupiao.py与04_code/financialtest60.py中的硬编码名单,否（当前公司概况仅用于补齐基础信息）
600410,下游,华胜天成,北京华胜天成科技股份有限公司,上海证券交易所,信息技术-计算机软件-其他软件服务,信息传输、软件和信息技术服务业-软件和信息技术服务业,"    北京华胜天成科技股份有限公司(以下简称华胜天成)面向全球客户提供领先的云计算解决方案和基于行业的数字化服务,我们致力于帮助客户成为数字化运营者。华胜天成1998年成立于北京,投资公司20余家,包括4家上市公司:华胜天成(上海证券交易所上市公司:600410),香港ASL公司(香港联合交易所上市公司:0771),美国Grid Dynamics(美国Nasdaq上市公司:GDYN),上海Telink(688591.SH)。华胜天成历经20多年沉淀,在10余个重要行业服务超过16000家客户,并将大数据、云计算等技术成果落地转化为成熟的经验和可衡量的价值。2025年,华胜天成以“专注于企业级人工智能应用的AI服务提供商”为定位,致力于通过“生成式AI重塑企业经营场景”,实现业务创新与管理变革,助力客户积极响应环境的变化和挑战,为全球客户数智化转型打造坚实的创新底座。","许可项目:建筑智能化系统设计;建设工程施工;建设工程施工(除核电站建设经营、民用机场建设);建设工程设计;第一类增值电信业务;互联网信息服务;基础电信业务;第二类增值电信业务;职业中介活动;发电业务、输电业务、供(配)电业务;电气安装服务。(依法须经批准的项目,经相关部门批准后方可开展经营活动,具体经营项目以相关部门批准文件或许可证件为准)一般项目:技术服务、技术开发、技术咨询、技术交流、技术转让、技术推广;信息系统集成服务;计算机系统服务;对外承包工程;计算机软硬件及辅助设备零售;通信设备销售;供应用仪器仪表销售;软件外包服务;基于云平台的业务外包服务;软件销售;软件开发;国内贸易代理;货物进出口;技术进出口;进出口代理;商务代理代办服务;数据处理和存储支持服务;人力资源服务(不含职业中介活动、劳务派遣服务);合同能源管理;节能管理服务;储能技术服务;新能源原动设备销售;机械设备销售;环保咨询服务;工程管理服务;光伏设备及元器件销售;太阳能热利用装备销售;太阳能热发电装备销售;太阳能热利用产品销售;太阳能热发电产品销售;太阳能发电技术服务;光伏设备及元器件制造;半导体器件专用设备销售;半导体器件专用设备制造;电力电子元器件销售;环境保护专用设备销售;配电开关控制设备制造;配电开关控制设备销售;配电开关控制设备研发;工业自动控制系统装置制造;工业自动控制系统装置销售;变压器、整流器和电感器制造;实验分析仪器销售;制冷、空调设备销售;新能源汽车电附件销售;建筑材料销售;金属制品销售;室内空气污染治理;数据处理服务;气体、液体分离及纯净设备销售;气体、液体分离及纯净设备制造;塑料制品销售;塑料制品制造;塑料加工专用设备销售;化工产品销售(不含许可类化工产品)。(除依法须经批准的项目外,凭营业执照依法自主开展经营活动)",www.teamsun.com.cn,https://emweb.securities.eastmoney.com/PC_HSF10/CompanySurvey/PageAjax?code=SH600410,2026-07-27,成功,,04_code/60gupiao.py与04_code/financialtest60.py中的硬编码名单,否（当前公司概况仅用于补齐基础信息）
600556,下游,天下秀,天下秀数字科技(集团)股份有限公司,上海证券交易所,互联网-互联网服务-其他互联网服务,信息传输、软件和信息技术服务业-互联网和相关服务,"    天下秀数字科技(集团)股份有限公司是一家基于大数据的技术驱动型新媒体营销服务公司,致力于为广告主提供智能化的新媒体营销解决方案,实现产品与消费者的精准匹配,帮助广告主低成本获取客户以及带动产品销售和口碑转化,同时帮助海量文化创意产业、数字内容产业的新媒体从业者实现高效便捷的价值变现。作为国内一家以社会化营销为业务核心的公司,天下秀发展至今已有10年的历程,在2017年完成了6亿元人民币C轮与C+轮融资后,以100亿的估值跻身独角兽行列,成为国内新媒体商业领域一家独角兽企业。目前已累计为国内外450余家品牌企业广告主、8万余家中小企业、广告主提供社会化营销服务,并积累了超过86万家新媒体资源,覆盖微博、微信、抖音、快手、喜马拉雅FM、映客等多个主流新媒体平台;天下秀凭借多年来在品牌咨询、广告策划、平台资源、自媒体资源、大数据技术等多方面的综合竞争优势,获得众多知名品牌客户的认可。天下秀旗下拥有WEIQ、SMART、克劳锐,三大品牌矩阵。三大品牌涵盖了自媒体广告交易、社会化创意营销、自媒体版权及价值排行,致力于打造完整的新媒体行业全生态。公司目前已有员工700余人,总部位于北京三里屯,上海、广州、深圳等地均有分公司和办事处。","一般项目:软件开发;广告发布;广告设计、代理;社会经济咨询服务;信息系统集成服务;图文设计制作;通信设备销售;计算机及通讯设备租赁;技术服务、技术开发、技术咨询、技术交流、技术转让、技术推广;市场营销策划;信息技术咨询服务;计算机软硬件及辅助设备批发;计算机软硬件及辅助设备零售;信息系统运行维护服务;专业设计服务;办公服务;教育咨询服务(不含涉许可审批的教育培训活动);信息咨询服务(不含许可类信息咨询服务);企业形象策划;科技中介服务;礼仪服务;会议及展览服务(出国办展须经相关部门审批);文艺创作;项目策划与公关服务;个人商务服务;组织文化艺术交流活动;文具用品零售;体育用品及器材制造;文具用品批发;工艺美术品及收藏品批发(象牙及其制品除外);文化娱乐经纪人服务;娱乐性展览;科普宣传服务;销售代理;数字文化创意技术装备销售;工艺美术品及收藏品零售(象牙及其制品除外)。(除依法须经批准的项目外,凭营业执照依法自主开展经营活动)许可项目:食品销售。(依法须经批准的项目,经相关部门批准后方可开展经营活动,具体经营项目以相关部门批准文件或许可证件为准)。",www.inmyshow.com,https://emweb.securities.eastmoney.com/PC_HSF10/CompanySurvey/PageAjax?code=SH600556,2026-07-27,成功,,04_code/60gupiao.py与04_code/financialtest60.py中的硬编码名单,否（当前公司概况仅用于补齐基础信息）
600570,下游,恒生电子,恒生电子股份有限公司,上海证券交易所,信息技术-计算机软件-行业应用软件,信息传输、软件和信息技术服务业-软件和信息技术服务业,"    恒生电子股份有限公司是一家以“让金融变简单”为使命的金融科技公司,总部位于中国杭州。1995年成立,2003年在上海证券交易所主板上市(600570.SH),在北京、上海、深圳、武汉、南京以及香港、新加坡等地设有研发中心和子公司。恒生聚焦金融行业,始终坚持“以客户为中心”的服务理念,致力于为证券、期货、基金、信托、保险、银行、交易所、私募等提供整体解决方案和服务。恒生已连续18年入选FinTech100全球金融科技百强榜单,2024年排名第22位,位列亚洲上榜企业第一。恒生坚持以技术服务为核心,2022年获批设立国家级博士后科研工作站。在企业发展同时,恒生积极履行企业社会责任,2016年成立浙江恒生电子公益基金会,2017年投入运营恒生投资者教育基地,在投资者教育、扶贫济困、关爱自闭症儿童等贡献力量,实现企业与社会可持续发展。","计算机软件的技术开发、咨询、服务、成果转让;计算机系统集成;自动化控制工程设计、承包、安装;计算机及配件的销售;电子设备、通讯设备、计算机硬件及外部设备的生产、销售,自有房屋的租赁,经营进出口业务。(依法经批准的项目,经相关部门批准后方可开展经营活动)。",www.hundsun.com,https://emweb.securities.eastmoney.com/PC_HSF10/CompanySurvey/PageAjax?code=SH600570,2026-07-27,成功,,04_code/60gupiao.py与04_code/financialtest60.py中的硬编码名单,否（当前公司概况仅用于补齐基础信息）
603019,上游,中科曙光,曙光信息产业股份有限公司,上海证券交易所,信息技术-计算机硬件-专用计算机设备,制造业-计算机、通信和其他电子设备制造业,"    曙光信息产业股份有限公司(以下简称“中科曙光”)作为我国核心信息基础设施领军企业,为中国及全球用户提供创新、高效、可靠的IT产品、解决方案及服务。公司于2014年在上海证券交易所上市(股票代码:603019)。经历30余年发展,中科曙光在高端计算、存储、安全、数据中心等领域拥有深厚的技术积淀和领先的市场份额,并充分发挥高端计算优势,布局智能计算、云计算、大数据等领域的技术研发,打造计算产业生态,为科研探索创新、行业信息化建设、产业转型升级、数字经济发展提供了坚实可信的支撑。中科曙光在全国各省、自治区和直辖市均设立了分支机构,拥有国际领先的3大智能制造生产基地、5大研发中心,在全国50多个城市部署了城市云计算中心。作为以技术创新为基因的科技企业,中科曙光未来将持续专注于核心技术研发,并与用户、合作伙伴携手共建应用生态、推动产业进步,以科技创新助力“数字中国”建设,驱动经济高质量发展。","电子信息、软件技术开发、咨询、服务、转让、培训;计算机及外围设备、软件制造、批发兼零售;计算机系统集成;物业管理;货物及技术进出口;设备出租、场地出租;计算机及外围设备维修、租赁;建筑安装业;通信设备研发、生产、批发兼零售(以上经营范围涉及行业许可的凭许可证件,在有效期内经营,国家有专项专营规定的按规定办理)。",www.sugon.com,https://emweb.securities.eastmoney.com/PC_HSF10/CompanySurvey/PageAjax?code=SH603019,2026-07-27,成功,,04_code/60gupiao.py与04_code/financialtest60.py中的硬编码名单,否（当前公司概况仅用于补齐基础信息）
603160,中游,汇顶科技,深圳市汇顶科技股份有限公司,上海证券交易所,电子设备-电子元件-电子元件,制造业-计算机、通信和其他电子设备制造业,"    深圳市汇顶科技股份有限公司(603160)是一家基于芯片设计和软件开发的整体应用解决方案提供商,主要面向智能终端、物联网及汽车电子领域提供领先的半导体软硬件解决方案。汇顶科技以全球化的视野和布局,汇聚全球顶尖人才、坚定高研发投入,持续引领传感、计算、连接和安全领域的技术创新,驱动万物智联创新应用,努力成长为全球领先的综合型IC设计公司。","电子产品软硬件的技术开发及转让自行开发的技术成果;电子产品、集成电路模块、电子设备、机器设备的批发、进出口及相关配套业务(不涉及国营贸易管理商品,涉及配套许可证管理及其它专项规定管理的商品按国家有关规定办理);自有物业租赁(深圳市软件产业基地4栋);停车场服务;非居住房地产租赁;物业管理。",www.goodix.com,https://emweb.securities.eastmoney.com/PC_HSF10/CompanySurvey/PageAjax?code=SH603160,2026-07-27,成功,,04_code/60gupiao.py与04_code/financialtest60.py中的硬编码名单,否（当前公司概况仅用于补齐基础信息）
603986,上游,兆易创新,兆易创新科技集团股份有限公司,上海证券交易所,电子设备-半导体-集成电路,制造业-计算机、通信和其他电子设备制造业,"    兆易创新科技集团股份有限公司成立于2005年,是一家领先的无晶圆厂半导体公司,致力于开发先进的存储器技术和IC解决方案。2016年8月,公司在上海证券交易所成功上市。公司在中国北京、上海、深圳、合肥、西安、成都、苏州、香港和台湾,美国、韩国、日本、英国、新加坡等多个国家和地区均设有分支机构和办事处,营销网络遍布全球,为客户提供优质便捷的本地化支持服务。公司核心管理团队由来自世界各地的高级管理人员组成,具有丰富的研发及管理经验,技术研发核心成员来自清华、北大、复旦、中科院等国内微电子领域顶尖院所,硕士及以上学历占比超过60%。同时,我们也积极引进具有国际视野的专业人才,跟踪最新技术发展方向,提升公司技术产品的领先性。公司的核心产品线为FLASH、32位通用型MCU及智能人机交互传感器芯片及整体解决方案,公司产品以“高性能、低功耗”著称,为工业、汽车、计算、消费类电子、物联网、移动应用以及网络和电信行业的客户提供全方位服务。在中国市场,我们的SPINORFLASH市场占有率较高,同时也是全球排名前三的供应商之一,累计出货量超130亿颗,年出货量超28亿颗;我们的MCU作为中国32位通用MCU领域的主流产品,以24个系列350余款产品选择,覆盖率稳居市场前列,并且累计出货量已超过4亿颗。我们的触控和指纹识别芯片广泛应用在国内外知名移动终端厂商,是国内仅有的两家的可量产供货的光学指纹芯片供应商。公司在质量管理方面有严格的标准与要求,已获得ISO9001、ISO14001等国际质量体系认证,同时积极推进产业整合,拓展战略布局,在已有的微控制器、存储器基础上,布局物联网领域人机交互技术,并与全球多家领先晶圆厂、封装测试厂达成战略合作伙伴关系,通过加强产业上下游合作、优化供应链管理,共同推进半导体领域的技术创新。","微电子产品、计算机软硬件、计算机系统集成、电信设备、手持移动终端的研发;委托加工生产、销售自行研发的产品;技术转让、技术服务;货物进出口、技术进出口、代理进出口。(市场主体依法自主选择经营项目,开展经营活动;依法须经批准的项目,经相关部门批准后依批准的内容开展经营活动;不得从事国家和本市产业政策禁止和限制类项目的经营活动。)",www.gigadevice.com,https://emweb.securities.eastmoney.com/PC_HSF10/CompanySurvey/PageAjax?code=SH603986,2026-07-27,成功,,04_code/60gupiao.py与04_code/financialtest60.py中的硬编码名单,否（当前公司概况仅用于补齐基础信息）
688008,上游,澜起科技,澜起科技股份有限公司,上海证券交易所,电子设备-电子设备制造-电子设备制造,制造业-计算机、通信和其他电子设备制造业,"    澜起科技股份有限公司成立于2004年,是国际领先的数据处理及互连芯片设计公司,致力于为云计算和人工智能领域提供高性能、低功耗的芯片解决方案,目前公司拥有互连类芯片和津逮服务器平台两大产品线。
    作为科创板首批上市企业,澜起科技于2019年7月登陆上海证券交易所,股票代码为688008。公司总部设在上海,并在昆山、北京、西安、澳门及美国、韩国等地设有分支机构。","集成电路、线宽0.25微米及以下大规模集成电路、软件产品、新型电子元器件(片式元器件、敏感元器件及传感器、频率控制与选择元件、混合集成电路、电力电子器件、光电子器件)的设计、开发、批发、进出口、佣金代理(拍卖除外)并提供相关的配套服务。(不涉及国营贸易管理商品,涉及配额、许可管理的,按国家有关规定办理申请)【依法须经批准的项目,经相关部门批准后方可开展经营活动】",www.montage-tech.com/cn,https://emweb.securities.eastmoney.com/PC_HSF10/CompanySurvey/PageAjax?code=SH688008,2026-07-27,成功,,04_code/60gupiao.py与04_code/financialtest60.py中的硬编码名单,否（当前公司概况仅用于补齐基础信息）
688012,上游,中微公司,中微半导体设备(上海)股份有限公司,上海证券交易所,电子设备-半导体-集成电路,制造业-专用设备制造业,"    中微半导体设备(上海)股份有限公司(证券简称“中微公司”,证券代码“688012”)是一家以中国为基地、面向全球的微观加工高端设备公司,为集成电路和泛半导体行业提供极具竞争力的高端设备和高质量的服务。中微开发的等离子体刻蚀设备和化学薄膜设备是制造各种微观器件的关键设备,可加工微米级和纳米级的各种器件。这些微观器件是现代数码产业的基础,它们正在彻底改变人类的生产方式和生活方式。中微总部位于上海,聚焦亚洲,并为全球的客户提供技术和设备的解决方案。作为制造和创新的中心,中国和亚洲具有得天独厚的优势和高速成长的市场,而这使中微有无限广阔的发展前景。在中微员工的创新激情、多年的齐心奋斗和合作共赢的精神指引下,中微已经成为一家快速成长的微观加工设备公司,在技术创新、产品优化和市场准入方面取得了重大突破,赢得了众多客户和供应厂商的信任和支持,成为国际半导体微观加工设备产业极具竞争力的一颗新星。","研发、组装集成电路设备、泛半导体设备和其他微观加工设备及环保设备,包括配套设备和零配件,销售自产产品。提供技术咨询、技术服务。(不涉及国营贸易管理商品,涉及配额、许可证管理商品的,按照国家有关规定办理申请;依法须经批准的项目,经相关部门批准后方可开展经营活动。)",www.amec-inc.com,https://emweb.securities.eastmoney.com/PC_HSF10/CompanySurvey/PageAjax?code=SH688012,2026-07-27,成功,,04_code/60gupiao.py与04_code/financialtest60.py中的硬编码名单,否（当前公司概况仅用于补齐基础信息）
688023,中游,安恒信息,杭州安恒信息技术股份有限公司,上海证券交易所,信息技术-计算机软件-其他软件服务,信息传输、软件和信息技术服务业-软件和信息技术服务业,"    杭州安恒信息技术股份有限公司(简称:安恒信息)成立于2007年,于2019年11月5日正式登陆上交所科创板股票上市,股票代码:688023。自成立以来一直专注于网络信息安全领域,公司秉承“构建安全可信的数字世界”的企业使命,以数字经济的安全基石为企业定位,将“诚信正直、成就客户,责任至上,开放创新,以人为本,共同成长”作为企业的价值观,致力于成为全球领先的数字安全企业。","一般项目:网络与信息安全软件开发;信息安全设备制造;信息安全设备销售;安全咨询服务;信息系统集成服务;互联网安全服务;信息技术咨询服务;软件开发;技术服务、技术开发、技术咨询、技术交流、技术转让、技术推广;计算机软硬件及辅助设备批发;计算机软硬件及辅助设备零售;会议及展览服务;业务培训(不含教育培训、职业技能培训等需取得许可的培训);计算机软硬件及外围设备制造;电子产品销售;通讯设备销售;货物进出口;网络设备制造;网络设备销售;软件销售(除依法须经批准的项目外,凭营业执照依法自主开展经营活动)。许可项目:第一类增值电信业务;第二类增值电信业务;计算机信息系统安全专用产品销售(依法须经批准的项目,经相关部门批准后方可开展经营活动,具体经营项目以审批结果为准)。",www.dbappsecurity.com.cn,https://emweb.securities.eastmoney.com/PC_HSF10/CompanySurvey/PageAjax?code=SH688023,2026-07-27,成功,,04_code/60gupiao.py与04_code/financialtest60.py中的硬编码名单,否（当前公司概况仅用于补齐基础信息）
688041,上游,海光信息,海光信息技术股份有限公司,上海证券交易所,电子设备-半导体-集成电路,制造业-计算机、通信和其他电子设备制造业,"    海光信息技术股份有限公司成立于2014年,主要从事高端处理器、加速器等计算芯片产品和系统的研究、开发,目标成为世界一流的芯片企业,为数字中国提供核心计算引擎。作为国产先进微处理器产业的推动者,海光信息以务实的态度、创新的理念、先进的技术和可靠的产品,致力于促进我国信息产业核心竞争力的提升。海光处理器兼容市场主流的x86指令集,具有成熟而丰富的应用生态环境。海光处理器内置专用安全硬件,支持多种先进的漏洞防御技术,内置高性能的国密协处理器和密码指令集,支持可信计算的国内、国际标准,支持领先的机密计算技术,能够进行主动安全防御,通过了相关权威机构的安全测试,满足信息安全、数据要素安全流通的发展需求。面向企业计算、云计算数据中心、大数据分析、人工智能、边缘计算等众多领域,海光信息提供了多种形态的海光处理器芯片,满足互联网、电信、金融、交通、能源、中小企业等行业的广泛应用需求。未来,海光信息将根据客户的应用需求进一步优化处理器,采用先进半导体工艺研发更多具有市场竞争力的芯片产品。","集成电路、电子信息、软件技术开发、咨询、服务、转让;批发和零售业;计算机系统集成;物业管理;货物及技术进出口业务。(依法须经批准的项目,经相关部门批准后方可开展经营活动)",www.hygon.cn,https://emweb.securities.eastmoney.com/PC_HSF10/CompanySurvey/PageAjax?code=SH688041,2026-07-27,成功,,04_code/60gupiao.py与04_code/financialtest60.py中的硬编码名单,否（当前公司概况仅用于补齐基础信息）
688088,中游,虹软科技,虹软科技股份有限公司,上海证券交易所,信息技术-计算机软件-其他软件服务,信息传输、软件和信息技术服务业-软件和信息技术服务业,"    虹软科技股份有限公司(688088.SH)是计算机视觉行业领先的算法服务提供商及解决方案供应商。公司业务遍布全球,在杭州、上海、南京、深圳、台北、硅谷、东京、都柏林等地设有商业与研发基地。虹软始终致力于视觉前沿技术的研发和应用,坚持以技术创新为核心驱动力,在全球范围内为智能手机、智能汽车、IoT等智能设备提供一站式视觉解决方案。目前,公司主要客户包括三星、小米、OPPO、vivo、荣耀、Moto等全球知名手机厂商以及国内主要的自主品牌、部分合资及外资品牌汽车主机厂商。作为全球技术的赋能者,虹软汇聚了众多视觉领域专家,吸引和培养了来自国内外一流高校优秀人才。公司持续自我挑战并不断突破新的技术边界,在产业迭代的潮流中破浪前行,在成就客户的过程中创造价值。","计算机软硬件的技术开发、技术咨询、技术服务、销售,计算机信息系统集成,进出口业务,计算机软件的生产。(依法须经批准的项目,经相关部门批准后方可开展经营活动)",www.arcsoft.com.cn,https://emweb.securities.eastmoney.com/PC_HSF10/CompanySurvey/PageAjax?code=SH688088,2026-07-27,成功,,04_code/60gupiao.py与04_code/financialtest60.py中的硬编码名单,否（当前公司概况仅用于补齐基础信息）
688111,中游,金山办公,北京金山办公软件股份有限公司,上海证券交易所,信息技术-计算机软件-基础软件,信息传输、软件和信息技术服务业-软件和信息技术服务业,"    北京金山办公软件股份有限公司(688111.SH)是全球知名的办公软件产品和服务提供商,于2019年11月18日在上海证券交易所上市。金山办公旗下核心产品包括全新升级的WPSOffice、面向组织和企业的办公新质生产力平台WPS365,以及智能办公助手WPSAI。致力于提供高效可靠、轻松愉悦的办公体验,为智慧的表达与传递搭建高效平台。","一般项目:货物进出口;技术进出口;计算机软硬件及辅助设备批发;通信设备销售;软件开发;广告发布;广告设计、代理;广告制作;信息系统集成服务;技术服务、技术开发、技术咨询、技术交流、技术转让、技术推广;软件销售。(除依法须经批准的项目外,凭营业执照依法自主开展经营活动)许可项目:出版物批发;互联网信息服务;第二类增值电信业务。(依法须经批准的项目,经相关部门批准后方可开展经营活动,具体经营项目以相关部门批准文件或许可证件为准)(不得从事国家和本市产业政策禁止和限制类项目的经营活动。)",www.wps.cn,https://emweb.securities.eastmoney.com/PC_HSF10/CompanySurvey/PageAjax?code=SH688111,2026-07-27,成功,,04_code/60gupiao.py与04_code/financialtest60.py中的硬编码名单,否（当前公司概况仅用于补齐基础信息）
688228,下游,开普云,开普云信息科技股份有限公司,上海证券交易所,信息技术-计算机软件-其他软件服务,信息传输、软件和信息技术服务业-软件和信息技术服务业,"    开普云信息科技股份有限公司(股票代码:688228.SH),AGI时代全栈AI产品服务提供商。公司创立于2000年,秉承“以未来科技,筑数字世界”的使命,围绕数和智,矢志不渝推动创新,是数字中国建设的全程参与者和努力贡献者。开普云自成立以来,累计服务了包括中办、国办、全国人大、中纪委、中央政法委、最高检、国家发改委、新华社、中投、中石油、国家电网等2100多家政府、媒体和企业客户。其中,政务大数据业务覆盖了80%以上的省级政府、60%以上的中直机关和国务院组成部门、60%以上的市级政府。近年来,开普云聚焦“AI算力+大模型+智慧应用”的核心战略,凭借在人工智能领域的深厚积淀和前瞻布局,成功研发出开悟行业大模型、开悟大模型智能应用中台、开悟大模型运营管理系统(LLMOps)等一系列创新产品。在此基础上,公司不断完善业务布局,强化算力底座与数据要素能力建设,成功推出开悟多模态内容生产平台、开悟大模型智能投放平台、AIGC内容安全风控平台(鸠摩智)、边缘计算型大模型一体机(开悟魔盒)、新一代数融平台、虚拟电厂智慧调控平台等产品,满足多元场景下的用户需求。在政务、能源、金融、教育、媒体等多个领域,开普云都实现了AI智慧应用的广泛落地,为行业数字化转型和智能化升级提供了有力支持。作为数字中国建设重要参与力量,开普云一贯重视“产学研管”多方联动,以信创大数据工作组组长单位身份积极参与数字中国相关标准建设,并与北京大学、华北电力大学合作成立联合实验室和研究中心,为国家培养数字化人才,推动数字中国和数智化转型的前沿研究及落地应用。公司恪守“客户为先,至诚为本,拼搏奋斗,创新卓越”的价值观,以智能科技为引擎,持续丰富产品能力并拓展智慧应用场景的边界,推动AI在各行业多元化场景的应用落地,促进数字技术和实体经济深度融合,为社会创造更多价值。","电子商务应用、网络工程、软件及网络系统集成开发;网络技术咨询服务;自营和代理各类商品和技术的进出口,但国家限定公司经营或禁止进出口的商品和技术除外。(依法须经批准的项目,经相关部门批准后方可开展经营活动)",www.kaipuyun.cn,https://emweb.securities.eastmoney.com/PC_HSF10/CompanySurvey/PageAjax?code=SH688228,2026-07-27,成功,,04_code/60gupiao.py与04_code/financialtest60.py中的硬编码名单,否（当前公司概况仅用于补齐基础信息）
688256,上游,寒武纪,中科寒武纪科技股份有限公司,上海证券交易所,电子设备-半导体-集成电路,信息传输、软件和信息技术服务业-软件和信息技术服务业,"    中科寒武纪科技股份有限公司成立于2016年,专注于人工智能芯片产品的研发与技术创新,致力于打造人工智能领域的核心处理器芯片,让机器更好地理解和服务人类。寒武纪提供云边端一体、软硬件协同、训练推理融合、具备统一生态的系列化智能芯片产品和平台化基础系统软件。寒武纪产品广泛应用于服务器厂商和产业公司,面向互联网、金融、交通、能源、电力和制造等领域的复杂AI应用场景提供充裕算力,推动人工智能赋能产业升级。","技术开发、技术推广、技术转让、技术咨询、技术服务;技术进出口、货物进出口;计算机系统服务;软件开发;销售计算机软件及辅助设备。(企业依法自主选择经营项目,开展经营活动;依法须经批准的项目,经相关部门批准后依批准的内容开展经营活动;不得从事本市产业政策禁止和限制类项目的经营活动。)",www.cambricon.com,https://emweb.securities.eastmoney.com/PC_HSF10/CompanySurvey/PageAjax?code=SH688256,2026-07-27,成功,,04_code/60gupiao.py与04_code/financialtest60.py中的硬编码名单,否（当前公司概况仅用于补齐基础信息）
688327,中游,云从科技,云从科技集团股份有限公司,上海证券交易所,信息技术-计算机软件-其他软件服务,信息传输、软件和信息技术服务业-软件和信息技术服务业,"    云从科技集团股份有限公司成立于2015年,是第一家在科创板成功上市的人工智能平台公司,股票代码为688327。公司通过像人一样思考和工作的人机协同操作系统(CWOS),基于数据要素进行整合视觉、语音、NLP等多个领域大模型的实践,致力打通数字世界和物理世界。同时,公司通过开放的人机协同操作系统实现技术平台化,为智慧金融、智慧城市、智慧治理、智慧商业、AIGC等领域提供信息化、数字化和智能化的人工智能服务与行业解决方案。",计算机系统服务;人工智能行业应用系统集成服务;人工智能通用应用系统;人工智能基础资源与技术平台;人工智能公共数据平台;人工智能公共服务平台技术咨询服务;集成电路设计;数字文化创意软件开发;人工智能理论与算法软件开发;网络与信息安全软件开发;人工智能应用软件开发;人工智能基础软件开发;软件开发;数据处理和存储支持服务;物联网技术服务;网络技术服务;5G通信技术服务;信息系统集成服务;智能机器人的研发;广告设计、代理;广告发布(非广播电台、电视台、报刊出版单位);广告制作;智能机器人销售;信息咨询服务(不含许可类信息咨询服务);计算机软硬件及辅助设备零售;人工智能硬件销售;人工智能双创服务平台;计算机软硬件及外围设备制造;工业控制计算机及系统制造;计算机软硬件及辅助设备批发;工业控制计算机及系统销售;计算机及通讯设备租赁;计算机及办公设备维修;物联网设备销售;物联网技术研发;通信设备制造;互联网设备制造;网络设备制造;终端测试设备制造;终端计量设备制造;云计算设备制造;物联网设备制造;数字视频监控系统制造;数字视频监控系统销售;安全系统监控服务;电子(气)物理设备及其他电子设备制造;城市轨道交通设备制造;工程管理服务;工程技术服务(规划管理、勘察、设计、监理除外);物联网应用服务;机械设备租赁;办公设备租赁服务;技术进出口;计算机信息系统安全专用产品销售;货物进出口;建筑智能化工程施工;建筑智能化系统设计;房屋建筑和市政基础设施项目工程总承包;建筑劳务分包;第一类增值电信业务;第二类增值电信业务。,www.cloudwalk.com,https://emweb.securities.eastmoney.com/PC_HSF10/CompanySurvey/PageAjax?code=SH688327,2026-07-27,成功,,04_code/60gupiao.py与04_code/financialtest60.py中的硬编码名单,否（当前公司概况仅用于补齐基础信息）
688369,下游,致远互联,北京致远互联软件股份有限公司,上海证券交易所,信息技术-计算机软件-行业应用软件,信息传输、软件和信息技术服务业-软件和信息技术服务业,"    北京致远互联软件股份有限公司2002年成立,总部设在北京,在北京、成都有两大研发基地,是一家集产品设计、研发、销售与服务于一体的高新技术企业。为客户提供专业的协同运营管理产品、解决方案、平台及云服务。2019年10月31日在科创板上市。致远互联从OA(协同办公)到协同业务再到AI-COP(数智化协同运营平台),构筑一体化数智运营新基座,提供可组装、自生长的数智化能力,并通过“平台+生态”模式提供一站式解决方案,与华为、百度、联通、京东、钉钉等头部生态厂商建立战略合作。目前全国有60+分支机构,服务超5万家中大型政企客户,服务客户包括贵州省政府、中国石油、中国建筑、中国南水北调、中国中车、中林集团、顺丰等众多政务、央国企及行业头部企业。","一般项目:技术服务、技术开发、技术咨询、技术交流、技术转让、技术推广;人工智能基础软件开发;网络与信息安全软件开发;软件开发;人工智能应用软件开发;软件销售;软件外包服务;人工智能理论与算法软件开发;计算机软硬件及辅助设备零售;信息系统集成服务;信息技术咨询服务;计算机系统服务;电子产品销售;机械设备销售;非居住房地产租赁;货物进出口;技术进出口。(除依法须经批准的项目外,凭营业执照依法自主开展经营活动)许可项目:第一类增值电信业务;第二类增值电信业务。(依法须经批准的项目,经相关部门批准后方可开展经营活动,具体经营项目以相关部门批准文件或许可证件为准)(不得从事国家和本市产业政策禁止和限制类项目的经营活动)。",www.seeyon.com,https://emweb.securities.eastmoney.com/PC_HSF10/CompanySurvey/PageAjax?code=SH688369,2026-07-27,成功,,04_code/60gupiao.py与04_code/financialtest60.py中的硬编码名单,否（当前公司概况仅用于补齐基础信息）
688981,上游,中芯国际,中芯国际集成电路制造有限公司,上海证券交易所,电子设备-半导体-集成电路,制造业-计算机、通信和其他电子设备制造业,"    中芯国际集成电路制造有限公司(证券代码:00981.HK/688981.SH)是世界领先的集成电路晶圆代工企业之一,也是中国大陆集成电路制造业领导者,拥有领先的工艺制造能力、产能优势、服务配套,向全球客户提供8英寸和12英寸晶圆代工与技术服务。中芯国际总部位于中国上海,拥有全球化的制造和服务基地,在上海、北京、天津、深圳建有多座8英寸和12英寸晶圆厂。中芯国际还在美国、欧洲、日本和中国台湾设立营销办事处、提供客户服务。","中芯国际是全球领先的集成电路晶圆代工企业之一,也是中国大陆技术最先进、规模最大、配套服务最完善、跨国经营的专业晶圆代工企业,主要为客户提供0.35微米至14纳米多种技术节点、不同工艺平台的集成电路晶圆代工及配套服务。在逻辑工艺领域,中芯国际是中国大陆第一家实现14纳米FinFET量产的集成电路晶圆代工企业,代表中国大陆自主研发集成电路制造技术的最先进水平;在特色工艺领域,中芯国际陆续推出中国大陆最先进的24纳米NAND、40纳米高性能图像传感器等特色工艺,与各领域的龙头公司合作,实现在特殊存储器、高性能图像传感器等细分市场的持续增长。除集成电路晶圆代工外,中芯国际亦致力于打造平台式的生态服务模式,为客户提供设计服务与IP支持、光掩模制造、凸块加工及测试等一站式配套服务,并促进集成电路产业链的上下游合作,与产业链各环节的合作伙伴一同为客户提供全方位的集成电路解决方案。中芯国际拥有立足中国的制造基地与辐射全球的服务网络。公司在中国上海、北京、天津和深圳拥有多个8英寸和12英寸生产基地,为境内外客户提供高品质的服务。截至2019年末,上述生产基地的产能合计达每月45万片晶圆(约当8英寸)。除中国大陆外,公司亦在美国、欧洲、日本和中国台湾设立了市场推广办公室,在中国香港设立了代表处,为全球客户提供优质的服务。中芯国际依靠卓越的研发技术实力、强大的生产制造能力、完善的配套服务体系、丰富的市场实践经验,形成了明显的品牌效应,获得了良好的行业认知度,积累了广泛的境内外客户资源。公司与近半数的2018年世界前50名知名集成电路设计公司和系统厂商开展了深度合作,持续赢得客户的肯定和赞誉。未来,公司将继续坚持国际化战略,加强技术研发,巩固发展优势,提升生产制造能力,致力于“成为优质、创新、值得信赖的国际一流集成电路制造企业”。",www.smics.com,https://emweb.securities.eastmoney.com/PC_HSF10/CompanySurvey/PageAjax?code=SH688981,2026-07-27,成功,,04_code/60gupiao.py与04_code/financialtest60.py中的硬编码名单,否（当前公司概况仅用于补齐基础信息）
